place_id,place_type,name,latitude,longitude,road_address,jibun_address
MKT000001,MARKET,성정시장,36.81267105,127.1392027,충청남도 천안시 서북구 양지21길 31,충청남도 천안시 서북구 성정동 736-7
MKT000002,MARKET,일동전통시장,37.95978103,127.3194792,경기도 포천시 일동면 화동로 1090-14,경기도 포천시 일동면 기산리 94-10
MKT000003,MARKET,운천전통시장,38.0899666,127.2722253,경기도 포천시 영북면 영북로 177번길 25,경기도 포천시 영북면 운천리 513-15
MKT000004,MARKET,통복시장,36.99782533,127.0850763,경기도 평택시 통복시장로25번길 10,경기도 평택시 통복동 70-29
MKT000005,MARKET,송탄시장,37.08146214,127.0567273,경기도 평택시 탄현로346번길 38,경기도 평택시 지산동 754-28
MKT000006,MARKET,안중시장,36.98766055,126.9276616,경기도 평택시 안중읍 안현로서3길 34,경기도 평택시 안중읍 안중리 269-3
MKT000007,MARKET,평택국제중앙시장,37.07987834,127.0521939,경기도 평택시 중앙시장로 16,경기도 평택시 신장동 317-70
MKT000008,MARKET,서정리시장,37.05742213,127.0555064,경기도 평택시 서정역로 37,경기도 평택시 서정동 328-35
MKT000009,MARKET,봉일천시장,37.74353235,126.8078457,경기도 파주시 조리읍 봉천로 33-1,경기도 파주시 조리읍 봉일천리 168-4
MKT000010,MARKET,전주신중앙시장(신중앙시장),35.8241473,127.1434872,전북특별차치도 전주시 완산구 태평5길 33,전북특별차치도 전주시 완산구 태평동 41-5
MKT000011,MARKET,모래내시장(전주),35.833574,127.1438694,전북특별차치도 전주시 덕진구 모래내4길 8-8,전북특별차치도 전주시 덕진구 인후동2가 203-10
MKT000012,MARKET,금촌명동로시장,37.76330134,126.773362,경기도 파주시 명동길 53,경기도 파주시 금촌동 323-1
MKT000013,MARKET,금촌문화로시장,37.76225007,126.7748519,경기도 파주시 문화로 89-1,경기도 파주시 금촌동 66-4
MKT000014,MARKET,석바위시장,37.46015327,126.6927408,인천광역시 미추홀구 경인로 485번길 17-1,인천광역시 미추홀구 주안동 922-6
MKT000015,MARKET,용현시장,37.45756673,126.6503669,인천광역시 미추홀구 용삼길 13,인천광역시 미추홀구 용현동 459-92
MKT000016,MARKET,장호원전통시장,37.11809055,127.631251,경기도 이천시 장호원읍 장감로77번길 14,경기도 이천시 장호원읍 장호원리 350
MKT000017,MARKET,사기막골도자기시장,37.29483104,127.4119796,경기도 이천시 경충대로2993번길 24,경기도 이천시 사음동 536
MKT000018,MARKET,관고전통시장,37.2808079,127.4403637,경기도 이천시 중리천로 31번길 22,경기도 이천시 관고동 10-13
MKT000019,MARKET,의정부제일시장,37.74011951,127.0500672,경기도 의정부시 태평로 73번길 20,경기도 의정부시 의정부동 160
MKT000020,MARKET,의정부청과야채시장,37.7389705273209,127.052296568807,경기도 의정부시 시민로 157번길,
MKT000021,MARKET,의정부시장,37.73944331,127.0511786,경기도 의정부시 시민로143번길 40,경기도 의정부시 의정부동 148-5
MKT000022,MARKET,의왕도깨비시장,37.3194783,126.9507208,경기도 의왕시 부곡시장길 18,경기도 의왕시 삼동 192-554
MKT000023,MARKET,신정상가시장,35.54197244,129.3090699,울산광역시 남구 중앙로241번길 14-1,울산광역시 남구 신정동 634-10
MKT000024,MARKET,죽전로데오상점가시장,37.32876491,127.1080484,경기도 용인시 수지구 용구대로 2725-1,경기도 용인시 수지구 죽전동 1003-53
MKT000025,MARKET,오색시장,37.15133204,127.0709405,경기도 오산시 오산로 272번길 21,경기도 오산시 오산동 853-27
MKT000026,MARKET,전곡전통시장,38.02715221,127.0681662,경기도 연천군 전곡읍 전곡로172번길 4-15,경기도 연천군 전곡읍 전곡리 479-30
MKT000027,MARKET,여주한글시장(여주중앙로상점가),37.29755162,127.6342927,경기도 여주시 세종로14번길 24-1,경기도 여주시 하동 268-4
MKT000028,MARKET,용문천년시장,37.48396864,127.5947554,경기도 양평군 용문면 용문시장2길 11,경기도 양평군 용문면 다문리 307-5
MKT000029,MARKET,상계중앙시장,37.65994072,127.0698633,서울특별시 노원구 상계로 27길 32,서울특별시 노원구 상계동 389-641
MKT000030,MARKET,양수리전통시장(양평양수리시장),37.54506648,127.3197944,경기도 양평군 양서면 양수로150번길 3-15,경기도 양평군 양서면 양수리 556-3
MKT000031,MARKET,기장시장,35.24369155,129.2148692,부산광역시 기장군 기장읍 읍내로104번길 16,부산광역시 기장군 기장읍 대라리 72-1
MKT000032,MARKET,중부농수산물시장,37.39590837,126.9256223,경기도 안양시 만안구 안양로248번길23,경기도 안양시 만안구 안양동 622-337
MKT000033,MARKET,안양중앙인정시장,37.39648106,126.9195685,경기도 안양시 만안구 냉천로185번길 8,경기도 안양시 만안구 안양동 711-280
MKT000034,MARKET,육동시장,37.39058613,126.9302236,경기도 안양시 만안구 수리산로 47번길 38,경기도 안양시 만안구 안양동 434-3
MKT000035,MARKET,석수시장,37.4128602,126.9079728,경기도 안양시 만안구 석천로 171번길 20,경기도 안양시 만안구 석수동 287
MKT000036,MARKET,왜관시장,35.9951519,128.39825,경상북도 칠곡군 왜관읍 시장2길 9,경상북도 칠곡군 왜관읍 왜관리 211-187
MKT000037,MARKET,중앙시장,37.39757136,126.919669,경기도 안양시 만안구 냉천로 196,경기도 안양시 만안구 안양동 676-44
MKT000038,MARKET,안양남부시장,37.39593498,126.924956,경기도 안양시 만안구 장내로 140번길 51,경기도 안양시 만안구 안양동 622-378
MKT000039,MARKET,안양호계종합시장,37.37338078,126.9582499,경기도 안양시 동안구 흥안대로133번길 59-2,경기도 안양시 동안구 호계동 995-10
MKT000040,MARKET,안양관양시장,37.4052233,126.9593052,경기도 안양시 동안구 관평로 336번길 31,경기도 안양시 동안구 관양동 1407-8
MKT000041,MARKET,죽산시장,37.07598943,127.4233876,경기도 안성시 죽산면 중서길 8-9,경기도 안성시 죽산면 죽산리 439-3
MKT000042,MARKET,일죽시장,37.09336892,127.4784203,경기도 안성시 일죽면 금일로 467,경기도 안성시 일죽면 송천리 15-18
MKT000043,MARKET,중앙시장,37.00656227,127.2687966,경기도 안성시 장기로45번길 30,경기도 안성시 서인동 81
MKT000044,MARKET,안성맞춤시장,37.00663081,127.2703585,경기도 안성시 시장길 37,경기도 안성시 서인동 13-1
MKT000045,MARKET,안산 다농마트 전통시장,37.32836033,126.8442469,경기도 안산시 상록구 예술광장로 1,경기도 안산시 상록구 월피동 445
MKT000046,MARKET,안산패션타운전통시장,37.30497907,126.8446674,경기도 안산시 상록구 삼리로 45,경기도 안산시 상록구 사동 1530
MKT000047,MARKET,월드프라자,37.30056356,126.8664563,경기도 안산시 상록구 본삼로 60,경기도 안산시 상록구 본오동 872
MKT000048,MARKET,신안프라자전통시장,37.29647214,126.8658207,경기도 안산시 상록구 반석로 54,경기도 안산시 상록구 본오동 871
MKT000049,MARKET,황금시장,36.11666261,128.1252827,경상북도 김천시 황금시장4길20,경상북도 김천시 황금동 31-1
MKT000050,MARKET,스타프라자전통시장,37.32081031,126.8447251,경기도 안산시 상록구 화랑로 513,경기도 안산시 상록구 성포동 583
MKT000051,MARKET,제주시서문공설시장,33.51134646,126.5179035,제주특별자치도 제주시 서문로4길 13-2,제주특별자치도 제주시 용담일동 135-9
MKT000052,MARKET,연풍전통시장,36.76472468,127.9951005,충청북도 괴산군 연풍면 향교로홍문길 5,충청북도 괴산군 연풍면 삼풍리 205-3
MKT000053,MARKET,목도재래시장,36.87204755,127.8530473,충청북도 괴산군 불정면 목도로4길 11,충청북도 괴산군 불정면 목도리 299-3
MKT000054,MARKET,전주남부시장,35.81278651,127.1475386,전북특별차치도 전주시 완산구 풍남문1길 19-3,전북특별차치도 전주시 완산구 전동 295-4
MKT000055,MARKET,홍성전통시장,36.60214738,126.6680243,충청남도 홍성군 홍성읍 홍성천길 242,충청남도 홍성군 홍성읍 대교리 400-1
MKT000056,MARKET,홍성상설시장,36.59973826,126.6637095,충청남도 홍성군 홍성읍 아문길 60,충청남도 홍성군 홍성읍 오관리 397-6
MKT000057,MARKET,광천문화시장,36.50232616,126.6250081,충청남도 홍성군 광천읍 광천로323번길 15-1,충청남도 홍성군 광천읍 광천리 185-27
MKT000058,MARKET,광천전통시장,36.4998307,126.6252434,충청남도 홍성군 광천읍 광천로 285,충청남도 홍성군 광천읍 광천리 230-32
MKT000059,MARKET,갈산전통시장,36.6036997,126.5505509,충청남도 홍성군 갈산면 상촌로 29,충청남도 홍성군 갈산면 상촌리 240-16
MKT000060,MARKET,태안서부시장,36.75299449,126.2968375,충청남도 태안군 태안읍 시장2길 32-7 (남문3리마을회관),충청남도 태안군 태안읍 남문리 164
MKT000061,MARKET,안면도수산시장(안면도장터),36.51635222,126.3460071,충청남도 태안군 안면읍 장터로 104,충청남도 태안군 안면읍 승언리 1249
MKT000062,MARKET,태안동부시장(태안특산물전통시장),36.78114144,126.4582001,충청남도 서산시 시장4길 32,충청남도 서산시 동문동 288-3
MKT000063,MARKET,정산시장,36.41059786,126.9480121,충청남도 청양군 정산면 정현길 54,충청남도 청양군 정산면 서정리 163
MKT000064,MARKET,청양전통시장,36.45048364,126.8018476,충청남도 청양군 청양읍 칠갑산로6길 6,충청남도 청양군 청양읍 읍내리 178-4
MKT000065,MARKET,북부시장,35.94821919,126.9565852,전북특별차치도 익산시 인북로 219,전북특별차치도 익산시 남중동 72-7
MKT000066,MARKET,봉동시장,35.93871982,127.1670778,전북특별차치도 완주군 봉동읍 봉동동서로 134-5,전북특별차치도 완주군 봉동읍 장기리 217-13
MKT000067,MARKET,병천시장,36.76242111,127.2981701,충청남도 천안시 동남구 병천면 아우내장터1길 46,충청남도 천안시 동남구 병천면 병천리 163-2
MKT000068,MARKET,천안중앙시장(구 남산중앙시장),36.80032317,127.1484498,충청남도 천안시 동남구 사직2길 19 (남산중앙시장상인회),충청남도 천안시 동남구 사직동 263
MKT000069,MARKET,천안역전시장,36.81006288,127.1498779,충청남도 천안시 동남구 공설시장2길 15,충청남도 천안시 동남구 대흥동 10-12
MKT000070,MARKET,삽교시장,36.68742244,126.7410344,충청남도 예산군 삽교읍 두리3길 50-6,충청남도 예산군 삽교읍 두리 568-62
MKT000071,MARKET,예산시장,36.67723471,126.8494508,충청남도 예산군 예산읍 형제고개로 967,충청남도 예산군 예산읍 예산리 333-1
MKT000072,MARKET,예산상설시장,36.67723471,126.8494508,충청남도 예산군 예산읍 예산시장길 2,충청남도 예산군 예산읍 예산리 333-1
MKT000073,MARKET,역전시장,36.68704166,126.829854,충청남도 예산군 예산읍 역전로 84,충청남도 예산군 예산읍 산성리 356-7
MKT000074,MARKET,덕산시장,36.70498477,126.6681533,충청남도 예산군 덕산면 읍내서길 2-1,충청남도 예산군 덕산면 읍내리 356-4
MKT000075,MARKET,광시시장,36.54911162,126.7744446,충청남도 예산군 광시면 예당로 165-22,충청남도 예산군 광시면 광시리 87-1
MKT000076,MARKET,안산시시민시장,37.32536495,126.8050908,경기도 안산시 단원구 화랑로 149,경기도 안산시 단원구 초지동 604-4
MKT000077,MARKET,안강공설시장,35.99030205,129.2217127,경상북도 경주시 안강읍 비화중로 3길 26-3,경상북도 경주시 안강읍 양월리 1350-1
MKT000078,MARKET,궁평항해오름수산시장,37.11602674,126.6812763,경기도 화성시 서신면 궁평항로 1049-24,경기도 화성시 서신면 궁평리 689
MKT000079,MARKET,오이도전통수산시장,37.34588337,126.6882074,경기도 시흥시 오이도로 167 173,경기도 시흥시 정왕동 2003-8 2003-12
MKT000080,MARKET,정왕시장,37.34580179,126.748564,경기도 시흥시 정왕시장길 51,경기도 시흥시 정왕동 1203
MKT000081,MARKET,시흥삼미시장,37.44040657,126.7838201,경기도 시흥시 삼미시장2길 35,경기도 시흥시 신천동 738-4
MKT000082,MARKET,도일시장,37.33934833,126.7839859,경기도 안산시 단원구 도일로 100,경기도 안산시 단원구 신길동 3-6
MKT000083,MARKET,팔달문시장,37.27685014,127.0178829,경기도 수원시 팔달구 정조로770번길 17,경기도 수원시 팔달구 영동 6-14
MKT000084,MARKET,역전시장,37.26630163,127.0023389,경기도 수원시 팔달구 매산로 2-10,경기도 수원시 팔달구 매산로1가 57-3
MKT000085,MARKET,남문패션1번가시장,37.27562469,127.0181081,경기도 수원시 팔달구 정조로758번길 24,경기도 수원시 팔달구 영동 43-5
MKT000086,MARKET,못골종합시장,37.27618303,127.0200138,경기도 수원시 팔달구 수원천로 254,경기도 수원시 팔달구 지동 415
MKT000087,MARKET,남문로데오시장,37.27463391,127.0155146,경기도 수원시 팔달구 행궁로 88,경기도 수원시 팔달구 교동 3-6
MKT000088,MARKET,구천동공구상가시장,37.27211975,127.0173519,경기도 수원시 팔달구 수원천로199번길 5,경기도 수원시 팔달구 구천동 86-1
MKT000089,MARKET,매산시장,37.26457025,127.0033483,경기도 수원시 팔달구 권선로 477,경기도 수원시 팔달구 매산로2가 90
MKT000090,MARKET,미나리광시장,37.27727335,127.0196307,경기도 수원시 팔달구 수원천로 266-4,경기도 수원시 팔달구 지동 400-12
MKT000091,MARKET,화서시장,37.27858147,127.0020973,경기도 수원시 팔달구 동말로 72,경기도 수원시 팔달구 화서동 97-1
MKT000092,MARKET,지동시장,37.27788606,127.0196309,경기도 수원시 팔달구 팔달문로 19,경기도 수원시 팔달구 지동 402-2
MKT000093,MARKET,영동시장,37.27681569,127.0186497,경기도 수원시 팔달구 수원천로255번길 6,경기도 수원시 팔달구 영동 8
MKT000094,MARKET,시민상가시장,37.27667892,127.0179844,경기도 수원시 팔달구 팔달문로4번길 19,경기도 수원시 팔달구 영동 10-18
MKT000095,MARKET,북수원시장,37.30704501,126.992183,경기도 수원시 장안구 파장로82번길 9,경기도 수원시 장안구 파장동 572-35
MKT000096,MARKET,조원시장,37.30078207,127.0153395,경기도 수원시 장안구 조원로89번길 8,경기도 수원시 장안구 조원동 743-7
MKT000097,MARKET,반딧불이연무시장,37.29395937,127.0259733,경기도 수원시 장안구 월드컵로428번길 10,경기도 수원시 장안구 연무동 249
MKT000098,MARKET,장안문거북시장,37.29315046,127.0139733,경기도 수원시 장안구 수성로382번길 24,경기도 수원시 장안구 영화동 250-1
MKT000099,MARKET,정자시장,37.29069027,127.0008813,경기도 수원시 장안구 수성로261번길 16,경기도 수원시 장안구 정자동 73-10
MKT000100,MARKET,구매탄시장,37.27260017,127.0419199,경기도 수원시 영통구 매여울로53번길 50-1,경기도 수원시 영통구 매탄동 172-72
MKT000101,MARKET,권선종합시장,37.25609894,127.0245738,경기도 수원시 권선구 세권로 185,경기도 수원시 권선구 권선동 1051
MKT000102,MARKET,모란가축시장,37.4303345,127.1288817,경기도 성남시 중원구 성남대로 1127,경기도 성남시 중원구 성남동 4182
MKT000103,MARKET,은행시장,37.45758204,127.164475,경기도 성남시 중원구 산성대로 526,경기도 성남시 중원구 은행동 1553
MKT000104,MARKET,모란종합시장,37.4303345,127.1288817,경기도 성남시 중원구 성남대로 1127,경기도 성남시 중원구 성남동 4182
MKT000105,MARKET,용인중앙시장,37.23671682,127.2078548,경기도 용인시 처인구 금령로107번길 13,경기도 용인시 처인구 김량장동 137-1
MKT000106,MARKET,금광시장,37.45003783,127.159904,경기도 성남시 중원구 산성대로426번길 5,경기도 성남시 중원구 금광동 4622
MKT000107,MARKET,모란전통기름시장,37.4309121,127.1280127,경기도 성남시 중원구 둔촌대로 83번길 7,경기도 성남시 중원구 성남동 4222
MKT000108,MARKET,시화공구상가,37.33771151,126.7247015,경기도 시흥시 공단1대로 204,경기도 시흥시 정왕동 1364
MKT000109,MARKET,상대원시장,37.43597453,127.158778,경기도 성남시 중원구 희망로344번길 6,경기도 성남시 중원구 상대원동 2985-1
MKT000110,MARKET,하대원공설시장,37.42740887,127.1422648,경기도 성남시 중원구 마지로 118,경기도 성남시 중원구 하대원동 266-1
MKT000111,MARKET,현대시장,37.4417019,127.1319748,경기도 성남시 수정구 수정북로18,경기도 성남시 수정구 태평동 3683
MKT000112,MARKET,중앙공설시장,37.44139541,127.1321099,경기도 성남시 수정구 수정로 109,경기도 성남시 수정구 태평동 3681
MKT000113,MARKET,코코프라자시장,37.38586536,127.1240404,경기도 성남시 분당구 서현로210번길 20,경기도 성남시 분당구 서현동 248-5
MKT000114,MARKET,현대시장(분당),37.37970477,127.1301725,경기도 성남시 분당구 중앙공원로40번길 8,경기도 성남시 분당구 서현동 94
MKT000115,MARKET,정선아리랑시장,37.3803854,128.6652325,강원특별자치도 정선군 정선읍 봉양7길 39,강원특별자치도 정선군 정선읍 봉양리 349-20
MKT000116,MARKET,금호행복시장(금호시장),37.37665581,127.1162348,경기도 성남시 분당구 내정로 165번길 38,경기도 성남시 분당구 수내동 32
MKT000117,MARKET,미금현대벤처빌시장,37.34928693,127.1117684,경기도 성남시 분당구 돌마로90번길 8,경기도 성남시 분당구 구미동 26
MKT000118,MARKET,범한프라자시장,37.37163004,127.1394386,경기도 성남시 분당구 불정로376번길 37,경기도 성남시 분당구 서현동 312-3
MKT000119,MARKET,미래그린시장,37.37341572,127.1380307,경기도 성남시 분당구 불정로386번길 10 (효자촌미래타운아파트),경기도 성남시 분당구 서현동 307
MKT000120,MARKET,미래타운제2종합시장,37.37225503,127.1388863,경기도 성남시 분당구 불정로376번길 31,경기도 성남시 분당구 서현동 311
MKT000121,MARKET,분당우성시장,37.37818238,127.1323819,경기도 성남시 분당구 중앙공원로40번길 42,경기도 성남시 분당구 서현동 94-3
MKT000122,MARKET,동신종합시장,37.37062115,127.1229653,경기도 성남시 분당구 돌마로 361,경기도 성남시 분당구 수내동 63-2
MKT000123,MARKET,현대프라자시장,37.3699897,127.1236643,경기도 성남시 분당구 돌마로 364,경기도 성남시 분당구 수내동 79-2
MKT000124,MARKET,분당종합시장,37.36718424,127.1267528,경기도 성남시 분당구 돌마로 366번길 42,경기도 성남시 분당구 수내동 83-1
MKT000125,MARKET,코끼리시장,37.37314665,127.1204067,경기도 성남시 분당구 내정로 166번길 7-6,경기도 성남시 분당구 수내동 56
MKT000126,MARKET,돌고래시장,37.37153075,127.1221765,경기도 성남시 분당구 내정로174번길 42 (파크타운서안아파트),경기도 성남시 분당구 수내동 53
MKT000127,MARKET,제천고추시장,37.15643952,128.1750444,충청북도 제천시 바이오밸리로 212,충청북도 제천시 신월동 1138-1
MKT000128,MARKET,제천역전한마음시장,37.1289856,128.2064541,충청북도 제천시 내토로 28길 12,충청북도 제천시 화산동 208-9
MKT000129,MARKET,제천약초시장,37.12788708,128.219591,충청북도 제천시 원화산로 121,충청북도 제천시 화산동 987
MKT000130,MARKET,동문전통시장,37.13850912,128.2135267,충청북도 제천시 용두천로 125,충청북도 제천시 중앙로2가 117-1
MKT000131,MARKET,내토전통시장,37.1373583,128.2124054,충청북도 제천시 용두천로 11길 5,충청북도 제천시 중앙로1가 34-1
MKT000132,MARKET,음성시장,36.93816952,127.6921309,충청북도 음성군 음성읍 문화1길 14,충청북도 음성군 음성읍 읍내리 249-11
MKT000133,MARKET,단양구경시장(단양인정시장),36.9824892,128.3699866,충청북도 단양군 단양읍 도전5길 31,충청북도 단양군 단양읍 도전리 615
MKT000134,MARKET,박달재전통시장,37.13820858,128.02257,충청북도 제천시 백운면 평동로 4-8,충청북도 제천시 백운면 평동리 216-2
MKT000135,MARKET,청천전통시장,36.65914155,127.7378523,충청북도 괴산군 청천면 청천2길 10,충청북도 괴산군 청천면 청천리 62-11
MKT000136,MARKET,성환이화시장,36.91925493,127.1298906,충청남도 천안시 서북구 성환읍 종합시장길 17,충청남도 천안시 서북구 성환읍 성환리 449-1111
MKT000137,MARKET,삼성시장,37.01800836,127.4991966,충청북도 음성군 삼성면 대성로 608-2,충청북도 음성군 삼성면 덕정리 534-17
MKT000138,MARKET,대소시장,36.96654372,127.4850145,충청북도 음성군 대소면 오산로 36,충청북도 음성군 대소면 오산리 186-6
MKT000139,MARKET,무극시장,36.99267414,127.5960077,충청북도 음성군 금왕읍 무극로308번길 12-2,충청북도 음성군 금왕읍 무극리 77-17
MKT000140,MARKET,감곡시장,37.11822831,127.6391733,충청북도 음성군 감곡면 장감로 132번길 22,충청북도 음성군 감곡면 왕장리 525-8
MKT000141,MARKET,옥천공설시장,36.30251559,127.5679118,충청북도 옥천군 옥천읍 삼금로 5길 5-14,충청북도 옥천군 옥천읍 금구리 5-68
MKT000142,MARKET,옥천상가,36.302388,127.5682115,충청북도 옥천군 옥천읍 삼금로 45,충청북도 옥천군 옥천읍 금구리 5-7
MKT000143,MARKET,영동전통시장,36.17521123,127.7756379,,충청북도 영동군 영동읍 계산리 694-13
MKT000144,MARKET,영동중앙시장,36.17467013,127.7756992,,충청북도 영동군 영동읍 계산리 693-27
MKT000145,MARKET,회인재래시장,36.49052262,127.5978628,충청북도 보은군 회인면 회인로 34,충청북도 보은군 회인면 중앙리 59-15
MKT000146,MARKET,삼승원남시장(원남재래시장),36.39692314,127.7331366,충청북도 보은군 삼승면 삼승탄부로 12,충청북도 보은군 삼승면 원남리 191-1
MKT000147,MARKET,보은전통시장,36.48430017,127.7201103,충청북도 보은군 보은읍 삼산로 17-1,충청북도 보은군 보은읍 삼산리 139-20
MKT000148,MARKET,결초보은시장(구 보은종합시장),36.48291338,127.7193275,충청북도 보은군 보은읍 삼산로3길 12-1,충청북도 보은군 보은읍 삼산리 31-15
MKT000149,MARKET,마로관기시장(관기재래시장),36.43524115,127.8175958,충청북도 보은군 마로면 관기3길 6-7,충청북도 보은군 마로면 관기리 377-1
MKT000150,MARKET,매포전통시장(매포재래시장),37.03422177,128.2990703,충청북도 단양군 매포읍 평동24길 8,충청북도 단양군 매포읍 평동리 1139
MKT000151,MARKET,당진전통시장,36.88993159,126.6296051,충청남도 당진시 당진시장길 100,충청남도 당진시 읍내동 145-13
MKT000152,MARKET,괴산전통시장,36.81122141,127.795017,충청북도 괴산군 괴산읍 읍내로 15길8-8,충청북도 괴산군 괴산읍 동부리 560-1
MKT000153,MARKET,무주시장(반딧불장터),36.00464857,127.6535343,전북특별차치도 무주군 무주읍 장터로 2,전북특별차치도 무주군 무주읍 읍내리 1152
MKT000154,MARKET,여수서시장주변시장,34.74075239,127.7283238,전라남도 여수시 중앙로 3-2,전라남도 여수시 서교동 534-16
MKT000155,MARKET,부천제일시장,37.52795693,126.8097237,경기도 부천시 오정구 원종로85번길 84,경기도 부천시 오정구 원종동 296
MKT000156,MARKET,부평종합시장,37.49649796,126.7266075,인천광역시 부평구 부흥로316번길 38-3,인천광역시 부평구 부평동 360-1
MKT000157,MARKET,원미부흥시장,37.49203622,126.7898115,경기도 부천시 원미구 부천로96번길 80,경기도 부천시 원미구 원미동 119-4
MKT000158,MARKET,영천시장,37.57033385,126.961853,서울특별시 서대문구 통일로 189-1,서울특별시 서대문구 영천동 323
MKT000159,MARKET,오정시장,37.52597863,126.7857002,경기도 부천시 오정구 부천로470번길 50,경기도 부천시 오정구 오정동 582-30
MKT000160,MARKET,고리울동굴시장,37.52554379,126.8222757,경기도 부천시 오정구 고리울로64번길 36,경기도 부천시 오정구 고강동 398-5
MKT000161,MARKET,청과물시장,37.48158095,126.7779919,경기도 부천시 소사구 경인로206번길 43,경기도 부천시 소사구 심곡본동 659
MKT000162,MARKET,소사종합시장,37.4796637,126.7939615,경기도 부천시 소사구 호현로474번길 13-2,경기도 부천시 소사구 소사본동 78-12
MKT000163,MARKET,부천한신시장,37.47312039,126.7980266,경기도 부천시 소사구 은성로68번길 46,경기도 부천시 소사구 소사본동 200-1
MKT000164,MARKET,부천자유시장,37.48410744,126.7799517,경기도 부천시 소사구 자유로 33,경기도 부천시 소사구 심곡본동 543
MKT000165,MARKET,청량리수산시장,37.57807246,127.0409472,서울특별시 동대문구 고산자로34길 48,서울특별시 동대문구 용두동 20-1
MKT000166,MARKET,부천상동시장,37.49235745,126.7642776,경기도 부천시 원미구 석천로60번길 51,경기도 부천시 원미구 상동 236-5
MKT000167,MARKET,신흥시장,37.51533645,126.7705849,경기도 부천시 오정구 평천로 719,경기도 부천시 오정구 삼정동 314-13
MKT000168,MARKET,화곡본동시장,37.54286486,126.8441413,서울특별시 강서구 까치산로 35,서울특별시 강서구 화곡동 98-45
MKT000169,MARKET,문창전통시장,36.31551575,127.4381793,대전광역시 중구 보문로 20번길 22,대전광역시 중구 문창동 116-8
MKT000170,MARKET,세아프라자상가,37.90072388,127.0505851,경기도 동두천시 큰시장로 64,경기도 동두천시 생연동 809
MKT000171,MARKET,동두천큰시장,37.90048898,127.0520744,경기도 동두천시 큰시장로 52,경기도 동두천시 생연동 698-1
MKT000172,MARKET,중앙시장,37.90690295,127.0537505,경기도 동두천시 중앙로285번길 9,경기도 동두천시 생연동 607-27
MKT000173,MARKET,동두천제일시장,37.90517383,127.0522256,경기도 동두천시 정장로 11-12,경기도 동두천시 생연동 823-1
MKT000174,MARKET,남양주장현 전통시장,37.71761125,127.1808928,경기도 남양주시 진접읍 장현로 77,경기도 남양주시 진접읍 장현리 634-4
MKT000175,MARKET,양곡오라니장터시장,37.65616267,126.6237015,경기도 김포시 양촌읍 양곡1로56번길 13,경기도 김포시 양촌읍 양곡리 423
MKT000176,MARKET,양곡시장,37.65446014,126.6238008,경기도 김포시 양촌읍 양곡1로 42-2,경기도 김포시 양촌읍 양곡리 415-6
MKT000177,MARKET,통진시장,37.69129373,126.5997032,경기도 김포시 통진읍 서암로84번길 29,경기도 김포시 통진읍 서암리 721-8
MKT000178,MARKET,단촌정기시장,36.42254768,128.6739013,경상북도 의성군 단촌면 장터길15,경상북도 의성군 단촌면 하화리 1097-9
MKT000179,MARKET,하남수산물전통시장,37.54878774,127.1847843,경기도 하남시 하남대로 1043-17,경기도 하남시 풍산동 218-55
MKT000180,MARKET,구리전통시장,37.59953937,127.1399081,경기도 구리시 검배로 6번길 31,경기도 구리시 수택동 417
MKT000181,MARKET,신장전통시장,37.53844526,127.2059739,경기도 하남시 신장1로9번길 57-7,경기도 하남시 신장동 427-464
MKT000182,MARKET,광명전통시장,37.47994501,126.8561659,경기도 광명시 광이로13번길 17-5,경기도 광명시 광명동 158-44
MKT000183,MARKET,광명새마을시장,37.47365007,126.8513959,경기도 광명시 광명로 831,경기도 광명시 광명동 342-12
MKT000184,MARKET,제일쇼핑시장,37.42733209,126.9929952,경기도 과천시 별양상가 2로 14,경기도 과천시 별양동 1-13
MKT000185,MARKET,과천새서울프라자시장,37.42682749,126.9925547,경기도 과천시 별양상가 2로 20,경기도 과천시 별양동 1-18
MKT000186,MARKET,덕이동패션1번지,37.69302668,126.7557864,경기도 고양시 일산서구 탄중로101번길 13,경기도 고양시 일산서구 덕이동 384-1
MKT000187,MARKET,일산시장,37.68562383,126.7708323,경기도 고양시 일산서구 일청로 12번길 9,경기도 고양시 일산서구 일산동 617-20
MKT000188,MARKET,능곡시장,37.62134419,126.8207793,경기도 고양시 덕양구 능곡로 12,경기도 고양시 덕양구 토당동 347
MKT000189,MARKET,원당시장,37.65628119,126.8372523,경기도 고양시 덕양구 호국로 790번길 17,경기도 고양시 덕양구 성사동 697-14
MKT000190,MARKET,청평여울시장,37.73472058,127.4158569,경기도 가평군 청평면 시장중앙로19,경기도 가평군 청평면 청평리 81-2
MKT000191,MARKET,봉천제일종합시장,37.48125387,126.944419,서울특별시 관악구 청룡2길 29,서울특별시 관악구 봉천동 921-1
MKT000192,MARKET,설악눈메골시장,37.67738641,127.492189,경기도 가평군 설악면 신천중앙로 104-1,경기도 가평군 설악면 신천리 413-15
MKT000193,MARKET,횡성시장,37.48980622,127.9868107,,강원특별자치도 횡성군 횡성읍 읍상리 277-3
MKT000194,MARKET,화천시장,38.10390585,127.7064275,강원특별자치도 화천군 화천읍 중앙로 24,강원특별자치도 화천군 화천읍 하리 50-7
MKT000195,MARKET,홍천시장,37.6905533,127.8862031,강원특별자치도 홍천군 홍천읍 번영로 53,강원특별자치도 홍천군 홍천읍 신장대리 8-128
MKT000196,MARKET,홍천중앙시장,37.69108507,127.8861626,강원특별자치도 홍천군 홍천읍 홍천로 8길 17,강원특별자치도 홍천군 홍천읍 신장대리 5-3
MKT000197,MARKET,평창올림픽시장(평창전통시장),37.3672356,128.3947764,강원특별자치도 평창군 평창읍 평창중앙로 27-26,강원특별자치도 평창군 평창읍 하리 139-1
MKT000198,MARKET,진부전통시장,37.63821324,128.5579223,강원특별자치도 평창군 진부면 진부새싹길 28-7,강원특별자치도 평창군 진부면 하진부리 206-95
MKT000199,MARKET,양동건어물시장,35.15316871,126.9033339,광주광역시 서구 천변좌로 254번길 6,광주광역시 서구 양동 5-160
MKT000200,MARKET,평창대화시장,37.50118639,128.4546766,강원특별자치도 평창군 대화면 대화4길 20,강원특별자치도 평창군 대화면 대화리 1001-170
MKT000201,MARKET,황지자유시장,37.17307273,128.9929989,강원특별자치도 태백시 시장안1길 18-1,강원특별자치도 태백시 황지동 38-129
MKT000202,MARKET,장성중앙시장,37.10068146,129.0097148,강원특별자치도 태백시 장성1길 190 (장성시장),강원특별자치도 태백시 장성동 159-2
MKT000203,MARKET,춘천후평시장,37.88078864,127.7467911,강원특별자치도 춘천시 효평길 104,강원특별자치도 춘천시 후평동 691-22
MKT000204,MARKET,연원시장,36.98929115,127.9348022,충청북도 충주시 금곡로 31,충청북도 충주시 연수동 547-6
MKT000205,MARKET,연수상가,36.98746934,127.9315787,충청북도 충주시 번영대로 125,충청북도 충주시 연수동 924
MKT000206,MARKET,엄정내창시장,37.08614422,127.9163422,충청북도 충주시 엄정면 미내장터길 15,충청북도 충주시 엄정면 미내리 161-11
MKT000207,MARKET,"성서중심시장(성서시장,문화의거리 통합)",36.97133411,127.9323927,충청북도 충주시 성서8길 21,충청북도 충주시 성서동 178
MKT000208,MARKET,관아골상가,36.97012329,127.9351179,충청북도 충주시 관아4길 8,충청북도 충주시 성내동 429
MKT000209,MARKET,무학시장,36.97459102,127.9272665,충청북도 충주시 무학1길 19,충청북도 충주시 봉방동 8-6
MKT000210,MARKET,목행시장,37.01395405,127.9173286,충청북도 충주시 행정9길 35,충청북도 충주시 목행동 600-15
MKT000211,MARKET,충주농산물종합시장(중앙청과시장),37.00399789,127.9230847,충청북도 충주시 목행산단7로 24,충청북도 충주시 목행동 526-29
MKT000212,MARKET,하복대시장,36.63564465,127.4274621,충청북도 청주시 흥덕구 증안로34번길 20-1,충청북도 청주시 흥덕구 복대동 2541
MKT000213,MARKET,직지시장,36.64658274,127.466327,충청북도 청주시 흥덕구 직지대로 639번길 88,충청북도 청주시 흥덕구 봉명동 472-6
MKT000214,MARKET,복대가경시장,36.6295133,127.4432597,충청북도 청주시 흥덕구 복대로 146번길 42,충청북도 청주시 흥덕구 복대동 1116
MKT000215,MARKET,가경터미널시장,36.62770577,127.434909,충청북도 청주시 흥덕구 풍년로160번길 41-4,충청북도 청주시 흥덕구 가경동 1296
MKT000216,MARKET,오창전통시장,36.74173743,127.455627,충청북도 청주시 청원구 오창읍 팔결로 715,충청북도 청주시 청원구 오창읍 장대리 309-4
MKT000217,MARKET,내수전통시장,36.72629088,127.536012,충청북도 청주시 청원구 내수읍 내수로 726,충청북도 청주시 청원구 내수읍 마산리 169-6
MKT000218,MARKET,청주두꺼비시장(구수곡시장),36.61744097,127.4729928,충청북도 청주시 서원구 수곡로 58번길 7-2,충청북도 청주시 서원구 수곡동 862
MKT000219,MARKET,진천중앙시장,36.85685858,127.4423712,충청북도 진천군 진천읍 중앙동6길 23,충청북도 진천군 진천읍 읍내리 305-12
MKT000220,MARKET,원마루시장,36.60903727,127.496414,충청북도 청주시 서원구 원마루로8번길 21,충청북도 청주시 서원구 분평동 1335
MKT000221,MARKET,운수대통 생거진천전통시장,36.85993722,127.4501613,충청북도 진천군 진천읍 원덕로390,충청북도 진천군 진천읍 성석리 969
MKT000222,MARKET,사직시장,36.63614197,127.4768752,충청북도 청주시 서원구 사직대로 265번길 7,충청북도 청주시 서원구 사직동 267-12
MKT000223,MARKET,육거리종합시장,36.62794095,127.4881836,충청북도 청주시 상당구 청남로2197번길 42,충청북도 청주시 상당구 석교동 60-4
MKT000224,MARKET,서문시장,36.63511643,127.4853665,충청북도 청주시 상당구 남사로 89번길 61,충청북도 청주시 상당구 서문동 166-43
MKT000225,MARKET,중앙시장,36.63883141,127.4889294,충청북도 청주시 상당구 중앙로 18,충청북도 청주시 상당구 북문로2가 92-2
MKT000226,MARKET,청주사창시장,36.63361051,127.4652985,충청북도 청주시 서원구 사직대로164번길 36,충청북도 청주시 서원구 사창동 286-22
MKT000227,MARKET,증평장뜰시장,36.78338958,127.5829564,충청북도 증평군 증평읍 장뜰로 58-1,충청북도 증평군 증평읍 중동리 97-1
MKT000228,MARKET,제천중앙시장,37.13662174,128.211302,충청북도 제천시 풍양로 108,충청북도 제천시 중앙로1가 77
MKT000229,MARKET,충주자유시장,36.97393363,127.9306725,충청북도 충주시 충인6길 16,충청북도 충주시 충의동 192
MKT000230,MARKET,충주옹달샘시장,36.9646875,127.9325814,충청북도 충주시 지곡10길 35,충청북도 충주시 지현동 1076
MKT000231,MARKET,송현시장,37.476161,126.634645,인천광역시 동구 화도진로44번길 18,인천광역시 동구 송현동 88-19
MKT000232,MARKET,송림공구상가,37.48359521,126.6622078,인천광역시 동구 봉수대로 98,인천광역시 동구 송림동 296
MKT000233,MARKET,인천산업용품유통센터,37.48482619,126.6547965,인천광역시 동구 방축로 83번길 23,인천광역시 동구 송림동 294
MKT000234,MARKET,현대시장,37.47748437,126.646125,인천광역시 동구 송림로109번길 21,인천광역시 동구 송림동 50-1
MKT000235,MARKET,동부시장,37.47699523,126.6452568,인천광역시 동구 샛골로 164-5,인천광역시 동구 송림동 50-95
MKT000236,MARKET,동래시장,35.20380978,129.0859348,부산광역시 동래구 동래시장길 14,부산광역시 동래구 복천동 229-42
MKT000237,MARKET,만수시장,37.46005013,126.7317927,인천광역시 남동구 만수로27번길 10-11,인천광역시 남동구 만수동 868-26
MKT000238,MARKET,도마큰시장,36.31588924,127.3812125,대전광역시 서구 도마4길 69 (도마큰시장 고객센터),대전광역시 서구 도마동 132-3
MKT000239,MARKET,구월도매전통시장,37.44366156,126.7056342,인천광역시 남동구 인하로521번길 10-15,인천광역시 남동구 구월동 1176-14
MKT000240,MARKET,중앙도매시장,36.32955629,127.4331792,대전광역시 동구 대전로 783,대전광역시 동구 원동 51-1
MKT000241,MARKET,구월시장,37.45336497,126.7202774,인천광역시 남동구 호구포로 790번길 21-13,인천광역시 남동구 구월동 1266-5
MKT000242,MARKET,남동산업용품상가,37.40695016,126.693402,인천광역시 남동구 은청로 4-7,인천광역시 남동구 고잔동 630
MKT000243,MARKET,자유도매시장,36.32923615,127.4320061,대전광역시 동구 중앙로 200번길 40,대전광역시 동구 원동 64-1
MKT000244,MARKET,용운시장,36.32781371,127.460578,대전광역시 동구 용운로 164,대전광역시 동구 용운동 305-14
MKT000245,MARKET,칠곡시장,35.94250975,128.5512474,대구광역시 북구 칠곡중앙대로 526,대구광역시 북구 읍내동 1201-1
MKT000246,MARKET,달서시장,35.83985102,128.5442655,대구광역시 달서구 당산로 27 35,대구광역시 달서구 본리동 145-2 -5번지
MKT000247,MARKET,강화터미널상가,37.73977639,126.4904031,인천광역시 강화군 강화읍 중앙로 43,인천광역시 강화군 강화읍 남산리 222
MKT000248,MARKET,강화풍물시장,37.74141775,126.4928651,인천광역시 강화군 강화읍 중앙로 17-9,인천광역시 강화군 강화읍 갑곳리 849
MKT000249,MARKET,강화중앙시장(a동b동),37.74685651,126.4838644,인천광역시 강화군 강화읍 강화대로 429,인천광역시 강화군 강화읍 신문리 205-5
MKT000250,MARKET,학성종합시장,35.55441933,129.3320409,울산광역시 중구 새치로 28,울산광역시 중구 학성동 467-1
MKT000251,MARKET,학성새벽시장,35.55664635,129.3326908,울산광역시 중구 새벽시장3길 23,울산광역시 중구 학성동 359-2
MKT000252,MARKET,역전시장,35.55619602,129.3284877,울산광역시 중구 구역전길 14,울산광역시 중구 학성동 436-20
MKT000253,MARKET,구역전시장,35.55730561,129.3284205,울산광역시 중구 구역전길 24-2,울산광역시 중구 학성동 432-438
MKT000254,MARKET,구역전전통시장,35.55590905,129.3279501,울산광역시 중구 구역전길 8,울산광역시 중구 학산동 61-9
MKT000255,MARKET,신중앙시장,35.55546763,129.3284115,울산광역시 중구 구교로 35,울산광역시 중구 학산동 47-10
MKT000256,MARKET,태화종합시장,35.55419984,129.307414,울산광역시 중구 화진길 20-4,울산광역시 중구 태화동 36-13
MKT000257,MARKET,우정전통시장,35.55396087,129.3107259,울산광역시 중구 당산4길 21,울산광역시 중구 우정동 214-10
MKT000258,MARKET,인천종합어시장,37.4541313,126.6071645,인천광역시 중구 연안부두로 33번길 37,인천광역시 중구 항동7가 27-69
MKT000259,MARKET,신포시장,37.47146344,126.627806,인천광역시 중구 우현로49번길 11-5,인천광역시 중구 신포동 3-2
MKT000260,MARKET,신흥시장,37.46605786,126.6366385,인천광역시 중구 도원로 15-1,인천광역시 중구 선화동 29-10
MKT000261,MARKET,백련시장,37.57700937,126.9231105,서울특별시 서대문구 가재울로6길 53-87,서울특별시 서대문구 남가좌동 345-4
MKT000262,MARKET,연수구옥련시장,37.42461526,126.6468259,인천광역시 연수구 독배로 40번길 35,인천광역시 연수구 옥련동 462-32
MKT000263,MARKET,망원시장,37.55715742,126.9059507,서울특별시 마포구 망원로8길 7,서울특별시 마포구 망원동 486-37
MKT000264,MARKET,남성사계시장,37.48816723,126.9815693,서울특별시 동작구 동작대로29길 8,서울특별시 동작구 사당동 88-3
MKT000265,MARKET,인천강남시장,37.51122049,126.6719915,인천광역시 서구 강남로 14,인천광역시 서구 석남동 454-19
MKT000266,MARKET,답십리현대시장,37.56677553,127.058644,서울특별시 동대문구 전농로 4길 38,서울특별시 동대문구 답십리동 967-5
MKT000267,MARKET,은행나무시장,37.4513186,126.9093496,서울특별시 금천구 금하로25길 9,서울특별시 금천구 시흥동 828-45
MKT000268,MARKET,조원동펭귄시장,37.48314387,126.9114142,서울특별시 관악구 조원로16길 27,서울특별시 관악구 신림동 541
MKT000269,MARKET,일신시장(부일종합시장),37.48471821,126.7432825,인천광역시 부평구 경인로 1118번길 14-7,인천광역시 부평구 일신동 107
MKT000270,MARKET,봉천현대시장,37.48643059,126.946586,서울특별시 관악구 양녕로 49,서울특별시 관악구 봉천동 502-4
MKT000271,MARKET,둔촌역전통시장,37.52748326,127.1351577,서울특별시 강동구 풍성로58길 34,서울특별시 강동구 성내동 428-9
MKT000272,MARKET,부평깡시장,37.49788036,126.7265347,인천광역시 부평구 주부토로32번길 25,인천광역시 부평구 부평동 252-3
MKT000273,MARKET,해운대시장,35.16140447,129.1623121,부산광역시 해운대구 구남로41번길 22-1,부산광역시 해운대구 중동 1394-193
MKT000274,MARKET,우동종합상가시장,35.17067916,129.1388637,부산광역시 해운대구 해운대로383번길 37-10,부산광역시 해운대구 우동 1092-1
MKT000275,MARKET,학익시장,37.44350822,126.6649646,인천광역시 미추홀구 한나루로 400,인천광역시 미추홀구 학익동 264-6
MKT000276,MARKET,인천남부종합시장,37.44737486,126.6783959,인천광역시 미추홀구 인하로 274-30,인천광역시 미추홀구 주안동 1315-19
MKT000277,MARKET,신기시장,37.44621321,126.6786492,인천광역시 미추홀구 미추홀대로547,인천광역시 미추홀구 주안동 1311-17
MKT000278,MARKET,신평골목시장,35.09107824,128.9771235,부산광역시 사하구 다대로134번길 27,부산광역시 사하구 신평동 111-282
MKT000279,MARKET,토지금고시장,37.45154621,126.6378049,인천광역시 미추홀구 낙섬중로38번길 5,인천광역시 미추홀구 용현동 617-55
MKT000280,MARKET,개금골목시장,35.15183238,129.0247972,부산광역시 부산진구 가야공원로 14번길 85,부산광역시 부산진구 개금동 173-2
MKT000281,MARKET,인천용남시장,37.45189911,126.6658426,인천광역시 미추홀구 인주대로 266번길17-1,인천광역시 미추홀구 용현동 4-2
MKT000282,MARKET,중앙시장,37.47535505,126.6333376,인천광역시 동구 중앙로 68,인천광역시 동구 송현동 100-12
MKT000283,MARKET,송현자유시장,37.4757769,126.6328155,인천광역시 동구 중앙로 82,인천광역시 동구 송현동 100-179
MKT000284,MARKET,중앙식료시장,34.79403892,126.3817975,전라남도 목포시 삼일로13번길 18-2,전라남도 목포시 남교동 88-29
MKT000285,MARKET,목포종합수산시장,34.7877699,126.3898749,전라남도 목포시 해안로 265-4,전라남도 목포시 광동1가 4-13
MKT000286,MARKET,창평전통시장,35.23810491,127.0149083,전라남도 담양군 창평면 사동길 14-25,전라남도 담양군 창평면 창평리 209-1
MKT000287,MARKET,영산포풍물시장,34.99199963,126.7072636,전라남도 나주시 풍물시장2길 12-14,전라남도 나주시 이창동 764
MKT000288,MARKET,나주목사고을시장,35.03624663,126.7237639,전라남도 나주시 청동길 14,전라남도 나주시 삼도동 1388-2
MKT000289,MARKET,다시5일시장,35.01574218,126.635656,전라남도 나주시 다시면 다시로 168-72,전라남도 나주시 다시면 동곡리 39-46
MKT000290,MARKET,풍납시장,37.53803468,127.1176729,서울특별시 송파구 바람드리길 15-1,서울특별시 송파구 풍납동 88-61
MKT000291,MARKET,공산5일시장,34.94263855,126.6091667,전라남도 나주시 공산면 덕음로 3-1,전라남도 나주시 공산면 금곡리 855-1
MKT000292,MARKET,지리산나들이장터,35.31147841,127.444496,전라남도 구례군 산동면 지리산온천로 126,전라남도 구례군 산동면 원촌리 38
MKT000293,MARKET,구례상설시장,35.20961971,127.465751,전라남도 구례군 구례읍 구례1길 45-6,전라남도 구례군 구례읍 봉동리 378-1
MKT000294,MARKET,구례5일시장,35.21015279,127.4700811,전라남도 구례군 구례읍 5일시장작은길 20,전라남도 구례군 구례읍 봉동리 190-1
MKT000295,MARKET,중마시장,34.93820196,127.6988477,전라남도 광양시 중마중앙로 88,전라남도 광양시 중동 1732-3
MKT000296,MARKET,옥곡5일시장,34.98850818,127.7002388,전라남도 광양시 옥곡면 큰골1길 2-26,전라남도 광양시 옥곡면 신금리 1337-1
MKT000297,MARKET,광영상설시장,34.96144871,127.7203625,전라남도 광양시 광영시장길 19,전라남도 광양시 광영동 682
MKT000298,MARKET,포방터시장,37.5986742,126.9488953,서울특별시 서대문구 포방터길 43,서울특별시 서대문구 홍은동 9-123
MKT000299,MARKET,옥과5일시장,35.2759017,127.1379523,전라남도 곡성군 옥과면 리문8길 14,전라남도 곡성군 옥과면 리문리 254-5
MKT000300,MARKET,석곡전통시장,35.1329487,127.2540916,전라남도 곡성군 석곡면 석곡로 70,전라남도 곡성군 석곡면 석곡리 80-2
MKT000301,MARKET,곡성기차마을전통시장,35.27976851,127.2984376,전라남도 곡성군 곡성읍 곡성로 856,전라남도 곡성군 곡성읍 읍내리 208
MKT000302,MARKET,동강전통시장,34.78037382,127.3349881,전라남도 고흥군 원유둔4길 13-1,전라남도 고흥군 동강면 유둔리 7-42
MKT000303,MARKET,도화전통시장,34.50979056,127.3218794,전라남도 고흥군 도화면 동신길 16-6,전라남도 고흥군 도화면 당오리 568-1
MKT000304,MARKET,녹동전통시장,34.52787689,127.13833,전라남도 고흥군 도양읍 녹동남촌1길 24,전라남도 고흥군 도양읍 봉암리 2699-70
MKT000305,MARKET,과역전통시장,34.67945419,127.3622537,전라남도 고흥군 과역면 시장안길 15,전라남도 고흥군 과역면 과역리 162
MKT000306,MARKET,고흥전통시장,34.60835226,127.2866005,전라남도 고흥군 고흥읍 시장길 1,전라남도 고흥군 고흥읍 남계리 627-1
MKT000307,MARKET,병영시장,34.71380066,126.8155558,전라남도 강진군 병영면 남삼인길 6,전라남도 강진군 병영면 삼인리 318
MKT000308,MARKET,마량시장,34.45095924,126.8165817,전라남도 강진군 마량면 마량5길 11,전라남도 강진군 마량면 마량리 987-11
MKT000309,MARKET,강진읍시장,34.64016086,126.7743152,전라남도 강진군 강진읍 동성로 17,전라남도 강진군 강진읍 동성리 187-5
MKT000310,MARKET,여수수산물특화시장,34.73683093,127.7328973,전라남도 여수시 남산로 60-31,전라남도 여수시 남산동 4
MKT000311,MARKET,해안로건어물상가시장,34.73953431,127.7345263,전라남도 여수시 교동남2길 14,전라남도 여수시 교동 481
MKT000312,MARKET,중앙시장,34.74059178,127.7325592,전라남도 여수시 중앙로 43,전라남도 여수시 교동 400-1
MKT000313,MARKET,(주)여수수산시장,34.73813576,127.7317623,전라남도 여수시 여객선터미널길 24,전라남도 여수시 교동 680
MKT000314,MARKET,대조시장,37.60985344,126.9277428,서울특별시 은평구 불광로 13,서울특별시 은평구 대조동 12-3
MKT000315,MARKET,지도 전통시장,35.0588198,126.2069832,전라남도 신안군 지도읍 읍내길 16-20,전라남도 신안군 지도읍 읍내리 168-6
MKT000316,MARKET,괴목시장,35.10243423,127.4282445,전라남도 순천시 황전면 괴목길 17,전라남도 순천시 황전면 괴목리 45-21
MKT000317,MARKET,순천시아랫장(순천아랫장),34.94514825,127.496084,전라남도 순천시 장평로 60,전라남도 순천시 풍덕동 1264
MKT000318,MARKET,주암시장,35.07598752,127.2352637,전라남도 순천시 주암면 주암호길 5-1,전라남도 순천시 주암면 광천리 53
MKT000319,MARKET,승주시장,35.01315903,127.387664,전라남도 순천시 승주읍 승주장길 14,전라남도 순천시 승주읍 서평리 422-9
MKT000320,MARKET,웃장,34.95864147,127.4850305,전라남도 순천시 북문길 40,전라남도 순천시 동외동 168-1
MKT000321,MARKET,역전시장,34.94374833,127.5033333,전라남도 순천시 역전장길 9,전라남도 순천시 덕암동 227-1
MKT000322,MARKET,중앙시장,34.95326194,127.4846047,전라남도 순천시 중앙시장길 18,전라남도 순천시 남내동 119-1
MKT000323,MARKET,조성5일시장,34.80647615,127.2452824,전라남도 보성군 조성면 조성로 90-6,전라남도 보성군 조성면 조성리 513-1
MKT000324,MARKET,복내5일시장,34.89370035,127.1331421,전라남도 보성군 복내면 송재로 1838-12,전라남도 보성군 복내면 복내리 152-14
MKT000325,MARKET,보성매일시장,34.76817918,127.0806162,전라남도 보성군 보성읍 신흥길 9,전라남도 보성군 보성읍 보성리 895-3
MKT000326,MARKET,녹차골보성향토시장(보성읍5일시장),34.76564839,127.0772384,전라남도 보성군 보성읍 현충로 42-1,전라남도 보성군 보성읍 원봉리 2-22
MKT000327,MARKET,벌교매일시장,34.84300877,127.3459893,전라남도 보성군 벌교읍 시장2길 10-41,전라남도 보성군 벌교읍 벌교리 887-22
MKT000328,MARKET,벌교전통시장,34.84493134,127.3450789,전라남도 보성군 벌교읍 시장1길 10,전라남도 보성군 벌교읍 회정리 663-23
MKT000329,MARKET,일로전통시장,34.84753364,126.4943339,전라남도 무안군 일로읍 시장길 11-22,전라남도 무안군 일로읍 월암리 112
MKT000330,MARKET,용산용문시장,37.53661783,126.9597883,서울특별시 용산구 효창원로40길 13,서울특별시 용산구 용문동 41-44
MKT000331,MARKET,동부시장,34.80467356,126.3936914,전라남도 목포시 영산로257번길 14,전라남도 목포시 용당동 1046-8
MKT000332,MARKET,항동시장,34.78600878,126.3856159,전라남도 목포시 수강로12번길 2,전라남도 목포시 수강동1가 1
MKT000333,MARKET,청호시장,34.81537749,126.4245916,전라남도 목포시 석현로 28,전라남도 목포시 석현동 1171
MKT000334,MARKET,신중앙시장,34.81025124,126.3775235,전라남도 목포시 원산중앙로 51,전라남도 목포시 산정동 1732
MKT000335,MARKET,자유시장,34.79292001,126.4030678,전라남도 목포시 자유로 122,전라남도 목포시 산정동 1383
MKT000336,MARKET,정남진장흥토요시장,34.67727214,126.903159,전라남도 장흥군 장흥읍 토요시장1길 53,전라남도 장흥군 장흥읍 예양리 158-2
MKT000337,MARKET,장평시장,34.77539717,126.9778669,전라남도 장흥군 장평면 장택길 13,전라남도 장흥군 장평면 양촌리 224
MKT000338,MARKET,용산시장,34.61490641,126.9153133,전라남도 장흥군 용산면 용인길 4,전라남도 장흥군 용산면 인암리 800-1
MKT000339,MARKET,대덕읍전통시장(대덕시장),34.49944415,126.8871414,전라남도 장흥군 대덕읍 거정2길 10,전라남도 장흥군 대덕읍 신월리 111
MKT000340,MARKET,천관산관광시장,34.56277107,126.9370717,전라남도 장흥군 관산읍 칠관로 1559-4,전라남도 장흥군 관산읍 옥당리 489-1
MKT000341,MARKET,황룡시장,35.2916867,126.7738864,전라남도 장성군 황룡면 삼월길 5,전라남도 장성군 황룡면 월평리 151-1
MKT000342,MARKET,사창시장,35.26039872,126.6630702,전라남도 장성군 삼계면 사창로 81-2,전라남도 장성군 삼계면 사창리 482-44
MKT000343,MARKET,사거리시장,35.42767379,126.8072694,전라남도 장성군 북이면 사남북길 22,전라남도 장성군 북이면 사거리 699
MKT000344,MARKET,완도중앙시장,34.31446812,126.7552341,전라남도 완도군 완도읍 장보고대로 282-1,전라남도 완도군 완도읍 군내리 1371
MKT000345,MARKET,완도남양시장(구 완도종합시장),34.31651727,126.7477207,전라남도 완도군 완도읍 개포로56번길 16-4,전라남도 완도군 완도읍 군내리 1249
MKT000346,MARKET,완도전통시장(구 완도5일시장),34.31610369,126.7482543,전라남도 완도군 완도읍 개포로 34-1,전라남도 완도군 완도읍 군내리 1249-2
MKT000347,MARKET,간석자유시장,37.46388599,126.7153438,인천광역시 남동구 백범로 312-1,인천광역시 남동구 간석동 41-1
MKT000348,MARKET,남창옹기종기시장,35.41669194,129.2827796,울산광역시 울주군 온양읍 남창장터길 24,울산광역시 울주군 온양읍 남창리 146
MKT000349,MARKET,신북5일시장,34.88859606,126.6922282,전라남도 영암군 신북면 황금동로 78,전라남도 영암군 신북면 월평리 126-3
MKT000350,MARKET,시종5일시장,34.8674024,126.6080951,전라남도 영암군 시종면 내동중앙로 26,전라남도 영암군 시종면 만수리 937-9
MKT000351,MARKET,영광터미널시장,35.27553643,126.5030198,전라남도 영광군 영광읍 신남로3길 5-3,전라남도 영광군 영광읍 남천리 321-1
MKT000352,MARKET,영광고추특화시장,35.27472202,126.4935505,전라남도 영광군 영광읍 신남로 100-25,전라남도 영광군 영광읍 신하리 324-3
MKT000353,MARKET,수암상가시장,35.52697941,129.3207648,울산광역시 남구 수암로 128번길 12,울산광역시 남구 야음동 697-9
MKT000354,MARKET,도깨비시장,34.76331689,127.6565415,전라남도 여수시 학동서5길 18,전라남도 여수시 학동 58-7
MKT000355,MARKET,진남시장,34.76425827,127.6641294,전라남도 여수시 학동1길 10,전라남도 여수시 학동 35-1
MKT000356,MARKET,제일시장,34.76419231,127.6646531,전라남도 여수시 학동2길 7-4,전라남도 여수시 학동 35-2
MKT000357,MARKET,쌍봉시장,34.76414545,127.6649804,전라남도 여수시 학동2길 7,전라남도 여수시 학동 35-3
MKT000358,MARKET,중앙선어시장,34.73942888,127.7370587,전라남도 여수시 중앙로 88-1,전라남도 여수시 중앙동 362-1
MKT000359,MARKET,덕양시장,34.79802722,127.6314434,전라남도 여수시 소라면 하세동길 7,전라남도 여수시 소라면 덕양리 1271
MKT000360,MARKET,전의왕의물시장,36.6777398,127.2058824,세종특별자치시 전의면 장터길33,세종특별자치시 전의면 읍내리 236-2
MKT000361,MARKET,(주)서시장,34.74178725,127.7286168,전라남도 여수시 좌수영로 16-6,전라남도 여수시 서교동 280
MKT000362,MARKET,춘천중앙시장,37.87848771,127.7257515,강원특별자치도 춘천시 중앙로77번길 4-4,강원특별자치도 춘천시 중앙로2가 42-68
MKT000363,MARKET,제일종합시장,37.87748571,127.7260713,강원특별자치도 춘천시 약사고개길13,강원특별자치도 춘천시 죽림동 32
MKT000364,MARKET,북부시장,36.64797204,127.4862188,충청북도 청주시 청원구 향군로 31번길 19,충청북도 청주시 청원구 우암동 344-10
MKT000365,MARKET,서부시장상점가(서부시장 통합),35.80524873,127.1266694,전북특별차치도 전주시 완산구 효동 2길 14-8,전북특별차치도 전주시 완산구 효자동1가 201-63
MKT000366,MARKET,춘천서부시장,37.88480147,127.7246493,강원특별자치도 춘천시 서부대성로12,강원특별자치도 춘천시 소양로2가 172-1
MKT000367,MARKET,춘천번개시장,37.89182707,127.726303,강원특별자치도 춘천시 소양로 212,강원특별자치도 춘천시 소양로1가 93-10
MKT000368,MARKET,와수시장,38.23945913,127.4394932,강원특별자치도 철원군 서면 와수로 184번길 6-3,강원특별자치도 철원군 서면 와수리 1171-92
MKT000369,MARKET,동송전통시장,38.2089011,127.2192097,강원특별자치도 철원군 동송읍 이평로 47번길 19,강원특별자치도 철원군 동송읍 이평리 678-49
MKT000370,MARKET,동송시장,38.2088079,127.218867,강원특별자치도 철원군 동송읍 이평로 47번길 16,강원특별자치도 철원군 동송읍 이평리 680-1
MKT000371,MARKET,신철원시장,38.14471979,127.3100285,강원특별자치도 철원군 갈말읍 삼부연로18번길 16-2,강원특별자치도 철원군 갈말읍 신철원리 697
MKT000372,MARKET,역곡남부시장,37.48253123,126.8115462,경기도 부천시 소사구 부광로16번길 33,경기도 부천시 소사구 괴안동 107-8
MKT000373,MARKET,임계사통팔달시장,37.49511059,128.852576,강원특별자치도 정선군 임계면 송계3길 12,강원특별자치도 정선군 임계면 송계리 774-5
MKT000374,MARKET,정선사북시장,37.22735829,128.8162148,강원특별자치도 정선군 사북읍 사북2길 6 - 1,강원특별자치도 정선군 사북읍 사북리 366-59
MKT000375,MARKET,고한구공탄시장(고한시장),37.20132076,128.8540526,강원특별자치도 정선군 고한읍 고한 4길 38-6,강원특별자치도 정선군 고한읍 고한리 62-14
MKT000376,MARKET,광양5일시장,34.97115451,127.5904463,전라남도 광양시 광양읍 백운로 3,전라남도 광양시 광양읍 목성리 696-3
MKT000377,MARKET,원통시장,38.1225741,128.204617,강원특별자치도 인제군 북면 원통로 178번길 7-1,강원특별자치도 인제군 북면 원통리 647-40
MKT000378,MARKET,기린전통시장,37.95397964,128.3168509,강원특별자치도 인제군 기린면 기린로 17,강원특별자치도 인제군 기린면 현리 640-3
MKT000379,MARKET,민속풍물시장,37.34898786,127.9541184,강원특별자치도 원주시 풍물시장길 30,강원특별자치도 원주시 평원동 134-1
MKT000380,MARKET,북원상가시장,37.38439475,127.9488481,강원특별자치도 원주시 북원상가길 13,강원특별자치도 원주시 태장동 1379-23
MKT000381,MARKET,도래미시장,37.35170226,127.9496495,강원특별자치도 원주시 자유시장길 26,강원특별자치도 원주시 중앙동 42-3
MKT000382,MARKET,미로예술원주중앙시장(원주중앙시장),37.35000952,127.9491994,강원특별자치도 원주시 중앙시장길 6,강원특별자치도 원주시 중앙동 60-56
MKT000383,MARKET,조공시장,37.47917913,126.805766,경기도 부천시 소사구 안곡로 29,경기도 부천시 소사구 괴안동 70-20
MKT000384,MARKET,문막시장,37.30602942,127.8153678,강원특별자치도 원주시 문막읍 문막시장1길 52-10,강원특별자치도 원주시 문막읍 문막리 240-1
MKT000385,MARKET,원주남부시장,37.34301479,127.9544052,강원특별자치도 원주시 치악로 1803,강원특별자치도 원주시 명륜동 26
MKT000386,MARKET,서부공설시장,37.18292558,128.4663073,강원특별자치도 영월군 영월읍 서부시장길 8-1,강원특별자치도 영월군 영월읍 하송리 5-10
MKT000387,MARKET,영월종합상가시장,37.1818045527344,128.466229739067,강원특별자치도 영월군 영월읍 하송안길,
MKT000388,MARKET,대야전통시장,35.9448597,126.816085,전북특별차치도 군산시 대야면 대야시장로 7-1,전북특별차치도 군산시 대야면 산월리 400-9
MKT000389,MARKET,역전종합시장,35.98046443,126.7209989,전북특별차치도 군산시 구암3 1로 13-1,전북특별차치도 군산시 대명동 138-3
MKT000390,MARKET,군산주공시장,35.96576624,126.6954417,전북특별차치도 군산시 하나운안1길 39,전북특별차치도 군산시 나운동 836-11
MKT000391,MARKET,흥덕전통시장,35.52058772,126.7002195,전북특별차치도 고창군 흥덕면 흥덕시장길 3,전북특별차치도 고창군 흥덕면 흥덕리 240-4
MKT000392,MARKET,해리전통시장,35.45865884,126.5422037,전북특별차치도 고창군 해리면 해리중앙로 64-12,전북특별차치도 고창군 해리면 하련리 685-55
MKT000393,MARKET,상하전통시장,35.44409017,126.4917538,전북특별차치도 고창군 상하면 상하1길 8-3,전북특별차치도 고창군 상하면 하장리 939-3
MKT000394,MARKET,무장전통시장,35.41442783,126.5605985,전북특별차치도 고창군 무장면 왕제산로 725,전북특별차치도 고창군 무장면 무장리 85-1
MKT000395,MARKET,대산전통시장,35.34010335,126.598984,전북특별차치도 고창군 대산면 공음대산로 935,전북특별차치도 고창군 대산면 매산리 200-13
MKT000396,MARKET,고창전통시장,35.43267051,126.6987727,전북특별차치도 고창군 고창읍 동리로 62-11,전북특별차치도 고창군 고창읍 읍내리 367
MKT000397,MARKET,화순고인돌전통시장,35.05909434,126.9833988,전라남도 화순군 화순읍 시장길 42,전라남도 화순군 화순읍 삼천리 621
MKT000398,MARKET,이양전통시장,34.88259402,126.9868735,전라남도 화순군 이양면 이양로 29-19,전라남도 화순군 이양면 이양리 303-3
MKT000399,MARKET,사평전통시장,35.00537383,127.0975835,전라남도 화순군 사평면 사평길 26,전라남도 화순군 사평면 사평리 1049-90
MKT000400,MARKET,동복전통시장,35.07163148,127.1257557,전라남도 화순군 동복면 동복시장길 19,전라남도 화순군 동복면 천변리 92
MKT000401,MARKET,능주전통시장,34.99091732,126.959364,전라남도 화순군 능주면 학포로 1955,전라남도 화순군 능주면 관영리 94-8
MKT000402,MARKET,남리5일시장,34.57532321,126.4324845,전라남도 해남군 황산면 시등로 111-11,전라남도 해남군 황산면 남리리 7
MKT000403,MARKET,화원5일시장,34.66949685,126.3282268,,전라남도 해남군 화원면 금평리 239
MKT000404,MARKET,해남읍5일시장,34.56878428,126.5971547,전라남도 해남군 해남읍 중앙2로 76,전라남도 해남군 해남읍 고도리 102-4
MKT000405,MARKET,송지산정5일시장,34.36966913,126.5191941,전라남도 해남군 송지면 산정1길 96,전라남도 해남군 송지면 산정리 772-3
MKT000406,MARKET,우수영5일시장,34.5969017,126.311316,,전라남도 해남군 문내면 동외리 919-17
MKT000407,MARKET,북평면남창5일시장,34.40453441,126.6267107,전라남도 해남군 북평면 달량진길 48-11,전라남도 해남군 북평면 남창리 1279-1
MKT000408,MARKET,좌일5일시장,34.46385571,126.6725613,전라남도 해남군 북일면 만월길 26-1,전라남도 해남군 북일면 흥촌리 161
MKT000409,MARKET,해보시장,35.18104709,126.6025443,전라남도 함평군 해보면 밀재로 1274-12,전라남도 함평군 해보면 금덕리 414-9
MKT000410,MARKET,인천모래내전통시장,37.45420055,126.7214949,인천광역시 남동구 호구포로810번길 42-8,인천광역시 남동구 구월동 1263-5
MKT000411,MARKET,월야시장,35.17926742,126.626782,전라남도 함평군 월야면 밀재로 1504-5,전라남도 함평군 월야면 월야리 713-69
MKT000412,MARKET,진도상설전통시장,34.48135668,126.2649029,전라남도 진도군 진도읍 남동1길 57-8,전라남도 진도군 진도읍 남동리 487-5
MKT000413,MARKET,진도읍조금시장,34.48155399,126.25734,전라남도 진도군 진도읍 조금시장길 25,전라남도 진도군 진도읍 남동리 731
MKT000414,MARKET,회진시장,34.4820345,126.9403546,전라남도 장흥군 회진면 회진중앙길 9-13,전라남도 장흥군 회진면 회진리 2138-12
MKT000415,MARKET,함열시장,36.0808342320751,126.958362007907,전북특별차치도 익산시 함열읍 2길 8,전북특별차치도 익산시 와리 565-26
MKT000416,MARKET,여산시장,36.05890563,127.083244,전북특별차치도 익산시 서촌2길 22-1,전북특별차치도 익산시 여산면 여산리 412-4
MKT000417,MARKET,익산장(익산북부장),35.9512294,126.9567719,전북특별차치도 익산시 인북로 11길 27,전북특별차치도 익산시 남중동 35-9
MKT000418,MARKET,가좌시장,37.4933969,126.684576,인천광역시 서구 장고개로337번길18의19,인천광역시 서구 가좌2동 30-48
MKT000419,MARKET,익산금마시장,35.99217754,127.0534309,전북특별차치도 익산시 금마면 고도길 58,전북특별차치도 익산시 금마면 동고도리 701-2
MKT000420,MARKET,삼례시장,35.91068557,127.0737715,전북특별차치도 완주군 삼례읍 삼봉로 6,전북특별차치도 완주군 삼례읍 삼례리 923-8
MKT000421,MARKET,부평문화의거리,37.49408359,126.7250106,인천광역시 부평구 부평문화로 78-2,인천광역시 부평구 부평동 201-1
MKT000422,MARKET,고산미소시장,35.97444053,127.2048167,전북특별차치도 완주군 고산면 남봉로 135,전북특별차치도 완주군 고산면 읍내리 887
MKT000423,MARKET,순창시장,35.37187647,127.1450592,전북특별차치도 순창군 순창읍 남계로 58,전북특별차치도 순창군 순창읍 남계리 800
MKT000424,MARKET,동계시장,35.43954095,127.2397976,전북특별차치도 순창군 동계면 동계로 22,전북특별차치도 순창군 동계면 현포리 623
MKT000425,MARKET,줄포시장,35.58760184,126.6768543,전북특별차치도 부안군 줄포면 부안로 865,전북특별차치도 부안군 줄포면 줄포리 728-3
MKT000426,MARKET,부안상설시장,35.72709542,126.7329492,전북특별차치도 부안군 부안읍 부풍로 47,전북특별차치도 부안군 부안읍 서외리 21
MKT000427,MARKET,안성시장(덕유산장터),35.86627446,127.6535366,전북특별차치도 무주군 안성면 칠연로 38,전북특별차치도 무주군 안성면 장기리 1511-6
MKT000428,MARKET,설천시장(삼도봉장터),36.0099056,127.7880133,전북특별차치도 무주군 설천면 삼도봉로 11,전북특별차치도 무주군 설천면 소천리 904-29
MKT000429,MARKET,무풍시장(대덕산장터),35.96945032,127.8487964,전북특별차치도 무주군 무풍면 현내로 213,전북특별차치도 무주군 무풍면 현내리 259-5
MKT000430,MARKET,진흥종합시장,37.49695039,126.7257012,인천광역시 부평구 부흥로3204번길 27,인천광역시 부평구 부평동 252-52
MKT000431,MARKET,용남시장,35.40710447,127.3767644,전북특별차치도 남원시 동헌길10,전북특별차치도 고창군 흥덕면 흥덕리 430-1
MKT000432,MARKET,남원인월시장,35.46112561,127.6021352,전북특별차치도 남원시 인월면 인월로 65-3,전북특별차치도 남원시 인월면 인월리 251-15
MKT000433,MARKET,남원공설시장,35.40461965,127.3758611,전북특별차치도 남원시 의총로 51,전북특별차치도 남원시 금동 264-1
MKT000434,MARKET,금만시장,35.80014264,126.8864263,전북특별차치도 김제시 동서7길23,전북특별차치도 김제시 요촌동 194-7
MKT000435,MARKET,김제전통시장,35.80162714,126.8837248,전북특별차치도 김제시 사정거리1길20,전북특별차치도 김제시 요촌동 415
MKT000436,MARKET,역전시장,35.79317122,126.9016024,전북특별차치도 김제시 중앙로 288,전북특별차치도 김제시 신풍동 40-2
MKT000437,MARKET,원평공설시장(김제원평시장),35.71406176,126.9947286,전북특별차치도 김제시 금산면 원평6길 39-10,전북특별차치도 김제시 금산면 원평리 91
MKT000438,MARKET,군산수산물종합센터,35.99398004,126.7047377,전북특별차치도 군산시 내항2길 216,전북특별차치도 군산시 금동 57-4
MKT000439,MARKET,군산신영시장,35.98560841,126.7201159,전북특별차치도 군산시 동신영길 56,전북특별차치도 군산시 신영동 19-5
MKT000440,MARKET,장승백이전통시장,37.44656416,126.7352271,인천광역시 남동구 인주대로888번길 35,인천광역시 남동구 만수동 1082-1
MKT000441,MARKET,명산시장,35.98251006,126.7095374,전북특별차치도 군산시 오룡로51-18,전북특별차치도 군산시 명산동 21-1
MKT000442,MARKET,고성오일시장,33.4518552,126.9128143,제주특별자치도 서귀포시 성산읍 고성오조로 93,제주특별자치도 서귀포시 성산읍 고성리 1180-34
MKT000443,MARKET,서귀포매일올레시장,33.25014646,126.5632316,제주특별자치도 서귀포시 중앙로 62번길 18,제주특별자치도 서귀포시 서귀동 277-1
MKT000444,MARKET,서귀포향토오일시장,33.26778279,126.5737587,제주특별자치도 서귀포시 토평서로11번길 142,제주특별자치도 서귀포시 동홍동 779-1
MKT000445,MARKET,모슬포중앙시장,33.22207249,126.2545119,제주특별자치도 서귀포시 대정읍 상모로 327,제주특별자치도 서귀포시 대정읍 하모리 824-2
MKT000446,MARKET,대정오일시장,33.22061006,126.2482168,제주특별자치도 서귀포시 대정읍 신영로36번길 65,제주특별자치도 서귀포시 대정읍 하모리 1089-15
MKT000447,MARKET,진안고원시장,35.79264222,127.4296267,전북특별차치도 진안군 진안읍시장1길16,전북특별차치도 진안군 진안읍 군상리 406-7
MKT000448,MARKET,정읍연지시장,35.573166,126.8472538,전북특별차치도 정읍시 연지시장 3길 50-9외,전북특별차치도 정읍시 연지동 31-1
MKT000449,MARKET,신태인시장,35.68729453,126.8865644,전북특별차치도 정읍시 신태인읍 신태인2길 14,전북특별차치도 정읍시 신태인읍 신태인리 142-105
MKT000450,MARKET,굴비골영광시장(구 영광매일시장),35.27513263,126.5123207,전라남도 영광군 영광읍 중앙로3길 5-22,전라남도 영광군 영광읍 도동리 186
MKT000451,MARKET,무안전통시장,34.99348251,126.4724295,전라남도 무안군 무안읍 승달로 11,전라남도 무안군 무안읍 성내리 21-6
MKT000452,MARKET,남평5일시장,35.04581389,126.8415451,전라남도 나주시 남평읍 지석로 21,전라남도 나주시 남평읍 남평리 69-1
MKT000453,MARKET,연수송도역전시장,37.42645827,126.657697,인천광역시 연수구 한나루로196번길 14,인천광역시 연수구 옥련동 308-18
MKT000454,MARKET,거북시장,37.50338084,126.6749097,인천광역시 서구 거북로 117,인천광역시 서구 석남동 548-7
MKT000455,MARKET,신거북시장,37.50326747,126.6729889,인천광역시 서구 거북로99,인천광역시 서구 석남동 541-15
MKT000456,MARKET,장수시장,35.64910345,127.5174697,전북특별차치도 장수군 장수읍 시장로 11,전북특별차치도 장수군 장수읍 장수리 460-15
MKT000457,MARKET,장계시장,35.72943479,127.5822739,전북특별차치도 장수군 장계면 시장천변길 36,전북특별차치도 장수군 장계면 장계리 464-1
MKT000458,MARKET,산서시장,35.58450071,127.3958978,전북특별차치도 장수군 산서면 보산로 1864-11,전북특별차치도 장수군 산서면 동화리 839-73
MKT000459,MARKET,임실시장,35.61445375,127.2827133,전북특별차치도 임실군 임실읍 운수로 26,전북특별차치도 임실군 임실읍 이도리 233-1
MKT000460,MARKET,관촌시장,35.67877664,127.2676851,전북특별차치도 임실군 관촌면 사선1길 70-3,전북특별차치도 임실군 관촌면 관촌리 586
MKT000461,MARKET,강진시장,35.5290276,127.161009,전북특별차치도 임실군 강진면 호국로 14-12,전북특별차치도 임실군 강진면 갈담리 515-4
MKT000462,MARKET,황등시장,35.99943493,126.9523869,전북특별차치도 익산시 석재길 22,전북특별차치도 익산시 황등면 황등리 58
MKT000463,MARKET,서동시장,35.94271026,126.950548,전북특별차치도 익산시 중앙로3길 39,전북특별차치도 익산시 창인동1가 115-13
MKT000464,MARKET,중앙시장,35.94206103,126.9497282,전북특별차치도 익산시 중앙로 3길 27,전북특별차치도 익산시 창인동1가 137-1
MKT000465,MARKET,매일시장,35.94039371,126.9496739,전북특별차치도 익산시 중앙로 3길 13,전북특별차치도 익산시 창인동1가 88-5
MKT000466,MARKET,익산남부시장,35.93194154,126.9533804,전북특별차치도 익산시 평동로11길 12,전북특별차치도 익산시 인화동2가 7
MKT000467,MARKET,익산 구시장,35.93152656,126.952339,전북특별차치도 익산시 인북로8길 22,전북특별차치도 익산시 인화동1가 131-8
MKT000468,MARKET,금산인삼전통시장,36.10045233,127.4921846,충청남도 금산군 금산읍 건삼전1길 20-8,충청남도 금산군 금산읍 중도리 531-1
MKT000469,MARKET,중부프라자,36.10453057,127.4910218,충청남도 금산군 금산읍 비범로 19,충청남도 금산군 금산읍 상리 89-4
MKT000470,MARKET,금산국제인삼시장(금산인삼국제시장),36.10191794,127.4983403,충청남도 금산군 금산읍 인삼약초로 45,충청남도 금산군 금산읍 중도리 8-1
MKT000471,MARKET,금산금빛시장(금산시장),36.09951247,127.490976,충청남도 금산군 금산읍 금산천길 98,충청남도 금산군 금산읍 하옥리 335-12
MKT000472,MARKET,금산수삼센타,36.10015574,127.4964497,충청남도 금산군 금산읍 인삼약초로 24,충청남도 금산군 금산읍 중도리 24
MKT000473,MARKET,산성시장활성화구역,36.4548805,127.1256762,충청남도 공주시 국고개길 11,충청남도 공주시 중동 63
MKT000474,MARKET,유구시장,36.55270354,126.9518599,충청남도 공주시 유구읍 시장길 28,충청남도 공주시 유구읍 석남리 276-5
MKT000475,MARKET,공주산성시장,36.45881276,127.1226147,충청남도 공주시 용당길 22,충청남도 공주시 산성동 190-1
MKT000476,MARKET,화북종합시장,33.52264949,126.5658711,제주특별자치도 제주시 청풍길 14,제주특별자치도 제주시 화북일동 1947
MKT000477,MARKET,한림매일시장,33.41565321,126.264774,제주특별자치도 제주시 한림읍 한림로 681,제주특별자치도 제주시 한림읍 한림리 1315-4
MKT000478,MARKET,한림민속오일시장(한림오일시장),33.41983074,126.2745011,제주특별자치도 제주시 한림읍 한수풀로4길 10,제주특별자치도 제주시 한림읍 대림리 1698-4
MKT000479,MARKET,함덕오일시장,33.54025266,126.6679607,제주특별자치도 제주시 조천읍 함덕16길 15-13,제주특별자치도 제주시 조천읍 함덕리 972-7
MKT000480,MARKET,신산시장,33.50606424,126.5419541,제주특별자치도 제주시 고마로17길 11,제주특별자치도 제주시 일도이동 377-11
MKT000481,MARKET,제주칠성로상점가(칠성로상점가),33.51402881,126.5261117,제주특별자치도 제주시 관덕로 13길 12,제주특별자치도 제주시 일도일동 1476-20
MKT000482,MARKET,동문시장(주),33.51279665,126.5283141,제주특별자치도 제주시 동문로 16,제주특별자치도 제주시 일도일동 1148-2
MKT000483,MARKET,제주시동문공설시장,33.51208951,126.5282426,제주특별자치도 제주시 동문로 4길9,제주특별자치도 제주시 일도일동 1103
MKT000484,MARKET,중앙로상점가,33.51010018,126.523959,제주특별자치도 제주시 중앙로 91,제주특별자치도 제주시 이도일동 1460
MKT000485,MARKET,보성시장,33.50330767,126.5279393,제주특별자치도 제주시 동광로 1길 32,제주특별자치도 제주시 이도일동 1289-5
MKT000486,MARKET,제주시동문재래시장,33.5115942,126.5260281,제주특별자치도 제주시 관덕로14길 20,제주특별자치도 제주시 이도일동 1436-7
MKT000487,MARKET,제주동문수산시장,33.51206774,126.5249062,제주특별자치도 제주시 오현길 81,제주특별자치도 제주시 이도일동 1348-1
MKT000488,MARKET,영암5일시장,34.80123497,126.7005743,전라남도 영암군 영암읍 오일시장길 28,전라남도 영암군 영암읍 동무리 17-3
MKT000489,MARKET,제주시민속오일시장,33.49724208,126.474894,제주특별자치도 제주시 오일장서길 26,제주특별자치도 제주시 도두일동 1212
MKT000490,MARKET,도남시장,33.49640447,126.528941,,제주특별자치도 제주시 도남동 923의 13
MKT000491,MARKET,세화오일시장,33.52618615,126.857297,제주특별자치도 제주시 구좌읍 해맞이해안로 1412,제주특별자치도 제주시 구좌읍 세화리 1500-5
MKT000492,MARKET,표선오일시장,33.32271206,126.8303863,제주특별자치도 서귀포시 표선면 표선동서로 203-1,제주특별자치도 서귀포시 표선면 표선리 1001-1
MKT000493,MARKET,중문오일시장,33.25058008,126.4239435,제주특별자치도 서귀포시 천제연로188번길 12,제주특별자치도 서귀포시 중문동 2123-1
MKT000494,MARKET,고덕시장,36.74392963,126.7052158,충청남도 예산군 고덕면 용고길 342,충청남도 예산군 고덕면 대천리 783-3
MKT000495,MARKET,온양온천시장(온양전통시장),36.78329506,127.0042346,충청남도 아산시 시장길 29,충청남도 아산시 온천동 94-6
MKT000496,MARKET,둔포전통시장(둔포시장),36.92946679,127.0360407,충청남도 아산시 둔포면 둔포면로 25번길 15,충청남도 아산시 둔포면 둔포리 450-8
MKT000497,MARKET,장항전통시장,36.01556607,126.6945736,충청남도 서천군 장항읍 성화로 104,충청남도 서천군 장항읍 신창리 110
MKT000498,MARKET,해미읍성전통시장,36.71113407,126.5455675,충청남도 서산시 해미면 읍성마을2길 16,충청남도 서산시 해미면 읍내리 202
MKT000499,MARKET,서산동부전통시장(동부시장),36.78181899,126.4564432,충청남도 서산시 시장5로 15,충청남도 서산시 동문동 900-3
MKT000500,MARKET,대산종합시장,36.93800832,126.4339406,충청남도 서산시 대산읍 충의로 1942,충청남도 서산시 대산읍 대산리 119
MKT000501,MARKET,홍산시장,36.21394105,126.7576057,충청남도 부여군 홍산면 홍산시장로 45-10,충청남도 부여군 홍산면 남촌리 134-2
MKT000502,MARKET,부여 새시장,36.28098513,126.9096533,충청남도 부여군 부여읍 부여로 12,충청남도 부여군 부여읍 구아리 395-7
MKT000503,MARKET,부여중앙시장,36.28192426,126.91219,충청남도 부여군 부여읍 중앙로13번길 14-3,충청남도 부여군 부여읍 구아리 164-1
MKT000504,MARKET,부여시장,36.28149721,126.9075601,충청남도 부여군 부여읍 성왕로173번길 12,충청남도 부여군 부여읍 구아리 432
MKT000505,MARKET,웅천시장,36.23298807,126.6012701,충청남도 보령시 웅천읍 장터4길 24,충청남도 보령시 웅천읍 대창리 432-1
MKT000506,MARKET,대천항수산시장,36.32660911,126.5061075,충청남도 보령시 대천항로 370,충청남도 보령시 신흑동 2240-7
MKT000507,MARKET,현대시장(현대상가시장),36.34891076,126.5969368,충청남도 보령시 대흥로 16,충청남도 보령시 대천동 618-69
MKT000508,MARKET,보령한내시장,36.34962793,126.595819,충청남도 보령시 정화로길 13,충청남도 보령시 대천동 197-1
MKT000509,MARKET,보령중앙시장,36.35085519,126.5941055,충청남도 보령시 중앙시장1길 25-1,충청남도 보령시 대천동 331-7
MKT000510,MARKET,동부시장,36.34936157,126.5970013,충청남도 보령시 구상가길 14-5,충청남도 보령시 대천동 618-64
MKT000511,MARKET,합덕전통시장,36.80617206,126.7719672,충청남도 당진시 합덕읍 버그내2길 128-42,충청남도 당진시 합덕읍 운산리 253-47
MKT000512,MARKET,독천5일시장,34.72459224,126.5671189,전라남도 영암군 미암면 독천1길 19,전라남도 영암군 미암면 채지리 137
MKT000513,MARKET,신평시장,36.88353946,126.7759775,충청남도 당진시 신평면 신평로 804-1,충청남도 당진시 신평면 금천리 360-4
MKT000514,MARKET,연산전통시장,36.21627075,127.2164887,충청남도 논산시 연산면 연산4길 10-8,충청남도 논산시 연산면 연산리 392-8
MKT000515,MARKET,화지중앙시장,36.20691048,127.0852797,충청남도 논산시 중앙로492번길 20,충청남도 논산시 화지동 49
MKT000516,MARKET,강경젓갈시장,36.15755436,127.0098017,충청남도 논산시 강경읍 금백로 45,충청남도 논산시 강경읍 황산리 198
MKT000517,MARKET,강경대흥시장,36.15597686,127.0136799,충청남도 논산시 강경읍 대흥로 23- 1,충청남도 논산시 강경읍 대흥리 17-8
MKT000518,MARKET,마전시장,36.1906104,127.4669775,충청남도 금산군 추부면 마전1길 38,충청남도 금산군 추부면 마전리 547-1
MKT000519,MARKET,금산약초시장,36.1003757,127.4954712,충청남도 금산군 금산읍 비단로 144,충청남도 금산군 금산읍 중도리 31
MKT000520,MARKET,금산인삼쇼핑센타,36.1015148,127.4989542,충청남도 금산군 금산읍 인삼광장로 47,충청남도 금산군 금산읍 중도리 7-1
MKT000521,MARKET,반송골목시장,35.22428809,129.1503299,부산광역시 해운대구 아랫반송로39번길 18-3,부산광역시 해운대구 반송동 250-371
MKT000522,MARKET,반송큰시장(반송2동시장),35.23111721,129.1562096,부산광역시 해운대구 윗반송로51번길 86,부산광역시 해운대구 반송동 40-762
MKT000523,MARKET,부산데파트,35.0983104,129.0367073,부산광역시 중구 중앙대로 2,부산광역시 중구 중앙동7가 20-1
MKT000524,MARKET,영주시장,35.1116817,129.0373691,부산광역시 중구 대영로242번길 3,부산광역시 중구 영주동 601
MKT000525,MARKET,새영주시장,35.11270202,129.0363088,부산광역시 중구 초량중로 6,부산광역시 중구 영주동 20-16
MKT000526,MARKET,만물의거리시장,35.10148415,129.0285512,부산광역시 중구 국제시장 2길 24-1,부산광역시 중구 신창동4가 10-5
MKT000527,MARKET,신창상가,35.10117719,129.0302005,부산광역시 중구 중구로34번길 21-1,부산광역시 중구 신창동1가 19-2
MKT000528,MARKET,아리랑거리,35.10045891,129.0289644,부산광역시 중구 중구로30번길 12,부산광역시 중구 신창동3가 17-1
MKT000529,MARKET,국제시장,35.10153726,129.02807,"부산광역시 중구 중구로 42, 3층",부산광역시 중구 신창동4가 40-5
MKT000530,MARKET,월드밸리,35.10280033,129.0263688,부산광역시 중구 대청로 60,부산광역시 중구 부평동2가 2
MKT000531,MARKET,부평깡통시장,35.10128805,129.0257282,부산광역시 중구 부평1길 39,부산광역시 중구 부평동2가 68-9
MKT000532,MARKET,창선상가,35.10193912,129.027751,부산광역시 중구 중구로 45,부산광역시 중구 부평동1가 13-6
MKT000533,MARKET,보수종합시장,35.10421143,129.0218183,부산광역시 중구 보수대로 94,부산광역시 중구 보수동3가 46-1
MKT000534,MARKET,신천지시장,35.09704464,129.0278162,부산광역시 중구 자갈치로 33,부산광역시 중구 남포동6가 3
MKT000535,MARKET,신동아수산물종합시장,35.09671506,129.0286633,부산광역시 중구 자갈치로 42,부산광역시 중구 남포동5가 92
MKT000536,MARKET,부산자갈밭시장,35.09662907,129.030569,부산광역시 중구 자갈치해안로 52,부산광역시 중구 남포동4가 37-1
MKT000537,MARKET,시화유통상가,37.33533243,126.7284453,경기도 시흥시 공단1대로 244,경기도 시흥시 정왕동 1367-1
MKT000538,MARKET,남포동건어물도매시장,35.09683884,129.034719,부산광역시 중구 용미길10번길 1,부산광역시 중구 남포동1가 62-1
MKT000539,MARKET,청학시장,35.09660365,129.0603377,부산광역시 영도구 태종로 316번길 1,부산광역시 영도구 청학동 297-1
MKT000540,MARKET,남항시장,35.08890779,129.0422624,부산광역시 영도구 절영로 49번길 73-5,부산광역시 영도구 영선동2가 64-6
MKT000541,MARKET,영도봉래시장,35.09272066,129.0432785,부산광역시 영도구 태종로105번길 36,부산광역시 영도구 봉래동3가 13-2
MKT000542,MARKET,연일시장,35.18557048,129.0848866,부산광역시 연제구 고분로 24,부산광역시 연제구 연산동 636-28
MKT000543,MARKET,연미새시장,35.25220927,129.2088393,부산광역시 기장군 기장읍 배산로 22,부산광역시 기장군 기장읍 서부리 372
MKT000544,MARKET,영남종합시장,35.18077628,129.077026,부산광역시 연제구 중앙대로 1031,부산광역시 연제구 연산동 1364-2
MKT000545,MARKET,거제시장,35.18193157,129.0727929,부산광역시 연제구 거제시장로14번길28,부산광역시 연제구 거제동 486-1
MKT000546,MARKET,수영팔도시장,35.16877627,129.116898,부산광역시 수영구 수영로725번길 36,부산광역시 수영구 수영동 305-3
MKT000547,MARKET,민락씨랜드시장,35.15697591,129.1263963,부산광역시 수영구 광안해변로 299,부산광역시 수영구 민락동 181-228
MKT000548,MARKET,민락골목시장,35.15711176,129.1244534,부산광역시 수영구 광안해변로277번길 28-8,부산광역시 수영구 민락동 190-1
MKT000549,MARKET,방신전통시장,37.5715067,126.812647,서울특별시 강서구 방화동로16길32,서울특별시 강서구 방화동 579-1
MKT000550,MARKET,등마루시장,37.55666129,126.8602626,서울특별시 강서구 화곡로68길 120,서울특별시 강서구 등촌동 637-10
MKT000551,MARKET,장미원골목시장,37.64512114,127.015478,서울특별시 강북구 삼양로 469,서울특별시 강북구 수유동 319-5
MKT000552,MARKET,우이시장,37.64603946,127.020022,서울특별시 강북구 노해로 23길 68,서울특별시 강북구 수유동 270-185
MKT000553,MARKET,수유중앙시장,37.64033603,127.0211761,서울특별시 강북구 노해로17길 21,서울특별시 강북구 수유동 32-2
MKT000554,MARKET,수유프라자,37.63169515,127.0234508,서울특별시 강북구 도봉로 261,서울특별시 강북구 수유동 63
MKT000555,MARKET,수유전통시장(수유골목시장),37.63073125,127.0226688,서울특별시 강북구 도봉로67길 18,서울특별시 강북구 수유동 54-5
MKT000556,MARKET,백년시장(강북종합시장과별개의시장) 구 강북종합전통시장,37.64155145,127.0257426,서울특별시 강북구 한천로144길 12,서울특별시 강북구 수유동 177-7
MKT000557,MARKET,수유재래시장,37.63153319,127.0223292,서울특별시 강북구 도봉로71길 26,서울특별시 강북구 수유동 50-77
MKT000558,MARKET,수유시장,37.63073125,127.0226688,서울특별시 강북구 도봉로67길 18,서울특별시 강북구 수유동 54-5
MKT000559,MARKET,고분다리전통시장,37.54248857,127.1319259,서울특별시 강동구 구천면로34길 13,서울특별시 강동구 천호동 393-32
MKT000560,MARKET,광탄시장,37.78145915,126.8484774,경기도 파주시 광탄면 혜음로 1114,경기도 파주시 광탄면 신산리 222-7
MKT000561,MARKET,성내전통시장,37.53416778,127.1278835,서울특별시 강동구 천호대로162길 61,서울특별시 강동구 성내동 144-12
MKT000562,MARKET,양평물맑은시장,37.49093506,127.4925686,경기도 양평군 양평읍 양평장터길 15,경기도 양평군 양평읍 양근리 166-8
MKT000563,MARKET,명일전통시장,37.54952811,127.1449523,서울특별시 강동구 양재대로138길 20,서울특별시 강동구 명일동 333-2
MKT000564,MARKET,길동복조리시장,37.53907794,127.1438005,서울특별시 강동구 천중로52길 37,서울특별시 강동구 길동 360-4
MKT000565,MARKET,청담삼익시장,37.52244687,127.0576251,서울특별시 강남구 학동로 101길 26,서울특별시 강남구 청담동 134-20
MKT000566,MARKET,신사상가,37.53228744,127.028409,서울특별시 강남구 압구정로29길 72-1,서울특별시 강남구 압구정동 454
MKT000567,MARKET,강남시장,37.51876501,127.020678,서울특별시 강남구 압구정로 2길 46,서울특별시 강남구 신사동 510-11
MKT000568,MARKET,박달시장,37.40464613,126.9096092,경기도 안양시 만안구 양화로 132-3,경기도 안양시 만안구 박달동 21-8
MKT000569,MARKET,좌동재래시장,35.17302767,129.1744727,부산광역시 해운대구 좌동로91번길 20,부산광역시 해운대구 좌동 892
MKT000570,MARKET,재송한마음시장,35.18607852,129.1246024,부산광역시 해운대구 재반로 81-20,부산광역시 해운대구 재송동 1089-18
MKT000571,MARKET,재송시장,35.18658147,129.1236715,부산광역시 해운대구 재송1로60번길 16,부산광역시 해운대구 재송동 1080-5
MKT000572,MARKET,신안코아전통시장,37.29374218,126.8659834,경기도 안산시 상록구 석호로 315,경기도 안산시 상록구 본오동 871
MKT000573,MARKET,반여3동골목시장,35.19994225,129.1320557,부산광역시 해운대구 재반로256번길 8,부산광역시 해운대구 반여동 1607-2
MKT000574,MARKET,반여2동상가시장,35.19602122,129.129044,부산광역시 해운대구 해운대로61번길 95-83,부산광역시 해운대구 반여동 1291-1425
MKT000575,MARKET,반여시장,35.19770132,129.1334243,부산광역시 해운대구 재반로226번길 48,부산광역시 해운대구 반여동 1291-2
MKT000576,MARKET,중곡제일시장(이오상사),37.56391495,127.0813016,서울특별시 광진구 긴고랑로11길 11,서울특별시 광진구 중곡동 229-5
MKT000577,MARKET,신성종합시장(건물형),37.55808066,127.088052,서울특별시 광진구 용마산로 50,서울특별시 광진구 중곡동 79-7
MKT000578,MARKET,광성시장,37.56358171,127.0811202,서울특별시 광진구 능동로 47길 30,서울특별시 광진구 중곡동 229-15
MKT000579,MARKET,능동로골목시장,37.53517325,127.0666976,서울특별시 광진구 뚝섬로 30길 23,서울특별시 광진구 자양동 553-219
MKT000580,MARKET,조양시장(건물형),37.53899664,127.0674931,서울특별시 광진구 아차산로 30길 39,서울특별시 광진구 자양동 6-20
MKT000581,MARKET,노룬산시장(건물형),37.5364717,127.0648885,서울특별시 광진구 뚝섬로 491,서울특별시 광진구 자양동 44-2
MKT000582,MARKET,사강시장,37.21330187,126.7360034,경기도 화성시 송산면 사강로 183-1,경기도 화성시 송산면 사강리 662-2
MKT000583,MARKET,신림중앙시장,37.48314387,126.9114142,서울특별시 관악구 조원로16길 27,서울특별시 관악구 신림동 541
MKT000584,MARKET,원당종합시장,37.47441435,126.9659151,서울특별시 관악구 남부순환로248길 35,서울특별시 관악구 봉천동 1638-20
MKT000585,MARKET,신원시장,37.48206454,126.9273799,서울특별시 관악구 신원로3길 20-3,서울특별시 관악구 신림동 1599-3
MKT000586,MARKET,신림현대종합상가,37.47462597,126.9338049,서울특별시 관악구 신림로 29길 3-20,서울특별시 관악구 신림동 1694
MKT000587,MARKET,우림시장,37.47042842,126.9210041,서울특별시 관악구 난곡로 26길 19,서울특별시 관악구 신림동 638-50
MKT000588,MARKET,덕풍전통시장,37.54154098,127.202916,경기도 하남시 수리북로 22,경기도 하남시 덕풍동 328-12
MKT000589,MARKET,관악신사시장,37.48678805,126.9170747,서울특별시 관악구 관천로19길 89,서울특별시 관악구 신림동 494-34
MKT000590,MARKET,관악종합시장,37.4815694,126.9280588,서울특별시 관악구 신원로 23,서울특별시 관악구 신림동 1602-1
MKT000591,MARKET,적성전통시장,37.95460991,126.9186679,경기도 파주시 적성면 청송로 1023,경기도 파주시 적성면 마지리 46-8
MKT000592,MARKET,봉천중앙시장,37.48419585,126.954344,서울특별시 관악구 관악로 211,서울특별시 관악구 봉천동 32-2
MKT000593,MARKET,인헌시장,37.47486452,126.9647731,서울특별시 관악구 남부순환로246나길 14,서울특별시 관악구 봉천동 1636-4
MKT000594,MARKET,봉일시장,37.48590008,126.9383891,서울특별시 관악구 은천로 28,서울특별시 관악구 봉천동 951-25
MKT000595,MARKET,문산자유시장,37.85673243,126.7839395,경기도 파주시 문산읍 문향로 57,경기도 파주시 문산읍 문산리 10-23
MKT000596,MARKET,화곡중앙시장,37.53488481,126.8395077,서울특별시 강서구 월정로 30길 66,서울특별시 강서구 화곡동 362-144
MKT000597,MARKET,신월중앙시장,37.52796836,126.8419096,서울특별시 강서구 강서로 5나길 109,서울특별시 강서구 화곡동 929-1
MKT000598,MARKET,남부골목시장,37.53318098,126.8600236,서울특별시 강서구 등촌로5길 62-4,서울특별시 강서구 화곡동 801-9
MKT000599,MARKET,남부화곡시장,37.53307159,126.858949,서울특별시 강서구 등촌로5길 80,서울특별시 강서구 화곡동 830-1
MKT000600,MARKET,까치산시장,37.53152613,126.8478644,서울특별시 강서구 강서로 12길 14,서울특별시 강서구 화곡동 342-16
MKT000601,MARKET,대원종합시장,37.54448531,126.8364885,서울특별시 강서구 화곡로21길 78(건물형),서울특별시 강서구 화곡동 1023
MKT000602,MARKET,구미새마을중앙시장,36.13085045,128.3297934,경상북도 구미시 구미중앙로9길 11,경상북도 구미시 원평동 117-20
MKT000603,MARKET,답십리시장,37.57315455,127.0586943,서울특별시 동대문구 답십리로51길 4-1,서울특별시 동대문구 답십리동 66-17
MKT000604,MARKET,창동골목시장,37.63840333,127.0391448,서울특별시 도봉구 덕릉로58길 16,서울특별시 도봉구 창동 557-45
MKT000605,MARKET,창동신창시장,37.639431,127.0374459,서울특별시 도봉구 덕릉로 57길 17,서울특별시 도봉구 창동 578-47
MKT000606,MARKET,백운시장,37.65549577,127.0148796,서울특별시 도봉구 삼양로154길 30,서울특별시 도봉구 쌍문동 495-80
MKT000607,MARKET,쌍문시장,37.6483701,127.0329744,서울특별시 도봉구 도봉로113길 20,서울특별시 도봉구 쌍문동 94-29
MKT000608,MARKET,방학동도깨비시장,37.6659383,127.0362011,서울특별시 도봉구 도당로13가길 17,서울특별시 도봉구 방학동 633-15
MKT000609,MARKET,신도봉시장,37.67001862,127.0397055,서울특별시 도봉구 도당로19길 68,서울특별시 도봉구 도봉동 610-15
MKT000610,MARKET,신평전통시장,36.12315363,128.361175,경상북도 구미시 칠성로6길 48,경상북도 구미시 신평동 150-4
MKT000611,MARKET,경산공설시장,35.82052133,128.735749,경상북도 경산시 경안로31길 19,경상북도 경산시 서상동 10
MKT000612,MARKET,대명여울빛거리시장,37.45277209,126.9016513,서울특별시 금천구 시흥대로 212,서울특별시 금천구 시흥동 889-13
MKT000613,MARKET,장유전통시장(장유중앙시장),35.20056341,128.8148125,경상남도 김해시 장유로 287-22,경상남도 김해시 무계동 189-3
MKT000614,MARKET,비단길현대시장,37.45772129,126.9048774,서울특별시 금천구 독산로 27길 52,서울특별시 금천구 시흥동 848-31
MKT000615,MARKET,별빛남문시장,37.47374661,126.9004255,서울특별시 금천구 시흥대로 144길 17,서울특별시 금천구 독산동 984-10
MKT000616,MARKET,구로시장,37.48963599,126.8856144,서울특별시 구로구 구로동로22길 17-4,서울특별시 구로구 구로동 734-17
MKT000617,MARKET,남구로시장,37.49020442,126.8864389,서울특별시 구로구 구로동로26길 41,서울특별시 구로구 구로동 730-52
MKT000618,MARKET,고척골목시장상점가,37.50336999,126.862737,서울특별시 구로구 중앙로10길 8,서울특별시 구로구 고척동 51-10
MKT000619,MARKET,고척근린시장,37.50195711,126.8511138,서울특별시 구로구 고척로 40길 19,서울특별시 구로구 고척동 269-1
MKT000620,MARKET,가리봉시장,37.48167439,126.8890749,서울특별시 구로구 우마3길 15,서울특별시 구로구 가리봉동 123-62
MKT000621,MARKET,신성골목시장,37.55776458,127.0890249,서울특별시 광진구 영화사로 16,서울특별시 광진구 중곡동 79-12
MKT000622,MARKET,화양제일골목시장,37.54348798,127.0692963,서울특별시 광진구 아차산로29길 59,서울특별시 광진구 화양동 34-72
MKT000623,MARKET,중곡제일전통시장(중곡제일시장),37.56387861,127.081743,서울특별시 광진구 긴고랑로11길 14,서울특별시 광진구 중곡동 221-6
MKT000624,MARKET,자양전통시장,37.53438165,127.0791991,서울특별시 광진구 뚝섬로47길 45-2,서울특별시 광진구 자양동 613-11
MKT000625,MARKET,영동교골목시장,37.53751723,127.0642105,서울특별시 광진구 동일로10길 47,서울특별시 광진구 자양동 40-38
MKT000626,MARKET,노룬산골목시장,37.53636333,127.065341,서울특별시 광진구 뚝섬로25길 6,서울특별시 광진구 자양동 553-60
MKT000627,MARKET,한아름시장,37.54396524,127.0697607,서울특별시 광진구 능동로13길 39,서울특별시 광진구 화양동 10-1
MKT000628,MARKET,연희사러가,37.56714756,126.9296631,서울특별시 서대문구 연희맛로 23,서울특별시 서대문구 연희동 131-1
MKT000629,MARKET,안동구시장,36.56583641,128.7278869,경상북도 안동시 번영1길 55,경상북도 안동시 서부동 181-1
MKT000630,MARKET,아현시장,37.55640684,126.9550922,서울특별시 마포구 굴레방로7길 8,서울특별시 마포구 아현동 327-40
MKT000631,MARKET,마포농수산물시장,37.56519673,126.8984816,서울특별시 마포구 월드컵로 235,서울특별시 마포구 성산동 533-1
MKT000632,MARKET,형곡중앙시장,36.10639921,128.336566,경상북도 구미시 형곡로 186,경상북도 구미시 형곡동 321
MKT000633,MARKET,망원동월드컵시장,37.55873145,126.9050809,서울특별시 마포구 망원로7길 31,서울특별시 마포구 망원동 424-7
MKT000634,MARKET,마포시장,37.54514325,126.9538313,서울특별시 마포구 마포대로6길 26-1,서울특별시 마포구 공덕동 256-5
MKT000635,MARKET,공덕시장,37.54478749,126.9532661,서울특별시 마포구 만리재로 19,서울특별시 마포구 공덕동 256-10
MKT000636,MARKET,성대전통시장,37.4992128,126.9308577,서울특별시 동작구 국사봉1길 41,서울특별시 동작구 상도동 324-68
MKT000637,MARKET,성대시장,37.499747,126.9319148,서울특별시 동작구 상도로102,서울특별시 동작구 상도동 320-21
MKT000638,MARKET,상도전통시장,37.49874579,126.9521073,서울특별시 동작구 상도로 37길 62,서울특별시 동작구 상도동 467-2
MKT000639,MARKET,남성역골목시장,37.48297561,126.9723106,서울특별시 동작구 사당로 16가길 19,서울특별시 동작구 사당동 267-4
MKT000640,MARKET,구미산업유통단지,36.10987904,128.4026465,경상북도 구미시 3공단1로 302-7,경상북도 구미시 임수동 92-9
MKT000641,MARKET,회기시장,37.59096898,127.0549831,서울특별시 동대문구 회기로25길 11,서울특별시 동대문구 회기동 57-22
MKT000642,MARKET,청량리전통시장,37.58061231,127.043609,서울특별시 동대문구 경동시장로2길 49-3,서울특별시 동대문구 청량리동 773
MKT000643,MARKET,청량리농수산물시장,37.58091962,127.0408808,서울특별시 동대문구 경동시장로 22,서울특별시 동대문구 제기동 629-2
MKT000644,MARKET,청량리청과물시장,37.58021633,127.0424243,서울특별시 동대문구 왕산로33길 16,서울특별시 동대문구 제기동 635-12
MKT000645,MARKET,청량리종합시장,37.58015373,127.0410276,서울특별시 동대문구 홍릉로 1길 68-3,서울특별시 동대문구 제기동 647-11
MKT000646,MARKET,청량종합도매시장(깡통시장),37.58194677,127.0408474,서울특별시 동대문구 경동시장로30-7,서울특별시 동대문구 제기동 620-44
MKT000647,MARKET,동서시장,37.57972118,127.0412198,서울특별시 동대문구 왕산로33길 13,서울특별시 동대문구 제기동 650
MKT000648,MARKET,경동시장,37.57903713,127.0391477,서울특별시 동대문구 고산자로36길 3,서울특별시 동대문구 제기동 1019
MKT000649,MARKET,경동광성상가,37.5801094,127.0388992,서울특별시 동대문구 고산자로38길 5,서울특별시 동대문구 제기동 1028
MKT000650,MARKET,서울약령시장,37.58060041,127.0375866,서울특별시 동대문구 약령중앙로26,서울특별시 동대문구 제기동 1082
MKT000651,MARKET,전농로터리시장,37.57814687,127.057034,서울특별시 동대문구 전농로 15길 7,서울특별시 동대문구 전농동 295-52
MKT000652,MARKET,전곡시장,37.57789747,127.0684698,서울특별시 동대문구 한천로 190,서울특별시 동대문구 장안동 108-5
MKT000653,MARKET,종합제일시장,36.13031135,128.329651,경상북도 구미시 구미중앙로9길 7,경상북도 구미시 원평동 118-31
MKT000654,MARKET,답십리건축자재시장,37.56746274,127.053483,서울특별시 동대문구 고미술로 49,서울특별시 동대문구 답십리동 530-11
MKT000655,MARKET,신곡종합시장,37.5183654,126.8431968,서울특별시 양천구 남부순환로79길 37,서울특별시 양천구 신월동 575-17
MKT000656,MARKET,우성상가시장,37.52266806,126.8335949,서울특별시 양천구 지양로 78,서울특별시 양천구 신월동 928-1
MKT000657,MARKET,목동깨비시장 (목3동시장),37.54818867,126.8652236,서울특별시 양천구 목동중앙북로6길 5,서울특별시 양천구 목동 617-13
MKT000658,MARKET,목2동시장,37.54602681,126.8738616,서울특별시 양천구 목동중앙북로 16길3,서울특별시 양천구 목동 526
MKT000659,MARKET,목사랑시장 (목4동시장),37.53762108,126.8662157,서울특별시 양천구 목동중앙남로7길 8,서울특별시 양천구 목동 726-18
MKT000660,MARKET,영주소백쇼핑몰,36.8234917,128.6261751,경상북도 영주시 중앙로 80번길 33-12,경상북도 영주시 하망동 364-30
MKT000661,MARKET,새마을시장,37.50876138,127.0859863,서울특별시 송파구 석촌호수로12길 3-9,서울특별시 송파구 잠실동 210-33
MKT000662,MARKET,석촌시장,37.5001761,127.1065307,서울특별시 송파구 송파대로37길 52,서울특별시 송파구 석촌동 274-8
MKT000663,MARKET,방이시장,37.50995926,127.1178663,서울특별시 송파구 가락로 243,서울특별시 송파구 방이동 124-20
MKT000664,MARKET,마천중앙시장,37.49720945,127.1501548,서울특별시 송파구 마천로45길 14,서울특별시 송파구 마천동 135-4
MKT000665,MARKET,마천시장,37.49837418,127.1508638,서울특별시 송파구 마천로45길 29,서울특별시 송파구 마천동 140-2
MKT000666,MARKET,정릉시장,37.60946076,127.0090604,서울특별시 성북구 보국문로11길 18-19 (정릉시장 고객편의시설),서울특별시 성북구 정릉동 397-9
MKT000667,MARKET,정릉아리랑시장,37.60281126,127.0112339,서울특별시 성북구 정릉로26가길 32,서울특별시 성북구 정릉동 445-4
MKT000668,MARKET,장위전통시장,37.61128809,127.051034,서울특별시 성북구 장위로38길 46-1,서울특별시 성북구 장위동 68-88
MKT000669,MARKET,돌곶이시장(구 석관황금시장),37.60977806,127.062234,서울특별시 성북구 한천로73길 22,서울특별시 성북구 석관동 282-8
MKT000670,MARKET,영주중앙시장,36.82573412,128.6209774,경상북도 영주시 영주로 192번길 10-1,경상북도 영주시 영주동 547
MKT000671,MARKET,길음시장,37.60278279,127.0215958,서울특별시 성북구 동소문로 227,서울특별시 성북구 길음동 535-8
MKT000672,MARKET,용답상가시장,37.56417453,127.0525299,서울특별시 성동구 용답중앙길 59,서울특별시 성동구 용답동 57-17
MKT000673,MARKET,뚝도시장,37.53780127,127.0548196,서울특별시 성동구 성수이로 32-15,서울특별시 성동구 성수동2가 335-16
MKT000674,MARKET,마장축산물시장,37.57068419,127.0412827,서울특별시 성동구 마장로35길 68,서울특별시 성동구 마장동 439-1
MKT000675,MARKET,금남시장,37.54862374,127.02304,서울특별시 성동구 금호산2길 32,서울특별시 성동구 금호동3가 308
MKT000676,MARKET,양재시장,37.48430625,127.0379675,서울특별시 서초구 남부순환로356길 15,서울특별시 서초구 양재동 1-7
MKT000677,MARKET,남부종합시장,37.49499219,126.9848583,서울특별시 서초구 방배중앙로 27길 17,서울특별시 서초구 방배동 767-1
MKT000678,MARKET,인왕시장,37.59139941,126.9439326,서울특별시 서대문구 인왕시장길 36,서울특별시 서대문구 홍제동 298-7
MKT000679,MARKET,풍기인삼시장,36.87302772,128.5236126,경상북도 영주시 풍기읍인삼로8,경상북도 영주시 풍기읍 서부리 145-3
MKT000680,MARKET,유진상가,37.59159869,126.9429557,서울특별시 서대문구 홍은동 통일로 484,서울특별시 서대문구 홍은동 48-84
MKT000681,MARKET,풍산공설시장,36.57720568,128.5765756,경상북도 안동시 풍산읍 하리들길 7-1,경상북도 안동시 풍산읍 하리리 234-6
MKT000682,MARKET,광장시장,37.57011251,126.9997072,서울특별시 종로구 창경궁로 88,서울특별시 종로구 예지동 2-1
MKT000683,MARKET,신설종합시장,37.57266283,127.0203419,서울특별시 종로구 난계로27길 51,서울특별시 종로구 숭인동 206-9
MKT000684,MARKET,대림골목시장,37.58793463,126.9175061,서울특별시 은평구 응암로 12길 8,서울특별시 은평구 응암동 602-1
MKT000685,MARKET,증산종합시장,37.58145616,126.9050711,서울특별시 은평구 증산로3길 12,서울특별시 은평구 증산동 184-9
MKT000686,MARKET,신응암시장,37.59391806,126.9186943,서울특별시 은평구 응암로22길3-1,서울특별시 은평구 응암동 427-130
MKT000687,MARKET,대림시장,37.58679054,126.9177451,서울특별시 은평구 응암로4길 22,서울특별시 은평구 응암동 754-1
MKT000688,MARKET,청도공설시장,35.64393806,128.7460405,경상북도 청도군 청도읍 청도시장1길 21,경상북도 청도군 청도읍 고수리 778
MKT000689,MARKET,영주종합시장,36.81360395,128.6221385,경상북도 영주시 선비로79번길 40-12,경상북도 영주시 휴천동 305
MKT000690,MARKET,제일시장,37.61062032,126.9294636,서울특별시 은평구 통일로 731,서울특별시 은평구 대조동 14-1
MKT000691,MARKET,신영주번개시장,36.812877347235,128.621970231569,경상북도 영주시 선비로79번길,
MKT000692,MARKET,후암시장,37.55038071,126.9766339,서울특별시 용산구 한강대로104길 77,서울특별시 용산구 후암동 103-6
MKT000693,MARKET,이태원시장,37.53382214,126.9900549,서울특별시 용산구 이태원로14길 6,서울특별시 용산구 이태원동 56-9
MKT000694,MARKET,이촌종합시장,37.52073732,126.9747853,서울특별시 용산구 이촌로75길 16-9,서울특별시 용산구 이촌동 301-154
MKT000695,MARKET,신흥시장,37.54531838,126.9850858,서울특별시 용산구 신흥로 95-9,서울특별시 용산구 용산동2가 1-480
MKT000696,MARKET,만리시장,37.55133241,126.963696,서울특별시 용산구 효창원로 270,서울특별시 용산구 서계동 260-1
MKT000697,MARKET,보광시장,37.52719119,127.0002941,서울특별시 용산구 보광로 30,서울특별시 용산구 보광동 260-8
MKT000698,MARKET,영신상가,37.51991925,126.9066537,서울특별시 영등포구 영등포로 225,서울특별시 영등포구 영등포동5가 18-1
MKT000699,MARKET,삼구시장,37.52014379,126.9057597,서울특별시 영등포구 영등포로 219,서울특별시 영등포구 영등포동5가 20-62
MKT000700,MARKET,동남상가,37.52059746,126.9056573,서울특별시 영등포구 영등포로 37길4,서울특별시 영등포구 영등포동5가 24
MKT000701,MARKET,영일시장,37.51613921,126.9007199,서울특별시 영등포구 문래로30길 27,서울특별시 영등포구 문래동3가 10
MKT000702,MARKET,대림중앙시장,37.49190098,126.8995307,서울특별시 영등포구 디지털로53길 25-17,서울특별시 영등포구 대림동 1037-30
MKT000703,MARKET,영등포유통상가,37.52241744,126.8939303,서울특별시 영등포구 영등포로 109,서울특별시 영등포구 당산동2가 30-2
MKT000704,MARKET,오목교중앙시장,37.52026919,126.8757375,서울특별시 양천구 신목로4길 25,서울특별시 양천구 신정동 120-18
MKT000705,MARKET,신정제일시장,37.52084193,126.8536894,서울특별시 양천구 중앙로34길 30,서울특별시 양천구 신정동 1030-6
MKT000706,MARKET,경창시장,37.52493227,126.8421197,서울특별시 양천구 오목로9길 31,서울특별시 양천구 신월동 447-8
MKT000707,MARKET,신영시장,37.53301495,126.836027,서울특별시 양천구 월정로 161-5,서울특별시 양천구 신월동 114-18
MKT000708,MARKET,신중앙시장,37.56738265,127.0197632,서울특별시 중구 퇴계로85길 36,서울특별시 중구 황학동 442
MKT000709,MARKET,서울중앙시장,37.56738265,127.0197632,서울특별시 중구 퇴계로85길 36,서울특별시 중구 황학동 442
MKT000710,MARKET,방산종합시장,37.56872723,127.0008037,서울특별시 중구 동호로37길 20,서울특별시 중구 주교동 19-1
MKT000711,MARKET,평화시장,37.56942974,127.0080481,서울특별시 중구 청계천로 274,서울특별시 중구 을지로6가 17-48
MKT000712,MARKET,통일상가,37.56915955,127.006203,서울특별시 중구 청계천로 260-6,서울특별시 중구 을지로6가 17-11
MKT000713,MARKET,동화상가,37.5686099,127.0069161,서울특별시 중구 장충단로13길 34,서울특별시 중구 을지로6가 17-415
MKT000714,MARKET,중부시장,37.56506017,127.0019016,서울특별시 중구 을지로36길 35,서울특별시 중구 오장동 139-11
MKT000715,MARKET,신중부시장,37.56554672,126.9994114,서울특별시 중구 을지로30길 29,서울특별시 중구 오장동 44-8
MKT000716,MARKET,Team204,37.56771738,127.0131982,서울특별시 중구 마장로 30,서울특별시 중구 신당동 204-48
MKT000717,MARKET,테크노상가,37.56884362,127.0132437,서울특별시 중구 마장로1가길 17,서울특별시 중구 신당동 213-51
MKT000718,MARKET,청평화시장,37.5694651,127.0149417,서울특별시 중구 청계천로 334,서울특별시 중구 신당동 217-91
MKT000719,MARKET,제일평화시장,37.56851044,127.0114021,서울특별시 중구 마장로 13,서울특별시 중구 신당동 775
MKT000720,MARKET,벨포스트,37.56814098,127.0119871,서울특별시 중구 마장로 19,서울특별시 중구 신당동 776
MKT000721,MARKET,신평화패션타운,37.56945652,127.0110704,서울특별시 중구 청계천로 298,서울특별시 중구 신당동 217-1
MKT000722,MARKET,동평화시장,37.56933911,127.0137758,서울특별시 중구 청계천로 318,서울특별시 중구 신당동 217-92
MKT000723,MARKET,남평화시장,37.56917723,127.0108327,서울특별시 중구 장충단로 282-10,서울특별시 중구 신당동 772
MKT000724,MARKET,광희패션몰,37.56867257,127.0119193,서울특별시 중구 마장로1길 21,서울특별시 중구 신당동 777
MKT000725,MARKET,청계상가,37.56797977,126.9953591,서울특별시 중구 청계천로 160,서울특별시 중구 산림동 207-1
MKT000726,MARKET,대림상가,37.5671459,126.9954271,서울특별시 중구 을지로 157,서울특별시 중구 산림동 207-2
MKT000727,MARKET,삼익패션타운,37.56043619,126.9789484,서울특별시 중구 남대문시장8길 7,서울특별시 중구 남창동 5
MKT000728,MARKET,숭례문수입상가,37.5593725,126.9762097,서울특별시 중구 소월로 3,서울특별시 중구 남창동 51-1
MKT000729,MARKET,남대문시장,37.55918357,126.9776585,서울특별시 중구 남대문시장4길 21,서울특별시 중구 남창동 49-1
MKT000730,MARKET,통인시장,37.5807607,126.9699423,서울특별시 종로구 자하문로 15길 18,서울특별시 종로구 통인동 10-3
MKT000731,MARKET,동문시장㈜,37.57051095,127.011128,서울특별시 종로구 종로44길 14,서울특별시 종로구 창신동 436-41
MKT000732,MARKET,동대문종합시장 신관(동대문쇼핑타운),37.57081727,127.0080936,서울특별시 종로구 종로 272,서울특별시 종로구 종로6가 289-57
MKT000733,MARKET,동대문종합시장D동상가,37.57070019,127.0073238,서울특별시 종로구 종로 266,서울특별시 종로구 종로6가 262-1
MKT000734,MARKET,동대문종합시장,37.57070019,127.0073238,서울특별시 종로구 종로 266,서울특별시 종로구 종로6가 262-1
MKT000735,MARKET,한일상가,37.57013275,127.0030223,서울특별시 종로구 청계천로 229,서울특별시 종로구 종로5가 314-7
MKT000736,MARKET,종로신진시장,37.57023179,127.0049467,서울특별시 종로구 종로38길 16,서울특별시 종로구 종로5가 225-21
MKT000737,MARKET,수암종합시장,35.52750443,129.3210053,울산광역시 남구 수암로 128-1,울산광역시 남구 야음동 698-1
MKT000738,MARKET,울산번개시장,35.52023662,129.3367723,울산광역시 남구 신선로184번길 46-1,울산광역시 남구 야음동 375-55
MKT000739,MARKET,야음상가시장,35.52361147,129.3318662,울산광역시 남구 수암로 244-6,울산광역시 남구 야음동 815-10
MKT000740,MARKET,봉선시장,35.12904439,126.9100112,광주광역시 남구 봉선중앙로91번길 7,광주광역시 남구 봉선동 997-1
MKT000741,MARKET,신정평화시장,35.5383388,129.3035418,울산광역시 남구 봉월로 67번길 17,울산광역시 남구 신정동 1600-3
MKT000742,MARKET,월곡시장,35.17129717,126.8096437,광주광역시 광산구 사암로 300,광주광역시 광산구 월곡동 687-3
MKT000743,MARKET,(주)신정시장,35.54233666,129.310282,울산광역시 남구 월평로47번길 7,울산광역시 남구 신정동 630-1
MKT000744,MARKET,울산산업공구월드,35.53578321,129.342636,울산광역시 남구 갈밭로 24,울산광역시 남구 삼산동 1591-4
MKT000745,MARKET,세종전통시장,36.59978855,127.3006053,세종특별자치시 조치원읍 조치원8길 42,세종특별자치시 조치원읍 정리 19-1
MKT000746,MARKET,1913송정역시장(송정역전매일시장),35.13555958,126.7915346,광주광역시 광산구 송정로 8번길 33,광주광역시 광산구 송정동 971-1
MKT000747,MARKET,부강전통시장,36.52850118,127.3688876,세종특별자치시 부강면 부강5길 18,세종특별자치시 부강면 부강리 475-1
MKT000748,MARKET,세종대평시장,36.46727471,127.2820631,세종특별자치시 금남면 대평시장1길 17-2,세종특별자치시 금남면 용포리 205-42
MKT000749,MARKET,장미제일시장,37.60518362,127.0765334,서울특별시 중랑구 동일로143길 36,서울특별시 중랑구 묵동 249-109
MKT000750,MARKET,태능엔터피아,37.59926352,127.0775053,서울특별시 중랑구 동일로129길 35,서울특별시 중랑구 중화동 314-1
MKT000751,MARKET,신아타운,37.60645884,127.0947115,서울특별시 중랑구 봉화산로 194,서울특별시 중랑구 신내동 666
MKT000752,MARKET,동성타워프라자,37.60804247,127.0972055,서울특별시 중랑구 봉화산로 221,서울특별시 중랑구 신내동 786
MKT000753,MARKET,중랑교종합상가,37.59294778,127.077121,서울특별시 중랑구 망우로 32길 23,서울특별시 중랑구 상봉동 129-9
MKT000754,MARKET,사가정시장,37.58108117,127.0893792,서울특별시 중랑구 면목로44길 16,서울특별시 중랑구 면목동 472-45
MKT000755,MARKET,면목골목시장,37.57749074,127.0844409,서울특별시 중랑구 사가정로50길 84,서울특별시 중랑구 면목동 666-15
MKT000756,MARKET,면목시장,37.57954367,127.0862998,서울특별시 중랑구 면목로39길 11,서울특별시 중랑구 면목동 650
MKT000757,MARKET,동원시장,37.58983934,127.0898896,서울특별시 중랑구 면목로74길 45,서울특별시 중랑구 면목동 101-1
MKT000758,MARKET,동원전통종합시장,37.58982861,127.0921089,서울특별시 중랑구 상봉로11길 27-3,서울특별시 중랑구 면목동 74-58
MKT000759,MARKET,중랑동부시장(동부골목시장),37.59150529,127.0784896,서울특별시 중랑구 동일로109길 31-5,서울특별시 중랑구 면목동 183-118
MKT000760,MARKET,우림골목시장,37.59677029,127.0982661,서울특별시 중랑구 망우로62길 52-4,서울특별시 중랑구 망우동 463-44
MKT000761,MARKET,아트프라자,37.56918604,127.0128249,서울특별시 중구 마장로1길 28,서울특별시 중구 신당동 213-67
MKT000762,MARKET,자유상가,37.56095891,126.9797744,서울특별시 중구 남대문로 36,서울특별시 중구 회현동1가 202-1
MKT000763,MARKET,황학시장,37.56738265,127.0197632,서울특별시 중구 퇴계로85길 36,서울특별시 중구 황학동 442
MKT000764,MARKET,우정시장,35.5546219,129.3100695,울산광역시 중구 당산5길 10,울산광역시 중구 우정동 285-1
MKT000765,MARKET,옥골시장,35.55522127,129.3229683,울산광역시 중구 중앙시장길17-7,울산광역시 중구 옥교동 125-13
MKT000766,MARKET,중앙전통시장,35.55518019,129.3222945,울산광역시 중구 중앙시장길 2,울산광역시 중구 옥교동 275-4
MKT000767,MARKET,웰컴시티,35.5532821,129.319792,울산광역시 중구 젊음의2거리 29,울산광역시 중구 성남동 219-119
MKT000768,MARKET,성남프라자,35.55451452,129.3175561,울산광역시 중구 중앙3길 6,울산광역시 중구 성남동 190-239
MKT000769,MARKET,서동시장,35.58134597,129.3469851,울산광역시 중구 동천5길 12,울산광역시 중구 서동 38-6
MKT000770,MARKET,반구시장,35.55838456,129.3434151,울산광역시 중구 반구정14길 13,울산광역시 중구 반구동 448-9
MKT000771,MARKET,신울산종합시장,35.56123791,129.3373619,울산광역시 중구 서원6길 11,울산광역시 중구 반구동 100-1
MKT000772,MARKET,선우시장,35.57119003,129.3421705,울산광역시 중구 곽남14길 37,울산광역시 중구 남외동 385-3
MKT000773,MARKET,병영시장,35.57055602,129.3462842,울산광역시 중구 병영로14,울산광역시 중구 남외동 257-1
MKT000774,MARKET,덕하시장(덕하공설시장),35.49170116,129.3059222,울산광역시 울주군 청량읍 덕하장터길 9,울산광역시 울주군 청량읍 상남리 574-4
MKT000775,MARKET,곡천공설시장,35.46589516,129.2099662,울산광역시 울주군 웅촌면 곡천동문길 20-22,울산광역시 울주군 웅촌면 곡천리320-2
MKT000776,MARKET,명덕시장,35.84479169,128.5882688,대구광역시 남구 대명로 57길 10-46,대구광역시 남구 대명동 141-1
MKT000777,MARKET,덕신1차시장,35.43524428,129.3093532,,울산광역시 울주군 온산읍 덕신리 1280-21
MKT000778,MARKET,덕신2차시장,35.42934746,129.3100214,울산광역시 울주군 온산읍 신온7길 69,울산광역시 울주군 온산읍 덕신리 429
MKT000779,MARKET,언양알프스시장,35.5637023,129.1252974,울산광역시 울주군 언양읍 장터1길 12-1,울산광역시 울주군 언양읍 남부리 174-1
MKT000780,MARKET,언양종합상가시장,35.56370129,129.1256944,울산광역시 울주군 언양읍 장터1길22,울산광역시 울주군 언양읍 남부리 124-2
MKT000781,MARKET,언양공설시장,35.56280807,129.1258239833,,울산광역시 울주군 언양읍 남부리 336-20
MKT000782,MARKET,봉계공설시장,35.71338448,129.1991813,울산광역시 울주군 두동면 계명3길 9,울산광역시 울주군 두동면 봉계리 525
MKT000783,MARKET,화봉시장(화봉종합시장),35.5888166,129.3658234,울산광역시 북구 상방로 94,울산광역시 북구 화봉동 448-2
MKT000784,MARKET,호계공설시장,35.62361423,129.3557466,울산광역시 북구 호계3길 17-11,울산광역시 북구 호계동 869-1
MKT000785,MARKET,월봉시장,35.4949801,129.4248453,울산광역시 동구 화정6길 16,울산광역시 동구 화정동 640-17
MKT000786,MARKET,대송시장,35.49947701,129.4212232,울산광역시 동구 대송1길 49,울산광역시 동구 화정동 167-15
MKT000787,MARKET,전하시장 상점가,35.51378343,129.4307337,울산광역시 동구 녹수7길 32,울산광역시 동구 전하동 450-32
MKT000788,MARKET,동울산종합시장,35.50883546,129.4254273,울산광역시 동구 진성14길 77,울산광역시 동구 전하동 661-1
MKT000789,MARKET,남목마성시장,35.54272923,129.427385,울산광역시 동구 남목17길 9,울산광역시 동구 동부동 310-2
MKT000790,MARKET,자유시장,37.35023035,127.9486266,강원특별자치도 원주시 중앙시장길 11,강원특별자치도 원주시 중앙동 57
MKT000791,MARKET,양동경열로시장,35.15367146,126.900842,광주광역시 서구 경열로 140-1,광주광역시 서구 양동 307-28
MKT000792,MARKET,양동산업용품시장,35.15117026,126.9066176,광주광역시 서구 독립로 205,광주광역시 서구 양동 62-1
MKT000793,MARKET,양동수산전통시장,35.15323947,126.9016656,광주광역시 서구 천변좌로 246번길 16,광주광역시 서구 양동 5-254
MKT000794,MARKET,양동복개상가,35.15359895,126.903926,광주광역시 서구 천변좌로 243,광주광역시 서구 양동 441
MKT000795,MARKET,북평민속시장,37.48246871,129.1260256,강원특별자치도 동해시 오일장길 32,강원특별자치도 동해시 북평동 15-5
MKT000796,MARKET,양동닭전길시장,35.1528177,126.9039928,광주광역시 서구 천변좌로 262번길 4,광주광역시 서구 양동 5-56
MKT000797,MARKET,광주양동시장,35.15390747,126.9025538,광주광역시 서구 천변좌로 238,광주광역시 서구 양동 5-101
MKT000798,MARKET,중흥시장,35.1616112,126.9108534,광주광역시 북구 중흥로 154,광주광역시 북구 중흥동 684
MKT000799,MARKET,동부시장,35.1738826,126.9163398,광주광역시 북구 중문로9번길 39,광주광역시 북구 중흥동 272-6
MKT000800,MARKET,운암시장,35.1733763,126.8820026,광주광역시 북구 대자로 87,광주광역시 북구 운암동 94-7
MKT000801,MARKET,말바우시장,35.1729756,126.9213684,광주광역시 북구 동문대로97번길 55,광주광역시 북구 우산동 190-1
MKT000802,MARKET,두암시장,35.17157442,126.9293831,광주광역시 북구 금녕길 23,광주광역시 북구 두암동 856-5
MKT000803,MARKET,남광주시장,35.13929961,126.9208082,광주광역시 동구 제봉로17번길 18-6,광주광역시 동구 학동 84-23
MKT000804,MARKET,남광주해뜨는시장,35.13896721,126.9212584,광주광역시 동구 제봉로17번길 13-6,광주광역시 동구 학동 55-57
MKT000805,MARKET,산수시장,35.15348435,126.929739,광주광역시 동구 필문대로192번길 17-1,광주광역시 동구 산수동 558-58
MKT000806,MARKET,대인시장,35.15409833,126.917243,광주광역시 동구 제봉로194번길 10,광주광역시 동구 대인동 309-3
MKT000807,MARKET,밤고개자연시장(구 내덕자연시장),36.66241616,127.4886473,충청북도 청주시 청원구 공항로 58번길 14,충청북도 청주시 청원구 내덕동 396-7
MKT000808,MARKET,무등시장,35.13592608,126.8945422,광주광역시 남구 군분로27,광주광역시 남구 주월동 974-107
MKT000809,MARKET,덕산면전통시장,36.90858319,128.1679776,충청북도 제천시 덕산면 약초로 3길 24,충청북도 제천시 덕산면 도전리 431-2
MKT000810,MARKET,우산매일시장,35.16218922,126.8035258,광주광역시 광산구 우산로,광주광역시 광산구 우산동 1612- 1
MKT000811,MARKET,샘고을시장,35.56288287,126.8551048,전북특별차치도 정읍시 태평6길 25,전북특별차치도 정읍시 시기동 280-4
MKT000812,MARKET,송정매일시장,35.13745243,126.7968406,광주광역시 광산구 송정로 29번길 64,광주광역시 광산구 송정동 813-1
MKT000813,MARKET,송정5일시장,35.13708297,126.7969059,광주광역시 광산구 광산로30번길 65,광주광역시 광산구 송정동 884-1
MKT000814,MARKET,비아5일시장,35.22135885,126.8252669,광주광역시 광산구 비아중앙로 26-1,광주광역시 광산구 비아동 83-5
MKT000815,MARKET,죽도농산물시장,36.03457995,129.3679641,경상북도 포항시 북구 죽도시장2길 18,경상북도 포항시 북구 죽도동 5-22
MKT000816,MARKET,청하시장,36.19707872,129.33967,경상북도 포항시 북구 청하면 청하로 200번길 4,경상북도 포항시 북구 청하면 미남리 382-3
MKT000817,MARKET,민락회타운시장,35.15555236,129.1238191,부산광역시 수영구 민락수변로 1,부산광역시 수영구 민락동 181-84
MKT000818,MARKET,두류종합시장,35.84548989,128.5451496,대구광역시 달서구 당산동길 9,대구광역시 달서구 성당동 704-5
MKT000819,MARKET,상원시장,35.80903113,128.5512909,대구광역시 달서구 상인로9,대구광역시 달서구 상인동 1582-4
MKT000820,MARKET,대동시장,35.81166479,128.5377894,대구광역시 달서구 상원로 22-24,대구광역시 달서구 상인동 1472-1
MKT000821,MARKET,상인영남화성상가,35.81651479,128.5425742,대구광역시 달서구 상인서로 76,대구광역시 달서구 상인동 1517
MKT000822,MARKET,보성은하상가,35.82357763,128.5342978,대구광역시 달서구 월곡로 320,대구광역시 달서구 상인동 42
MKT000823,MARKET,춘천동부시장,37.87723546,127.7341739,강원특별자치도 춘천시 동부시장길8,강원특별자치도 춘천시 운교동 183
MKT000824,MARKET,달서송림시장,35.83685925,128.5470628,대구광역시 달서구 구마로 176,대구광역시 달서구 본동 225-1
MKT000825,MARKET,대구예전우시장,35.85853653,128.5620298,대구광역시 달서구 야외음악당로47길 111,대구광역시 달서구 두류동 136-6
MKT000826,MARKET,신내당시장,35.85461519,128.5538543,대구광역시 달서구 야외음악당로39길 62,대구광역시 달서구 두류동 486-1
MKT000827,MARKET,서대구시장,35.86059821,128.5706868,대구광역시 달서구 명덕로2길 30,대구광역시 달서구 두류동 1216-1
MKT000828,MARKET,도원시장,35.80756953,128.5367189,대구광역시 달서구 도원로동길 8,대구광역시 달서구 도원동 1437-1
MKT000829,MARKET,대곡시장,35.80758537,128.535454,대구광역시 달서구 도원로24,대구광역시 달서구 도원동 1432
MKT000830,MARKET,월성청구시장,35.82752932,128.5311131,,대구광역시 달서구 월성동 89-2
MKT000831,MARKET,서남신시장,35.85400583,128.5459007,대구광역시 달서구 달구벌대로329길 10,대구광역시 달서구 감삼동 62-4
MKT000832,MARKET,서남시장,35.85436588,128.5451779,대구광역시 달서구 달구벌대로 329길 17,대구광역시 달서구 감삼동 55-5
MKT000833,MARKET,대명신시장,35.85774192,128.5766374,대구광역시 남구 성당로60길 46,대구광역시 남구 대명동 2282-2
MKT000834,MARKET,봉덕시장,35.84571394,128.6036931,대구광역시 남구 대봉로17길5-3,대구광역시 남구 봉덕동 961-39
MKT000835,MARKET,춘천풍물시장,37.86622785,127.7195853,강원특별자치도 춘천시 영서로 2352-54,강원특별자치도 춘천시 온의동 148-1
MKT000836,MARKET,영선신시장,35.85230042,128.5929228,대구광역시 남구 중앙대로48길 36,대구광역시 남구 대명동 2014-204
MKT000837,MARKET,성당시장,35.85017533,128.5729677,대구광역시 남구 성당로 196,대구광역시 남구 대명동 3023-23
MKT000838,MARKET,인제시장,38.06709944,128.1710826,강원특별자치도 인제군 인제읍 인제로 178번길 14,강원특별자치도 인제군 인제읍 상동리 264-20
MKT000839,MARKET,대명시장,35.85840896,128.5771586,대구광역시 남구 명덕로 60,대구광역시 남구 대명동 2276-5
MKT000840,MARKET,남부시장,35.84140021,128.5769336,대구광역시 남구 현충로 19길43,대구광역시 남구 대명동 797-1
MKT000841,MARKET,광덕시장,35.83719185,128.582417,대구광역시 남구 자유6길50,대구광역시 남구 대명동 460-1
MKT000842,MARKET,관문시장,35.83553597,128.5590519,대구광역시 남구 관문시장2길 43,대구광역시 남구 대명동 1160
MKT000843,MARKET,관문상가시장,35.836547,128.5572825,대구광역시 남구 월배로 494,대구광역시 남구 대명동 1135-4
MKT000844,MARKET,대명중앙시장,35.83680695,128.5677124,대구광역시 남구 대명로20길 56,대구광역시 남구 대명동 1040-1
MKT000845,MARKET,복현전통신시장,35.89327545,128.619193,대구광역시 북구 경진로1길 68,대구광역시 북구 복현동 457-8
MKT000846,MARKET,동대구신시장,35.88219175,128.6097877,대구광역시 북구 대현로 100,대구광역시 북구 대현동 270-8
MKT000847,MARKET,동대구시장,35.88107854,128.6090909,대구광역시 북구 대현로20길 30,대구광역시 북구 대현동 390
MKT000848,MARKET,팔달신시장,35.89068549,128.5659616,대구광역시 북구 팔달로33길59,대구광역시 북구 노원동3가 750
MKT000849,MARKET,팔달시장,35.88904235,128.5708569,대구광역시 북구 팔달로 37길11,대구광역시 북구 노원동2가 375
MKT000850,MARKET,구암시장,35.926612,128.5541609,대구광역시 북구 태암남로11길 18,대구광역시 북구 구암동 693
MKT000851,MARKET,관음시장,35.94492263,128.5472275,대구광역시 북구 관음중앙로 28길1,대구광역시 북구 관음동 1284
MKT000852,MARKET,동구시장,35.87405704,128.6395727,대구광역시 동구 효목로 8,대구광역시 동구 효목동 533
MKT000853,MARKET,공항시장,35.8963962,128.6382503,대구광역시 동구 해동로3길 6,대구광역시 동구 지저동 694-41
MKT000854,MARKET,송라시장,35.87448493,128.6153117,대구광역시 동구 동부로5길 10,대구광역시 동구 신천동 537-13
MKT000855,MARKET,동대구역전시장,35.87430058,128.6205438,대구광역시 동구 동부로 16길 18,대구광역시 동구 신천동 278
MKT000856,MARKET,평화시장,35.88259424,128.6193963,대구광역시 동구 아양로 9길 6-6,대구광역시 동구 신암동 597-14
MKT000857,MARKET,동서시장,35.88820415,128.6333749,대구광역시 동구 아양로 37길51-1,대구광역시 동구 신암동 94-14
MKT000858,MARKET,목련시장,35.86998779,128.7046656,대구광역시 동구 반야월로30길 61-1,대구광역시 동구 신기동 271-2
MKT000859,MARKET,반야월종합시장,35.87240724,128.7024478,대구광역시 동구 율하동로 143,대구광역시 동구 신기동 174-1
MKT000860,MARKET,불로전통시장,35.87460697,128.688976,대구광역시 동구 반야월로1길 7,대구광역시 동구 용계동 702-31
MKT000861,MARKET,방촌시장,35.88130271,128.6644257,대구광역시 동구 동촌로46길 2,대구광역시 동구 방촌동 1067-2
MKT000862,MARKET,화원시장,35.8012506,128.4997345,대구광역시 달성군 화원읍 비슬로512길 66,대구광역시 달성군 화원읍 천내리 892-1
MKT000863,MARKET,현풍백년도깨비시장,35.69475898,128.4422247,대구광역시 달성군 현풍읍 현풍로 6길 5,대구광역시 달성군 현풍읍 원교리 12-5
MKT000864,MARKET,논공중앙시장,35.72838389,128.4465885,대구광역시 달성군 논공읍 용호로2길 12,대구광역시 달성군 논공읍 북리 824-33
MKT000865,MARKET,월배신시장,35.813256,128.5278755,대구광역시 달서구 월배로28안길 54,대구광역시 달서구 진천동 239-23
MKT000866,MARKET,월배시장,35.81407718,128.5273978,대구광역시 달서구 월배로24길 13,대구광역시 달서구 진천동 241-3
MKT000867,MARKET,성서보성화성상가,35.85566206,128.5041129,대구광역시 달서구 계대동문로 99,대구광역시 달서구 이곡동 1191
MKT000868,MARKET,용산종합큰시장,35.85805075,128.5311686,대구광역시 달서구 달구벌대로 301길 187-11,대구광역시 달서구 용산동 933
MKT000869,MARKET,성서용산시장,35.85513834,128.5213714,대구광역시 달서구 성지로 66-1,대구광역시 달서구 용산동 421-1
MKT000870,MARKET,성서와룡시장,35.85582107,128.4993227,대구광역시 달서구 성서서로69길 7,대구광역시 달서구 신당동 1788-3
MKT000871,MARKET,월촌역시장,35.8227509,128.548172,대구광역시 달서구 송현로12안길 38,대구광역시 달서구 송현동 1948-3
MKT000872,MARKET,두류신시장,35.84527773,128.5462301,대구광역시 달서구 당산동길 27,대구광역시 달서구 성당동 706-21
MKT000873,MARKET,수성시장,35.85565541,128.6170064,대구광역시 수성구 들안로 285-56,대구광역시 수성구 수성동2가 39-76
MKT000874,MARKET,동성시장,35.85591488,128.6171376,,대구광역시 수성구 수성2가 39-1
MKT000875,MARKET,수성현대시장,35.84946852,128.60939,대구광역시 수성구 신천동로 280,대구광역시 수성구 수성동1가 649-76
MKT000876,MARKET,청구시장,35.86482085,128.6440771,대구광역시 수성구 만촌로 66,대구광역시 수성구 만촌동 984-1
MKT000877,MARKET,중평시장,35.8653642,128.5539271,대구광역시 서구 서대구로 17길16,대구광역시 서구 평리동 1437-5
MKT000878,MARKET,신평리시장,35.86809726,128.5606785,대구광역시 서구 국채보상로 52길 33,대구광역시 서구 평리동 1205
MKT000879,MARKET,대평리시장,35.87800549,128.5589352,대구광역시 서구 문화로49길 25,대구광역시 서구 평리동 676-7
MKT000880,MARKET,서구시장,35.87393821,128.5556896,대구광역시 서구 국채보상로45길 33,대구광역시 서구 평리동 1085-1
MKT000881,MARKET,원대신시장,35.88552266,128.5748006,대구광역시 서구 달서로 54길 6,대구광역시 서구 원대동3가 1434-4
MKT000882,MARKET,원고개시장,35.88028056,128.5682981,대구광역시 서구 통학로46길 48,대구광역시 서구 비산동 566-2
MKT000883,MARKET,서부시장,35.87331075,128.5720521,대구광역시 서구 달서로 26길 7-2,대구광역시 서구 비산동 434-13
MKT000884,MARKET,새길시장,35.86504457,128.5715677,대구광역시 서구 달서로 17-7,대구광역시 서구 내당2 3동 968-7
MKT000885,MARKET,중앙시장,35.9216581,128.5449019,대구광역시 북구 태전로 15,대구광역시 북구 태전동 156-1
MKT000886,MARKET,칠성전자주방시장,35.88023823,128.6015542,대구광역시 북구 칠성시장로 73-1,대구광역시 북구 칠성동2가 409-711
MKT000887,MARKET,칠성상가시장,35.87561087,128.6053131,대구광역시 북구 칠성남로 230,대구광역시 북구 칠성동1가 150-2
MKT000888,MARKET,칠성본시장,35.87551455,128.6043822,대구광역시 북구 칠성시장로 15-1,대구광역시 북구 칠성동1가 97-1
MKT000889,MARKET,칠성진시장,35.87571704,128.6040652,대구광역시 북구 칠성시장로 19,대구광역시 북구 칠성동1가 89
MKT000890,MARKET,칠성시장,35.8763116,128.605428,대구광역시 북구 칠성남로 229,대구광역시 북구 칠성동1가 276-163
MKT000891,MARKET,삼성시장,35.87781555,128.6034764,대구광역시 북구 칠성시장로 42,대구광역시 북구 칠성동1가 276-108
MKT000892,MARKET,대구청과시장,35.87703471,128.6039146,대구광역시 북구 칠성시장로 34,대구광역시 북구 칠성동1가 276-102
MKT000893,MARKET,대구능금시장,35.87715081,128.6019682,대구광역시 북구 칠성남로 197-15,대구광역시 북구 칠성동1가 234-9
MKT000894,MARKET,봉평전통시장(봉평시장),37.61558646,128.3772728,강원특별자치도 평창군 봉평면 허생원장터길15,강원특별자치도 평창군 봉평면 창동리 397-34
MKT000895,MARKET,서변중앙시장,35.92100516,128.596183,대구광역시 북구 호국로43길 27,대구광역시 북구 서변동 1751
MKT000896,MARKET,전자상가,35.90545132,128.6049864,대구광역시 북구 유통단지로 25,대구광역시 북구 산격동 1626
MKT000897,MARKET,전자관,35.90720316,128.6070266,대구광역시 북구 유통단지로 45,대구광역시 북구 산격동 1621
MKT000898,MARKET,전기재료관,35.90506337,128.6077144,대구광역시 북구 유통단지로 38,대구광역시 북구 산격동 1665
MKT000899,MARKET,섬유제품관,35.90628079,128.6096663,대구광역시 북구 유통단지로 60,대구광역시 북구 산격동 1667
MKT000900,MARKET,산업용재관,35.90497291,128.6063945,대구광역시 북구 유통단지로 16,대구광역시 북구 산격동 1629
MKT000901,MARKET,산격종합시장,35.8986391,128.6103422,대구광역시 북구 대동로1길 34,대구광역시 북구 산격동 1258
MKT000902,MARKET,전기조명관,35.90569574,128.6082699,대구광역시 북구 유통단지로 50,대구광역시 북구 산격동 1666
MKT000903,MARKET,경안시장,37.40885235,127.2570231,경기도 광주시 경안로25번길 14-1,경기도 광주시 경안동 33-16
MKT000904,MARKET,신중앙시장,36.32729269,127.4336344,대전광역시 동구 중앙로200번길 85,대전광역시 동구 원동 40-1
MKT000905,MARKET,중앙종합시장,36.32858655,127.4322049,대전광역시 동구 중교로 119,대전광역시 동구 원동 65-7
MKT000906,MARKET,가평잣고을시장,37.82972123,127.5148873,경기도 가평군 가평읍 장터2길 12,경기도 가평군 가평읍 읍내리 405
MKT000907,MARKET,신도시장,36.3495206,127.447114,대전광역시 동구 흥룡로37번길 12,대전광역시 동구 가양동 38-5
MKT000908,MARKET,중리시장,36.3655916,127.4263925,대전광역시 대덕구 중리북로31번길 26,대전광역시 대덕구 중리동 372-6
MKT000909,MARKET,송촌시장,36.36463844,127.439864,대전광역시 대덕구 동춘당로 83,대전광역시 대덕구 송촌동 476-1
MKT000910,MARKET,신탄진시장,36.44915618,127.4265148,대전광역시 대덕구 석봉로43번길 37,대전광역시 대덕구 석봉동 417-43
MKT000911,MARKET,법동시장,36.36622183,127.4315773,대전광역시 대덕구 계족로608번길 23,대전광역시 대덕구 법동 200-7
MKT000912,MARKET,중앙시장,35.87237538,128.5931143,대구광역시 중구 경상감영길101,대구광역시 중구 포정동 21-3
MKT000913,MARKET,번개시장,35.87508428,128.5981288,대구광역시 중구 태평로 177-3,대구광역시 중구 태평로1가 1-152
MKT000914,MARKET,약령시장,35.86812814,128.5899293,대구광역시 중구 남성로 27-1,대구광역시 중구 남성로 52-2
MKT000915,MARKET,서문시장4지구종합대체상가(베네시움),35.86672736,128.5827273,대구광역시 중구 달성로 18,대구광역시 중구 동산동 562
MKT000916,MARKET,서문시장2지구종합상가,35.86881497,128.579536,대구광역시 중구 큰장로26길25,대구광역시 중구 대신동 2105
MKT000917,MARKET,명품프라자상가,35.86990532,128.5809084,대구광역시 중구 큰장로 28길 27,대구광역시 중구 대신동 115-112
MKT000918,MARKET,서문시장 제1지구1층(직물시장),35.86938777,128.5798352,대구광역시 중구 큰장로28길 10,대구광역시 중구 대신동 115-379
MKT000919,MARKET,서문시장 제1지구2층(포목시장),35.86938777,128.5798352,대구광역시 중구 큰장로28길 10,대구광역시 중구 대신동 115-379
MKT000920,MARKET,서문시장 아진상가,35.86995064,128.5815736,대구광역시 중구 큰장로 28길39,대구광역시 중구 대신동 115-381
MKT000921,MARKET,동산상가,35.86895745,128.5817199,대구광역시 중구 큰장로26길 65,대구광역시 중구 대신동 115-30
MKT000922,MARKET,서문시장5지구,35.86808104,128.5784697,대구광역시 중구 큰장로26길 6,대구광역시 중구 대신동 115-400
MKT000923,MARKET,서문시장건해산물상가,35.8681669,128.5794789,대구광역시 중구 큰장로 26안길5,대구광역시 중구 대신동 265-5
MKT000924,MARKET,방천시장,35.86113952,128.6072142,대구광역시 중구 달구벌대로450길16-3,대구광역시 중구 대봉동 4-9
MKT000925,MARKET,교동시장,35.8732548,128.5967856,대구광역시 중구 교동길 40 (교동시장),대구광역시 중구 교동 67-12
MKT000926,MARKET,염매시장,35.86686144,128.5916753,대구광역시 중구 종로 11-9,대구광역시 중구 계산동2가 252
MKT000927,MARKET,황금시장,35.84839977,128.6199562,대구광역시 수성구 청솔로 19,대구광역시 수성구 황금동 746
MKT000928,MARKET,지산목련시장(지산종합시장),35.82079684,128.631863,대구광역시 수성구 용학로42길 9,대구광역시 수성구 지산동 1199-10
MKT000929,MARKET,신매시장,35.83727706,128.70972,대구광역시 수성구 신매로16길 24-4,대구광역시 수성구 신매동 576-2
MKT000930,MARKET,태백시장,35.85519908,128.6167578,,대구광역시 수성구 수성동2가 39-4
MKT000931,MARKET,원미종합시장,37.49368572,126.79018,경기도 부천시 원미구 조종로49번길 21-3,경기도 부천시 원미구 원미동 97-12
MKT000932,MARKET,장전상가시장,35.23085024,129.0861108,부산광역시 금정구 부산대학로49번길 13,부산광역시 금정구 장전동 421-7
MKT000933,MARKET,장성시장,35.23744721,129.0855549,부산광역시 금정구 수림로61번길 53,부산광역시 금정구 장전동 155-17
MKT000934,MARKET,서동향토시장,35.21593515,129.1033531,부산광역시 금정구 서부로 21-1,부산광역시 금정구 서동 194-1
MKT000935,MARKET,서동전통골목시장,35.21527847,129.1022491,부산광역시 금정구 서동로 143,부산광역시 금정구 서동 340-27
MKT000936,MARKET,서동시장,35.21641237,129.1023592,부산광역시 금정구 서동로141번길 21,부산광역시 금정구 서동 302
MKT000937,MARKET,부곡상가시장,35.22548538,129.0915165,부산광역시 금정구 부곡로107,부산광역시 금정구 부곡동 304-1
MKT000938,MARKET,금사제일상가시장,35.22045187,129.1125513,부산광역시 금정구 개좌로81,부산광역시 금정구 금사동 68-14
MKT000939,MARKET,구서오시게시장,35.24734164,129.089741,부산광역시 금정구 구서로12,부산광역시 금정구 구서동 87-9
MKT000940,MARKET,명지시장,35.11253967,128.931598,부산광역시 강서구 신포길 17번길 27,부산광역시 강서구 명지동 1-377
MKT000941,MARKET,태평전통시장,36.32593972,127.3976994,대전광역시 중구 수침로 55번길 56,대전광역시 중구 태평동 333-8
MKT000942,MARKET,유천전통시장,36.31724169,127.3954838,대전광역시 중구 문화로 105번길 113,대전광역시 중구 유천동 303-10
MKT000943,MARKET,용두전통시장,36.32341318,127.4145695,대전광역시 중구 계룡로 881번길 53,대전광역시 중구 용두동 12-2
MKT000944,MARKET,오류전통시장,36.32194898,127.407958,대전광역시 중구 계룡로882번길 72,대전광역시 중구 오류동 162-13
MKT000945,MARKET,산성뿌리전통시장,36.30655402,127.3871238,대전광역시 중구 대둔산로 420,대전광역시 중구 산성동 285-1
MKT000946,MARKET,부사전통시장,36.31413817,127.4353766,대전광역시 중구 대종로316번길 16,대전광역시 중구 부사동 148-6
MKT000947,MARKET,강남시장,37.50749709,126.7814665,경기도 부천시 원미구 옥산로154번길 21,경기도 부천시 원미구 도당동 274-54
MKT000948,MARKET,송강전통시장,36.43519975,127.386613,대전광역시 유성구 구즉로 74-7,대전광역시 유성구 송강동 49-10
MKT000949,MARKET,산본시장,37.37016452,126.938529,경기도 군포시 산본천로183번길 6,경기도 군포시 산본동 251-4
MKT000950,MARKET,한민시장,36.33461781,127.3840015,대전광역시 서구 도솔로308번길 27,대전광역시 서구 괴정동 88-34
MKT000951,MARKET,중앙상가시장,36.32961777,127.4311303,대전광역시 동구 대전로791번길 38,대전광역시 동구 중동 28-45
MKT000952,MARKET,대전도매시장,36.3293259852937,127.43202423211,대전광역시 동구 대전로 785번길,
MKT000953,MARKET,인동시장,36.3225352,127.4359133,대전광역시 동구 대전천동로 452,대전광역시 동구 인동 30-2
MKT000954,MARKET,대전상가시장,36.32178451,127.4366553,대전광역시 동구 충무로 185,대전광역시 동구 인동 52-1
MKT000955,MARKET,정원시장,36.32911119,127.4316621,대전광역시 동구 중앙로 194번길 33,대전광역시 동구 원동 64-1
MKT000956,MARKET,전통중앙도매상가,36.32983375,127.4337042,대전광역시 동구 대전로 786,대전광역시 동구 원동 20-49
MKT000957,MARKET,중앙메가프라자,36.3267328,127.4339543,대전광역시 동구 중앙로 200번길 99,대전광역시 동구 원동 42-1
MKT000958,MARKET,군포역전시장,37.35386933,126.9476622,경기도 군포시 군포로538번길 18,경기도 군포시 당동 750-9
MKT000959,MARKET,민락어패류시장,35.1556955,129.1243612,부산광역시 수영구 광안해변로 278,부산광역시 수영구 민락동 181-8
MKT000960,MARKET,충렬상가시장,35.19809586,129.1099534,부산광역시 동래구 충렬대로459번길 73-10,부산광역시 동래구 안락동 464-21
MKT000961,MARKET,안락상가시장,35.19547988,129.1033085,부산광역시 동래구 충렬대로410번길 21,부산광역시 동래구 안락동 603-1
MKT000962,MARKET,서원시장,35.20039365,129.0990109,부산광역시 동래구 충렬대로359번길 55,부산광역시 동래구 안락동 425-51
MKT000963,MARKET,수안인정시장,35.20149174,129.0865781,부산광역시 동래구 충렬대로245번길 8,부산광역시 동래구 수안동 275-2
MKT000964,MARKET,사직시장,35.20005107,129.0623223,부산광역시 동래구 사직북로34번길 48,부산광역시 동래구 사직동 49-1
MKT000965,MARKET,국민시장,35.19840108,129.0582405,부산광역시 동래구 사직북로33번길 31,부산광역시 동래구 사직동 44-1
MKT000966,MARKET,신정시장,35.19679122,129.0694863,부산광역시 동래구 아시아드대로134번길 62,부산광역시 동래구 사직동 128-1
MKT000967,MARKET,원종종합시장,37.51974201,126.8055478,경기도 부천시 오정구 삼작로 394,경기도 부천시 오정구 원종동 372-1
MKT000968,MARKET,명장시장,35.20403146,129.1074706,부산광역시 동래구 명장로64번길 12,부산광역시 동래구 명장동 145-9
MKT000969,MARKET,초량전통시장,35.11804138,129.0396662,부산광역시 동구 초량로13번길 24,부산광역시 동구 초량동 308-1
MKT000970,MARKET,초량상가시장,35.11890115,129.0399838,부산광역시 동구 초량로 15,부산광역시 동구 초량동 200
MKT000971,MARKET,수정전통시장,35.1298115172195,129.046647448575,부산광역시 동구 진성로21번길,
MKT000972,MARKET,수정시장,35.12823716,129.0463919,부산광역시 동구 고관로 106,부산광역시 동구 수정동 170-1
MKT000973,MARKET,범일골목시장,35.14161538,129.0544611,부산광역시 동구 범곡북로 11,부산광역시 동구 범일동 1307-9
MKT000974,MARKET,부산진시장,35.13642531,129.0588399,부산광역시 동구 진시장로 24,부산광역시 동구 범일동 290-1
MKT000975,MARKET,부산남문시장,35.13592329,129.0586847,부산광역시 동구 범일로65번길 8,부산광역시 동구 범일동 290-3
MKT000976,MARKET,부산자유시장,35.14096583,129.0610388,부산광역시 동구 조방로 48,부산광역시 동구 범일동 830-24
MKT000977,MARKET,성북시장,35.13855921,129.0481765273,,부산광역시 동구 범일동 1430-6
MKT000978,MARKET,우암골목시장,35.12618059,129.0709109,부산광역시 남구 장고개로 9-1,부산광역시 남구 우암동 226-17
MKT000979,MARKET,용호1동골목시장,35.1243582,129.1102038,부산광역시 남구 용호로106번길 56,부산광역시 남구 용호동 215-14
MKT000980,MARKET,용호시장,35.11491426,129.1127725,부산광역시 남구 동명로 152번길 93,부산광역시 남구 용호동 516-10
MKT000981,MARKET,용호삼성시장,35.12389935,129.1105368,부산광역시 남구 용호로 106번길 40,부산광역시 남구 용호동 128-1
MKT000982,MARKET,용호골목시장,35.11640599,129.1114621,부산광역시 남구 용호로 177번길5,부산광역시 남구 용호동 494-19
MKT000983,MARKET,대연시장,35.13567567,129.0884182,부산광역시 남구 못골로 56,부산광역시 남구 대연동 1760-1
MKT000984,MARKET,못골골목시장,35.13586205,129.0896296,부산광역시 남구 못골로 66-1,부산광역시 남구 대연동 1416-23
MKT000985,MARKET,남광시장,35.12399327,129.0887175,부산광역시 남구 홍곡로 359,부산광역시 남구 대연동 1169-1
MKT000986,MARKET,성곡종합시장,35.17478551,129.0480782,부산광역시 부산진구 새싹로 207-6,부산광역시 부산진구 초읍동 271-6
MKT000987,MARKET,전포놀이터시장,35.15872913,129.0673027,부산광역시 부산진구 서전로67번길 20,부산광역시 부산진구 전포동 198-11
MKT000988,MARKET,서면중앙시장,35.16087856,129.0632892,부산광역시 부산진구 동성로 143,부산광역시 부산진구 전포동 608-1
MKT000989,MARKET,연지시장,35.17090389,129.0513996,부산광역시 부산진구 연지로14,부산광역시 부산진구 연지동 190-40
MKT000990,MARKET,양정전통시장,35.17359419,129.069435,부산광역시 부산진구 동평로 410,부산광역시 부산진구 양정동 370-1
MKT000991,MARKET,양정시장,35.17278081,129.0697876,부산광역시 부산진구 동평로420번길 18,부산광역시 부산진구 양정동 390
MKT000992,MARKET,부전기장골목시장,35.16220291,129.0612344,부산광역시 부산진구 중앙대로775번길 21,부산광역시 부산진구 부전동 341-70
MKT000993,MARKET,서면시장,35.15565904,129.0581395,부산광역시 부산진구 서면로 56,부산광역시 부산진구 부전동 256-6
MKT000994,MARKET,부산전자종합시장,35.16375165,129.0624353,부산광역시 부산진구 부전로 196,부산광역시 부산진구 부전동 27-1
MKT000995,MARKET,부전농수산물새벽시장,35.16224371,129.0583055,부산광역시 부산진구 부전로 156,부산광역시 부산진구 부전동 347-1
MKT000996,MARKET,부전상가,35.16034809,129.0595526,부산광역시 부산진구 중앙대로 755번길 21,부산광역시 부산진구 부전동 265-25
MKT000997,MARKET,부전인삼시장,35.16323429,129.0609058,부산광역시 부산진구 중앙대로783번길 23 (부전시장),부산광역시 부산진구 부전동 573-3
MKT000998,MARKET,서면종합시장,35.16191688,129.0589776,부산광역시 부산진구 부전로 162번길 28,부산광역시 부산진구 부전동 347-40
MKT000999,MARKET,부전시장,35.16323429,129.0609058,부산광역시 부산진구 중앙대로 783번길 23,부산광역시 부산진구 부전동 573-3
MKT001000,MARKET,골드테마거리,35.14193347,129.0597796,부산광역시 부산진구 범일로 134 중앙빌딩,부산광역시 부산진구 법천1동 836-1
MKT001001,MARKET,철뚝시장,35.14221852,129.061564,부산광역시 부산진구 자유평화로3번길 14-15,부산광역시 부산진구 범천동 839-36
MKT001002,MARKET,부산평화시장,35.14169298,129.0606731,부산광역시 부산진구 자유평화로 7,부산광역시 부산진구 범천동 839-212
MKT001003,MARKET,동평새시장,35.16662939,129.0409121,부산광역시 부산진구 백양순환로164번길 15,부산광역시 부산진구 당감동 315-4
MKT001004,MARKET,국제상가,35.16843795,129.0282049,부산광역시 부산진구 백양관문로 104-1,부산광역시 부산진구 당감동 791
MKT001005,MARKET,당감새시장,35.16505858,129.0421458,부산광역시 부산진구 백양대로 60번길 64,부산광역시 부산진구 당감동 292-118
MKT001006,MARKET,당감골목시장,35.16354772,129.0414277,부산광역시 부산진구 당감로16번길 33,부산광역시 부산진구 당감동 262-77
MKT001007,MARKET,개금큰시장,35.14851071,129.0178858,부산광역시 부산진구 엄광로 15,부산광역시 부산진구 개금동 615-16
MKT001008,MARKET,원종중앙시장,37.52507056,126.8023099,경기도 부천시 오정구 성오로124번길 47,경기도 부천시 오정구 원종동 209-5
MKT001009,MARKET,가야벽산상가,35.14746265,129.0281338,부산광역시 부산진구 엄광로 122,부산광역시 부산진구 가야동 669-9
MKT001010,MARKET,온천인정시장,35.22311521,129.0831563,부산광역시 동래구 온천장로125번길 41-2,부산광역시 동래구 온천동 146-29
MKT001011,MARKET,금성상가시장,35.20817748,129.0719375,부산광역시 동래구 우장춘로4번길 23-8,부산광역시 동래구 온천동 1407-2
MKT001012,MARKET,금강시장,35.20162069,129.0685651,부산광역시 동래구 아시아드대로208번길 48,부산광역시 동래구 온천동 1376-7
MKT001013,MARKET,사하시장,35.09835125,128.986466,부산광역시 사하구 장평로 451,부산광역시 사하구 괴정동 550-38
MKT001014,MARKET,괴정골목시장,35.09934084,128.9937052,부산광역시 사하구 사하로 198,부산광역시 사하구 괴정동 964-17
MKT001015,MARKET,감천2동시장,35.09387881,129.0088484,부산광역시 사하구 옥천로75번길 17,부산광역시 사하구 감천동 13-13
MKT001016,MARKET,감천시장,35.08826986,129.0055375,부산광역시 사하구 옥천로 8,부산광역시 사하구 감천동 471
MKT001017,MARKET,영해종합시장,35.14070935,128.9879557,부산광역시 사상구 학감대로 109-10,부산광역시 사상구 학장동 570-2
MKT001018,MARKET,학장반도보라상가,35.1372845,128.9791729,부산광역시 사상구 수산시 사상구 대동로 98,부산광역시 사상구 수산시 사상구 학장동 573-1
MKT001019,MARKET,구덕대림상가,35.13532193,128.9922457,부산광역시 사상구 학감대로49번길 62,부산광역시 사상구 학장동 167-3
MKT001020,MARKET,주례럭키종합상가,35.14874465,129.0029195,부산광역시 사상구 가야대로 284번길 12,부산광역시 사상구 주례동 595-4
MKT001021,MARKET,주례현대무지개상가,35.14496154,129.0049881,부산광역시 사상구 주례로 93,부산광역시 사상구 주례동 530-5
MKT001022,MARKET,부산광역시철강판매협동조합,35.13320862,128.9666014,부산광역시 사상구 강변대로532번길 17-26,부산광역시 사상구 엄궁동 643-4
MKT001023,MARKET,부산광역시건축자재판매협동조합,35.13287687,128.9653867,부산광역시 사상구 강변대로 570,부산광역시 사상구 엄궁동 642
MKT001024,MARKET,모라전통시장,35.18763297,128.9874408,부산광역시 사상구 사상로 483,부산광역시 사상구 모라동 1089-3
MKT001025,MARKET,우신종합상가,35.18311806,128.9912824,부산광역시 사상구 백양대로 880,부산광역시 사상구 모라동 1362
MKT001026,MARKET,복이있는덕포시장,35.17128054,128.9822575,부산광역시 사상구 사상로293번길12,부산광역시 사상구 덕포동 421-13
MKT001027,MARKET,사상시장,35.1666584,128.9855035,부산광역시 사상구 사상로250번길 58,부산광역시 사상구 괘법동 379-1
MKT001028,MARKET,르네시떼시장,35.16433455,128.9777212,부산광역시 사상구 광장로7,부산광역시 사상구 괘법동 529-1
MKT001029,MARKET,부산산업용품상협동조합,35.15975736,128.9804306,부산광역시 사상구 괘감로 37,부산광역시 사상구 괘법동 578
MKT001030,MARKET,감전시장,35.15610243,128.984607,부산광역시 사상구 새벽로168번길 21-6,부산광역시 사상구 감전동 121-12
MKT001031,MARKET,부산새벽시장,35.15414647,128.9824232,부산광역시 사상구 새벽로 141,부산광역시 사상구 감전동 143-16
MKT001032,MARKET,부산산업용재유통상가,35.15329601,128.9810797,부산광역시 사상구 새벽로 131,부산광역시 사상구 감전동 152-2
MKT001033,MARKET,감전제일상가시장,35.15632853,128.9845501,부산광역시 사상구 새벽로168번길 21-11,부산광역시 사상구 감전동 121-12
MKT001034,MARKET,만덕2동제일상가시장,35.2022338,129.0361266,부산광역시 북구 함박봉로140번길 109,부산광역시 북구 만덕동 945-2
MKT001035,MARKET,만덕시장,35.21449706,129.0353682,부산광역시 북구 만덕1로24번길 8,부산광역시 북구 만덕동 829
MKT001036,MARKET,덕천시장,35.21121969,129.0134242,,부산광역시 북구 덕천동 411-5
MKT001037,MARKET,구포축산물도매시장,35.19619211,128.9892082,부산광역시 북구 사상로583번길 25,부산광역시 북구 구포동 1188-3
MKT001038,MARKET,정이있는구포시장,35.20835959,129.0038559,부산광역시 북구 구포시장2길 8,부산광역시 북구 구포동 599-39
MKT001039,MARKET,초읍시장,35.17731689,129.0528596,부산광역시 부산진구 성지로51번길 60,부산광역시 부산진구 초읍동 225
MKT001040,MARKET,광안어패류시장,35.1555939,129.1245334,부산광역시 수영구 민락수변로7번길 19,부산광역시 수영구 민락동 181-72
MKT001041,MARKET,망미중앙시장,35.17568162,129.106878,부산광역시 수영구 망미배산로10번길 40,부산광역시 수영구 망미동 431-6
MKT001042,MARKET,망미새상가시장,35.17360458,129.100461,부산광역시 수영구 연수로263번길 12-32,부산광역시 수영구 망미동 831-13
MKT001043,MARKET,망미삼성상가시장,35.16942604,129.1028127,부산광역시 수영구 연수로310번길 74,부산광역시 수영구 망미동777
MKT001044,MARKET,삼익비치A상가시장,35.14321639,129.1139867,부산광역시 수영구 광안해변로 95,부산광역시 수영구 남천동 148-9
MKT001045,MARKET,남천해변시장,35.13915725,129.1090438,부산광역시 수영구 광안해변로15번길 77,부산광역시 수영구 남천동 556
MKT001046,MARKET,삼익비치B상가시장,35.14321639,129.1139867,부산광역시 수영구 광안해변로 95,부산광역시 수영구 남천동 148-9
MKT001047,MARKET,광안시장,35.16017853,129.1124667,부산광역시 수영구 수영로603번길 18,부산광역시 수영구 광안동559-2
MKT001048,MARKET,충무동골목시장,35.09428445,129.023658,부산광역시 서구 충무대로267번길 5,부산광역시 서구 충무동1가 38-32
MKT001049,MARKET,충무동해안시장,35.09588564,129.0259893,부산광역시 서구 자갈치로 14-12,부산광역시 서구 충무동1가 1-74
MKT001050,MARKET,송남시장,35.07851,129.0168108,부산광역시 서구 충무대로 34,부산광역시 서구 암남동 346-2
MKT001051,MARKET,아미시장,35.09965023,129.0174856,부산광역시 서구 아미초장로 132,부산광역시 서구 아미동2가 96-11
MKT001052,MARKET,서대신동골목시장,35.11041299,129.0173233,부산광역시 서구 구덕로295번길 4,부산광역시 서구 서대신동2가 99-5
MKT001053,MARKET,서대신1동골목시장,35.1086586,129.0144397,부산광역시 서구 대영로30번길 19-1,부산광역시 서구 서대신동1가 149-4
MKT001054,MARKET,대신시장,35.11037336,129.0197021,부산광역시 서구 대영로 78,부산광역시 서구 동대신동1가 113-1
MKT001055,MARKET,동대신1동골목시장,35.1103097,129.019196,부산광역시 서구 대영로74번길 4,부산광역시 서구 동대신동1가 129-6
MKT001056,MARKET,충무동새벽시장,35.09302324,129.0247409,부산광역시 서구 해안새벽시장길 70,부산광역시 서구 남부민동 684
MKT001057,MARKET,에덴골목시장,35.11114738,128.9627261,부산광역시 사하구 낙동대로535번길 33,부산광역시 사하구 하단동 500-29
MKT001058,MARKET,하단오일상설시장,35.10372566,128.9708055,부산광역시 사하구 제석로17번길 1,부산광역시 사하구 하단동 620-8
MKT001059,MARKET,단대전통시장,37.44434033,127.1583278,경기도 성남시 중원구 광명로289,경기도 성남시 중원구 금광동 10
MKT001060,MARKET,장림골목시장,35.0804627,128.9676804,부산광역시 사하구 장림시장 5길 95,부산광역시 사하구 장림동 641-268
MKT001061,MARKET,장림시장,35.08093025,128.9677464,부산광역시 사하구 장림번영로 22,부산광역시 사하구 장림동 792-7
MKT001062,MARKET,성남남한산성시장(은행골목시장),37.4569514,127.1644284,경기도 성남시 중원구 산성대로518번길 7,경기도 성남시 중원구 은행동 1565
MKT001063,MARKET,신평종합시장,35.09162211,128.9767093,부산광역시 사하구 다대로134번길 44,부산광역시 사하구 신평동 111-213
MKT001064,MARKET,하단시장,35.10627945,128.9694852,부산광역시 사하구 승학로2번길 1,부산광역시 사하구 당리동 302-7
MKT001065,MARKET,당리시장,35.10546316,128.9753435,부산광역시 사하구 제석로62번길 16,부산광역시 사하구 당리동 143-1
MKT001066,MARKET,다대씨-파크,35.05514162,128.9719714,부산광역시 사하구 다대동로 20,부산광역시 사하구 다대동 680-2
MKT001067,MARKET,영산시장,35.45704302,128.5325963,경상남도 창녕군 영산면 신영산로56,경상남도 창녕군 영산면 성내리 516-4
MKT001068,MARKET,남지시장,35.38911294,128.4824933,경상남도 창녕군 남지읍 본동길4,경상남도 창녕군 남지읍 남지리 531
MKT001069,MARKET,비봉시장,35.19549686,128.0852141,경상남도 진주시 진주대로1070번길 15-1,경상남도 진주시 대안동 2-5
MKT001070,MARKET,평거한보하이타운,35.17261455,128.05929,경상남도 진주시 순환로 553번길 7,경상남도 진주시 평거동 301-1
MKT001071,MARKET,천전시장,35.18505421,128.0885772,경상남도 진주시 진주대로 954번길 4,경상남도 진주시 칠암동 306-1
MKT001072,MARKET,진주논개시장(장대시장),35.19506184,128.0872175,경상남도 진주시 진양호로569번길 12,경상남도 진주시 장대동 58-8
MKT001073,MARKET,일반성시장,35.17121682,128.2822147,경상남도 진주시 일반성면 동부로1993번길 27,경상남도 진주시 일반성면 창촌리 92
MKT001074,MARKET,이현종합상가,35.19198664,128.0661291,경상남도 진주시 신안로 165,경상남도 진주시 이현동 21-3
MKT001075,MARKET,진주청과시장,35.19624733,128.0866843,경상남도 진주시 촉석로 226번길 3,경상남도 진주시 수정동 25-28
MKT001076,MARKET,자유시장,35.18016981,128.1103469,경상남도 진주시 도동천로 95,경상남도 진주시 상대동 276-9
MKT001077,MARKET,동부종합상가,35.18704685,128.1162152,경상남도 진주시 대신로299번길 7,경상남도 진주시 상대동 193-1
MKT001078,MARKET,새서부시장,35.19494636,128.0759288,경상남도 진주시 진주대로1175번길16-1,경상남도 진주시 봉곡동 28-5
MKT001079,MARKET,문산시장,35.17042347,128.1691246,경상남도 진주시 문산읍 소문길 68,경상남도 진주시 문산읍 소문리 112-6
MKT001080,MARKET,진주중앙시장,35.19391998,128.0848966,경상남도 진주시 진양호로547번길 8-1,경상남도 진주시 대안동 8-600
MKT001081,MARKET,대곡시장,35.26370317,128.168562,경상남도 진주시 대곡면 진의로 1079번길 6,경상남도 진주시 대곡면 광석리 321-7
MKT001082,MARKET,금곡시장,35.0907536,128.1862332,경상남도 진주시 금곡면 구암두문로 1021-9,경상남도 진주시 금곡면 두문리 639-1
MKT001083,MARKET,진주동성상가,35.18091944,128.0893345,경상남도 진주시 진주대로 901,경상남도 진주시 강남동 219
MKT001084,MARKET,의령시장,35.31851286,128.2606632,경상남도 의령군 의령읍 의병로18길 13,경상남도 의령군 의령읍 서동리 494-8
MKT001085,MARKET,신반시장,35.46810715,128.3250278,경상남도 의령군 부림면 신번로9길 11,경상남도 의령군 부림면 신반리 563-2
MKT001086,MARKET,신평시장,35.49059663,129.0858533,경상남도 양산시 하북면 신평강변3길 11,경상남도 양산시 하북면 순지리 575
MKT001087,MARKET,양산남부시장상가,35.34339273,129.037046,경상남도 양산시 장터3길 7,경상남도 양산시 중부동 407-3
MKT001088,MARKET,양산남부시장,35.34244341,129.0372311,경상남도 양산시 중앙로 133,경상남도 양산시 중부동 423-5
MKT001089,MARKET,석계시장,35.41957782,129.06393,경상남도 양산시 상북면 삼계4길 2,경상남도 양산시 상북면 석계리 34-9
MKT001090,MARKET,서창시장,35.41625784,129.1720087,경상남도 양산시 서창서2길 5,경상남도 양산시 삼호동 525
MKT001091,MARKET,양산북부시장,35.35045076,129.041194,경상남도 양산시 중앙로 232,경상남도 양산시 북부동 148-19
MKT001092,MARKET,북동공설시장,35.26617837,128.6206956,경상남도 창원시 의창구 의안로 49번길 30,경상남도 창원시 의창구 북동 249-1
MKT001093,MARKET,대동그린코아상가,35.24508505,128.670389,경상남도 창원시 성산구 창원천로 294,경상남도 창원시 성산구 반지동 23
MKT001094,MARKET,명서시장,35.24937275,128.6465716,경상남도 창원시 의창구 원이대로189번길 42,경상남도 창원시 의창구 명서동 75-1
MKT001095,MARKET,회성종합시장,35.2329295,128.5594101,경상남도 창원시 마산회원구 회성시장1길 16,경상남도 창원시 마산회원구 회성동 450-2
MKT001096,MARKET,석전시장,35.23040104,128.5749057,경상남도 창원시 마산회원구 석전동 6길 32,경상남도 창원시 마산회원구 석전동 257-1
MKT001097,MARKET,서마산시장,35.22901572,128.5691214,경상남도 창원시 마산회원구 석전남16길64,경상남도 창원시 마산회원구 석전동 155-1
MKT001098,MARKET,구암현대시장,35.24770952,128.5910363,경상남도 창원시 마산회원구 구암서2길 36,경상남도 창원시 마산회원구 구암동 19-11
MKT001099,MARKET,마산역번개시장,35.23672222,128.5787496,경상남도 창원시 마산회원구 석전동 17길 37,경상남도 창원시 마산회원구 석전동 227-1
MKT001100,MARKET,마산수산시장,35.20293997,128.5804341,경상남도 창원시 마산합포구 수산1길 186,경상남도 창원시 마산합포구 동성동 310-1
MKT001101,MARKET,진동전통시장,35.11331794,128.4873368,경상남도 창원시 마산합포구 진동면 진동시장길 62,경상남도 창원시 마산합포구 진동면 진동리 264-3
MKT001102,MARKET,진동시장,35.11359014,128.487923,경상남도 창원시 마산합포구 진동면 진동시장길 43-7,경상남도 창원시 마산합포구 진동면 진동리 359-6
MKT001103,MARKET,정우새어시장,35.20410405,128.5787107,경상남도 창원시 마산합포구 어시장7길126,경상남도 창원시 마산합포구 동성동 313
MKT001104,MARKET,신마산시장,35.18109351,128.5617121,경상남도 창원시 마산합포구 문화동15길 13,경상남도 창원시 마산합포구 해운동 64
MKT001105,MARKET,산호시장,35.21837357,128.581716,경상남도 창원시 마산합포구 산호시장길 18,경상남도 창원시 마산합포구 산호동 28-8
MKT001106,MARKET,북마산중앙시장,35.21603828,128.5711777,경상남도 창원시 마산합포구 상남시장로3,경상남도 창원시 마산합포구 상남동 40-1
MKT001107,MARKET,부림시장,35.20577070464505,128.57345050932548,경상남도 창원시 마산함포구 3 15대로 352,경상남도 창원시 마산합포구 부림동 32
MKT001108,MARKET,부림상시장,35.20612909,128.5729194,경상남도 창원시 마산합포구 3·15대로 349,경상남도 창원시 마산합포구 부림동 83-244
MKT001109,MARKET,신마산반월시장,35.18922274,128.5610113,경상남도 창원시 마산합포구 반월시장2길 2,경상남도 창원시 마산합포구 반월동 85-3
MKT001110,MARKET,마산어시장,35.20376135,128.5789567,경상남도 창원시 마산합포구 복요리로 7,경상남도 창원시 마산합포구 동성동 314
MKT001111,MARKET,대동씨코아상가시장,35.17975023,128.5624438,경상남도 창원시 마산합포구 월영동로8,경상남도 창원시 마산합포구 해운동 37-4
MKT001112,MARKET,월영대시장,35.17946019,128.5576742,경상남도 창원시 마산합포구 월영남1길 12,경상남도 창원시 마산합포구 해운동 12-13
MKT001113,MARKET,북마산가구시장,35.21035524,128.5722761,경상남도 창원시 마산합포구 북성로 33-1,경상남도 창원시 마산합포구 추산동 1-57
MKT001114,MARKET,구암시장,35.24953898,128.5996435,경상남도 창원시 마산 회원구 구암남 14길 8,경상남도 창원시 마산회원구 구암동 87
MKT001115,MARKET,창녕상설시장,35.5403157019284,128.497332417215,경상남도 창녕군 창녕읍 시장길 66,경상남도 창녕군 창녕읍 164-38
MKT001116,MARKET,이방정기시장,35.6014006671379,128.382880695043,경상남도 창녕군 이방면 이방대학로35-1,경상남도 창녕군 이방면 거남리 43-5
MKT001117,MARKET,도계부부시장,35.25721522,128.6371383,경상남도 창원시 의창구 원이대로 69번길 20,경상남도 창원시 의창구 도계동 400-1
MKT001118,MARKET,토월복합상가시장,35.22803686,128.6919407,경상남도 창원시 의창구 신월로 42,경상남도 창원시 의창구 실월동68-1
MKT001119,MARKET,소계시장,35.25675239,128.5989701,경상남도 창원시 의창구 소계로 83-6,경상남도 창원시 의창구 소계동 724-4
MKT001120,MARKET,봉곡프라자상가,35.24543773,128.659521,경상남도 창원시 의창구 창이대로205번길 5,경상남도 창원시 의창구 봉곡동 61-10
MKT001121,MARKET,명곡종합상가,35.24848527,128.646224,경상남도 창원시 의창구 명서로116번길 20,경상남도 창원시 의창구 명서동 75-16
MKT001122,MARKET,롯데종합상가,35.23403968,128.685431,경상남도 창원시 의창구 용지로225,경상남도 창원시 의창구 용호동 63
MKT001123,MARKET,대동중앙상가,35.2545535,128.6165941,경상남도 창원시 의창구 반계로 105,경상남도 창원시 의창구 팔용동 124-2
MKT001124,MARKET,기산프라자,35.20528716,128.58082,경상남도 창원시 마산합포구 오동동14길 29,경상남도 창원시 마산합포구 오동동 18-61
MKT001125,MARKET,경민인터빌상가,35.23190306,128.5838182,경상남도 창원시 마산회원구 양덕북12길 113,경상남도 창원시 마산회원구 양덕동 15-27
MKT001126,MARKET,창원코아상가,35.22044112,128.6795378,경상남도 창원시 성산구 상남로 71,경상남도 창원시 성산구 상남동 73-4
MKT001127,MARKET,창원캔버라상가,35.22123568,128.6768305,경상남도 창원시 성산구 중앙대로61번길 4,경상남도 창원시 성산구 중앙동 97-6
MKT001128,MARKET,중앙시장(창원중앙시장),35.22720544,128.6760568,경상남도 창원시 성산구 외동반림로126번길 50,경상남도 창원시 성산구 중앙동 69-1
MKT001129,MARKET,양곡유신종합상가,35.20755326,128.6267741,경상남도 창원시 성산구 신촌로 21,경상남도 창원시 성산구 신촌동 15-6
MKT001130,MARKET,양곡시장,35.20085109,128.628329,경상남도 창원시 성산구 신촌로102,경상남도 창원시 성산구 신촌동 33-2
MKT001131,MARKET,성원그랜드쇼핑상가,35.21937212,128.6915851,경상남도 창원시 성산구 동산로 124,경상남도 창원시 성산구 상남동 45-1
MKT001132,MARKET,상남시장,35.22221729,128.6833743,경상남도 창원시 성산구 마디미로28,경상남도 창원시 성산구 상남동 16
MKT001133,MARKET,사파동성종합상가,35.21947569,128.702196,경상남도 창원시 성산구 창이대로 733,경상남도 창원시 성산구 사파동 93
MKT001134,MARKET,반송시장,35.23514045,128.6710424,경상남도 창원시 성산구 원이대로473번길 20-11,경상남도 창원시 성산구 반림동 17-13
MKT001135,MARKET,동성올림픽타운,35.22223259,128.6777296,경상남도 창원시 성산구 중앙대로 77,경상남도 창원시 성산구 중앙동 97-2
MKT001136,MARKET,대방덕산1차상가,35.2136147,128.7068944,경상남도 창원시 성산구 대정로 131,경상남도 창원시 성산구 대방동 356
MKT001137,MARKET,성원3차종합상가,35.21499999,128.7052999,경상남도 창원시 성산구 대암로80,경상남도 창원시 성산구 대방동 355
MKT001138,MARKET,대동훼미리코아상가,35.2117479,128.7076239,경상남도 창원시 성산구 대정로 138,경상남도 창원시 성산구 대방동 358
MKT001139,MARKET,덕산그린피아상가,35.2216794,128.676027,경상남도 창원시 성산구 용지로 64,경상남도 창원시 성산구 중앙동 98-6
MKT001140,MARKET,경창상가,35.22016471,128.6793234,경상남도 창원시 성산구 상남로 67,경상남도 창원시 성산구 상남동 73-5
MKT001141,MARKET,가음정시장,35.20829022,128.6977985,경상남도 창원시 성산구 원이대로863번길24,경상남도 창원시 성산구 가음동 21-3
MKT001142,MARKET,가음대상가,35.2080527969792,128.696994244553,경상남도 창원시 성산구 원이대로 883번지 15-24,
MKT001143,MARKET,하동공설시장,35.0698114,127.7483819,경상남도 하동군 하동읍 시장 1길 12-2,경상남도 하동군 하동읍 읍내리 258-1
MKT001144,MARKET,진교공설시장,35.02717394,127.9038204,경상남도 하동군 진교면 선창길 24,경상남도 하동군 진교면 진교리 302-4
MKT001145,MARKET,옥종공설시장,35.1810730424553,127.869754247694,경상남도 하동군 옥종면 옥종사장길 5,경상남도 하동군 옥종면 청룡리
MKT001146,MARKET,북천공설시장,35.1137211,127.8919908,경상남도 하동군 북천면 경서대로 2439-1,경상남도 하동군 북천면 직전리 597-1
MKT001147,MARKET,계천공설시장(계천시장),34.9959861,127.8094975,경상남도 하동군 금남면 섬진강대로 977-17,경상남도 하동군 금남면 계천리 355-3
MKT001148,MARKET,통영중앙전통시장,34.84529762,128.4246206,경상남도 통영시 중앙시장1길14-16,경상남도 통영시 중앙동 38-4
MKT001149,MARKET,서호전통시장,34.84147391,128.4201819,경상남도 통영시 새터길 58-9,경상남도 통영시 서호동 163-42
MKT001150,MARKET,북신전통시장,34.85415943,128.4275287,경상남도 통영시 북신시장1길 66,경상남도 통영시 북신동 665-16
MKT001151,MARKET,합성대로상가,35.2386927,128.5824458,경상남도 창원시 마산회원구 3·15대로 745,경상남도 창원시 마산회원구 합성동 85-14
MKT001152,MARKET,코오롱타운상가,35.26570272,128.5256104,경상남도 창원시 마산회원구 내서읍 호원로 361-2,경상남도 창원시 마산회원구 내서읍 호계리 10
MKT001153,MARKET,역전통합시장,35.23613669,128.5794193,경상남도 창원시 마산회원구 석전동15길 23,경상남도 창원시 마산회원구 석전동 226-2
MKT001154,MARKET,양덕중앙시장,35.23264857,128.5842725,경상남도 창원시 마산회원구 양덕북10길 23,경상남도 창원시 마산회원구 양덕동 15-1
MKT001155,MARKET,합성동상가,35.23772413,128.5834595,경상남도 창원시 마산회원구 합성옛길 136,경상남도 창원시 마산회원구 합성동 125-3
MKT001156,MARKET,동마산시장,35.24003195,128.5875359,경상남도 창원시 마산 회원구 합성남8길 76,경상남도 창원시 마산회원구 합성동 326-1
MKT001157,MARKET,합성옛길시장,35.23533684,128.5820071,경상남도 창원시 마산 회원구 합성옛길 77,경상남도 창원시 마산회원구 양덕동 7-1
MKT001158,MARKET,창원기계공구상가,35.23376619,128.6410715,경상남도 창원시 의창구 창원대로 400,경상남도 창원시 의창구 팔용동 16-1
MKT001159,MARKET,진해중앙시장,35.15106741,128.6656454,경상남도 창원시 진해구 벚꽃로 60번길 25,경상남도 창원시 진해구 화천동 60-1
MKT001160,MARKET,중부시장,35.15506526,128.6815616,경상남도 창원시 진해구 중초로 20,경상남도 창원시 진해구 경화동 1164-1
MKT001161,MARKET,웅천시장,35.11102245,128.7509028,경상남도 창원시 진해구 웅천중로56번길 8,경상남도 창원시 진해구 성내동 327
MKT001162,MARKET,마천시장,35.12557099,128.7822355,경상남도 창원시 진해구 웅동로 57번가길 7,경상남도 창원시 진해구 마천동 134-6
MKT001163,MARKET,경화시장,35.1568525742019,128.688389993569,경상남도 창원시 진해구 경화로 38번길,
MKT001164,MARKET,지귀시장,35.24568147,128.6588339,경상남도 창원시 의창구 지귀로119번길 6,경상남도 창원시 의창구 봉곡동 61-4
MKT001165,MARKET,소계옛길시장,35.25791524,128.5982678,경상남도 창원시 의창구 소계로 99-4,경상남도 창원시 의창구 소계동 723-3
MKT001166,MARKET,소답시장,35.26563899,128.6212756,경상남도 창원시 의창구 읍성로33번길 8,경상남도 창원시 의창구 북동 229-5
MKT001167,MARKET,봉곡민속체험시장,35.2469697,128.6719663,경상남도 창원시 의창구 봉곡로111번길 16,경상남도 창원시 의창구 봉곡동 145-1
MKT001168,MARKET,북부상가시장,35.8534885,129.2075834,경상북도 경주시 금성로 396번길 7,경상북도 경주시 성건동 629-10
MKT001169,MARKET,중앙신시장,36.56510661,128.7241511,경상북도 안동시 대안로98-15,경상북도 안동시 옥야동 285-1
MKT001170,MARKET,서면시장,35.89506107,129.0480446,경상북도 경주시 서면 내서로 401-5,경상북도 경주시 서면 아화리 240-2
MKT001171,MARKET,봉황중심상가시장,35.84221396,129.2106571,경상북도 경주시 원효로 89,경상북도 경주시 노동동 230
MKT001172,MARKET,불국시장,35.77599831,129.3008003,경상북도 경주시 불국장터길 23-2,경상북도 경주시 구정동 429-7
MKT001173,MARKET,건천시장,35.84830099,129.1048124,경상북도 경주시 건천읍 내서로 1131-1,경상북도 경주시 건천읍 건천리 339-4
MKT001174,MARKET,감포시장,35.80410761,129.502011,경상북도 경주시 감포읍 감포로 115,경상북도 경주시 감포읍 감포리 436-1
MKT001175,MARKET,하양공설시장,35.91562378,128.8192553,경상북도 경산시 하양읍 대학로 1543,경상북도 경산시 하양읍 금락리 35-6
MKT001176,MARKET,자인공설시장,35.81649983,128.8229427,경상북도 경산시 자인면 자인로 206-4,경상북도 경산시 자인면 서부리 254
MKT001177,MARKET,황남상가시장,35.83566075,129.2103092,경상북도 경주시 포석로1058-7,경상북도 경주시 황남동 307-1
MKT001178,MARKET,합천시장,35.56850852,128.1611582,경상남도 합천군 합천읍 옥산로 53,경상남도 합천군 합천읍 합천리 473-1
MKT001179,MARKET,초계시장,35.5595647,128.2671002,경상남도 합천군 초계면 내동아막길 3,경상남도 합천군 초계면 초계리 50-1
MKT001180,MARKET,야로시장,35.70579394,128.1684717,경상남도 합천군 야로면 시장길 7-5,경상남도 합천군 야로면 구정리 274-1
MKT001181,MARKET,삼가시장,35.41281571,128.1222817,경상남도 합천군 삼가면 일부5길 1,경상남도 합천군 삼가면 일부리 921-1
MKT001182,MARKET,가야시장,35.76024553,128.1383747,경상남도 합천군 가야면 가야시장로 63-15,경상남도 합천군 가야면 황산리 17-1
MKT001183,MARKET,지리산함양시장,35.51860419,127.7289883,경상남도 함양군 함양읍 용평 중앙길 20,경상남도 함양군 함양읍 용평리 607-104
MKT001184,MARKET,안의시장,35.62629354,127.8140359,경상남도 함양군 안의면 약초시장길 25-10,경상남도 함양군 안의면 석천리 243
MKT001185,MARKET,함양토종약초시장,35.62596226,127.8137124,경상남도 함양군 안의면 약초시장길 27,경상남도 함양군 안의면 이전리 15
MKT001186,MARKET,칠원공설시장,35.30564997,128.5195218,경상남도 함안군 칠원읍 서남3길 14 (시골막창전문),경상남도 함안군 칠원읍 구성리 734-7
MKT001187,MARKET,대산공설시장,35.35283551,128.4281217,경상남도 함안군 대산면 대산중앙로 219,경상남도 함안군 대산면 구혜리 221-3
MKT001188,MARKET,군북공설시장,35.26104644,128.3469542,경상남도 함안군 군북면 중암8길 27,경상남도 함안군 군북면 중암리 66-50
MKT001189,MARKET,가야상설시장(가야시장),35.27725861,128.4064722,경상남도 함안군 가야읍 가야8길8,경상남도 함안군 가야읍 말산리 470-1
MKT001190,MARKET,횡천공설시장(횡천시장),35.10921398,127.8107034,경상남도 하동군 횡천면 문화2길 24,경상남도 하동군 횡천면 횡천리 507-2
MKT001191,MARKET,화개장터,35.18862637,127.6242177,경상남도 하동군 화개면 쌍계로 21,경상남도 하동군 화개면 탑리 726-10
MKT001192,MARKET,자갈치시장,35.09662907,129.030569,부산광역시 중구 자갈치해안로 52,부산광역시 중구 남포동4가 37-1
MKT001193,MARKET,형곡시장프라자,36.11287628,128.3343324,경상북도 구미시 형곡서로 121,경상북도 구미시 형곡동 147-1
MKT001194,MARKET,해평공설시장,36.1950105027002,128.391003463371,경상북도 구미시 해평면 해평시장3길,
MKT001195,MARKET,장천시장,36.12569593,128.4934096,경상북도 구미시 장천면 상장5길 4,경상북도 구미시 장천면 상장리 918
MKT001196,MARKET,가락타운상가시장,35.10107699,128.9579668,부산광역시 사하구 하신번영로 233,부산광역시 사하구 하단동 1175
MKT001197,MARKET,봉덕신시장,35.84510487,128.6033943,대구광역시 남구 봉덕로 115,대구광역시 남구 봉덕동 953-31
MKT001198,MARKET,구미종합상가,36.13051882,128.3304432,경상북도 구미시 구미중앙로9길 14-6,경상북도 구미시 원평동 119-15
MKT001199,MARKET,현대유통쇼핑센타,36.13004562,128.3300464,경상북도 구미시 구미중앙로 61-6,경상북도 구미시 원평동 119-2
MKT001200,MARKET,금오시장,36.12611615,128.3406025,경상북도 구미시 금오시장로13,경상북도 구미시 원평동 1028-2
MKT001201,MARKET,화정동서부시장,35.15303898,126.8792883,광주광역시 서구 화운로156번길 24-1,광주광역시 서구 화정동 783-5
MKT001202,MARKET,영주공설시장,36.82255263,128.6263234,경상북도 영주시 구성로 330번길 30,경상북도 영주시 하망동 362-4
MKT001203,MARKET,선산봉황시장,36.23951857,128.300921,경상북도 구미시 선산읍 단계동길 24,경상북도 구미시 선산읍 완전리 253
MKT001204,MARKET,구미파크시장,36.14936268,128.3254726,경상북도 구미시 송동로 154,경상북도 구미시 도량동 77
MKT001205,MARKET,구미공단종합시장,36.12063838,128.3715387,경상북도 구미시 수출대로3길107,경상북도 구미시 공단동 107
MKT001206,MARKET,제일시장상가,36.10172307,128.3841129,경상북도 구미시 1공단로 192,경상북도 구미시 공단동 264-18
MKT001207,MARKET,고령대가야시장,35.72731251,128.2666754,경상북도 고령군 대가야읍 시장3길29,경상북도 고령군 대가야읍 지산리 222-2
MKT001208,MARKET,외동시장,35.71460009,129.3257089,경상북도 경주시 외동읍 입실시장길 8-6,경상북도 경주시 외동읍 입실리 1018-7
MKT001209,MARKET,산내시장,35.75781767,129.0464768,경상북도 경주시 산내면 의곡중앙길 27,경상북도 경주시 산내면 의곡리 155-10
MKT001210,MARKET,북정로중심상가시장,35.84229272,129.2151854,경상북도 경주시 북정로 15,경상북도 경주시 황오동 242-4
MKT001211,MARKET,경주중심상가시장,35.84225687,129.2146864,경상북도 경주시 태종로 791번길16,경상북도 경주시 황오동 234-1
MKT001212,MARKET,선비골전통시장,36.82425135,128.6231913,경상북도 영주시 중앙로 83번길40,경상북도 영주시 영주동 373-5
MKT001213,MARKET,양남시장,35.67538063,129.4636531,경상북도 경주시 양남면 하서중앙길 56-28,경상북도 경주시 양남면 하서리 1466-2
MKT001214,MARKET,불국사상가시장,35.78599622,129.3278545,경상북도 경주시 진현로1길 59-5,경상북도 경주시 진현동 66-5
MKT001215,MARKET,양북시장,35.79041062,129.4412131,경상북도 경주시 문무대왕면 감은로 53-30,경상북도 경주시 문무대왕면 어일리 1295-556
MKT001216,MARKET,용상공설시장,36.55947454,128.7501611,경상북도 안동시 경동로 862,경상북도 안동시 용상동 1242
MKT001217,MARKET,경주성동공설시장,35.84554327,129.2162829,경상북도 경주시 원화로 281번길 11-11,경상북도 경주시 성동동 57-38
MKT001218,MARKET,연서시장,37.6196977,126.9221717,서울특별시 은평구 연서로 247,서울특별시 은평구 불광동 310-211
MKT001219,MARKET,돈암시장,37.59153032,127.0159199,서울특별시 성북구 동소문로18길 18 (돈암제일시장 고객편의센터),서울특별시 성북구 동소문동5가 59-2
MKT001220,MARKET,공릉동도깨비시장,37.62269001,127.0762455,서울특별시 노원구 동일로180길 37,서울특별시 노원구 공릉동 566-20
MKT001221,MARKET,성주시장,35.9150289,128.2854812,경상북도 성주군 성주읍 시장길 43-1,경상북도 성주군 성주읍 경산리 718
MKT001222,MARKET,화령시장,36.44479866,127.9506906,경상북도 상주시 화서면 화령남6길 7,경상북도 상주시 화서면 신봉리 134-10
MKT001223,MARKET,함창시장,36.5672512288245,128.179510813418,경상북도 상주시 함창읍 함창시장길4514,경상북도 상주시 함창읍 구향리 122
MKT001224,MARKET,은척시장,36.53266616,128.0729497,경상북도 상주시 은척면 봉중1길 16-1,경상북도 상주시 은척면 봉중리 383-12
MKT001225,MARKET,남성시장,36.41440724,128.1621176,경상북도 상주시 남성4길 43,경상북도 상주시 남성동 2-8
MKT001226,MARKET,풍물시장,36.41285383,128.1606228,경상북도 상주시 풍물시장길16,경상북도 상주시 남성동 113-28
MKT001227,MARKET,상주중앙시장,36.41319426,128.1608286,경상북도 상주시 남성로35,경상북도 상주시 남성동 85-10
MKT001228,MARKET,억지춘양시장,36.93634466,128.913044,경상북도 봉화군 춘양면 의양로 60,경상북도 봉화군 춘양면 의양리 357-29
MKT001229,MARKET,봉화내성시장,36.88898151,128.7394689,경상북도 봉화군 봉화읍 내성로5길 13,경상북도 봉화군 봉화읍 내성리 192-1
MKT001230,MARKET,봉화상설시장,36.89035721,128.7349285,,경상북도 봉화군 봉화읍 내성리 419-20
MKT001231,MARKET,문경중앙시장,36.60138925,128.2041632,경상북도 문경시 신흥시장길 19,경상북도 문경시 흥덕동 794-1
MKT001232,MARKET,점촌전통시장 (구 신흥시장),36.60138925,128.2041632,경상북도 문경시 신흥시장길 19,경상북도 문경시 흥덕동 794-1
MKT001233,MARKET,(유)문경시중앙시장,36.59353126,128.1973386,경상북도 문경시 중앙로 87,경상북도 문경시 점촌동 197-14
MKT001234,MARKET,문경전통시장,36.73558209,128.1074832,경상북도 문경시 문경읍 문희로 41-15,경상북도 문경시 문경읍 하리 88-2
MKT001235,MARKET,가은아자개시장,36.64660911,128.0609864,경상북도 문경시 가은읍 가은5길 7,경상북도 문경시 가은읍 왕능리 275-26
MKT001236,MARKET,암사종합시장,37.55085327,127.1288173,서울특별시 강동구 상암로11길 25,서울특별시 강동구 암사동 501-17
MKT001237,MARKET,평화시장,36.12364342,128.1130862,경상북도 김천시 김천로100,경상북도 김천시 평화동 259-1
MKT001238,MARKET,부곡시장,36.12583421,128.1042196,경상북도 김천시 부곡시장2길 16,경상북도 김천시 부곡동 409-1
MKT001239,MARKET,중앙시장,36.11902271,128.125383,경상북도 김천시 중앙시장4길 10,경상북도 김천시 모암동 157-2
MKT001240,MARKET,의흥시장,36.17425304,128.716305,대구광역시 군위군 의흥면 읍내5길 7,대구광역시 군위군 의흥면 읍내리 594-1
MKT001241,MARKET,군위전통시장,36.23975138,128.5679239,대구광역시 군위군 군위읍 중앙6길 4,대구광역시 군위군 군위읍 서부리 18-1
MKT001242,MARKET,인동시장,36.10819473,128.4209289,경상북도 구미시 인동중앙로5길 16-3,경상북도 구미시 황상동 307-7
MKT001243,MARKET,예천상설시장,36.65598537,128.4561501,경상북도 예천군 예천읍 상설시장2길 3-1,경상북도 예천군 예천읍 동본리 553
MKT001244,MARKET,예천맛고을시장,36.65689278,128.4548923,경상북도 예천군 예천읍 맛고을길 57,경상북도 예천군 예천읍 노하리 74-16
MKT001245,MARKET,영천공설시장,35.96425248,128.9385821,경상북도 영천시 시장4길 52,경상북도 영천시 완산동 982-3
MKT001246,MARKET,신녕공설시장,36.04209299,128.7874777,경상북도 영천시 신녕면 본관시장길3,경상북도 영천시 신녕면 화성리 866-1
MKT001247,MARKET,금호공설시장,35.93166906,128.8733589,경상북도 영천시 금호읍 금호로 101,경상북도 영천시 금호읍 교대리 167-35
MKT001248,MARKET,교동시장,34.73896529,127.730219,전라남도 여수시 교동시장1길 17-6,전라남도 여수시 교동 605-3
MKT001249,MARKET,인천축산물시장,37.47899257,126.6884579,인천광역시 서구 가좌로 96번길 35,인천광역시 서구 가좌동 480-19
MKT001250,MARKET,정서진중앙시장,37.51857454,126.675941,인천광역시 서구 원창로239번길 11,인천광역시 서구 가정동 509-17
MKT001251,MARKET,십정종합시장(열우물전통시장),37.47340163,126.6955036,인천광역시 부평구 배곶남로 21번길 18,인천광역시 부평구 십정동 321
MKT001252,MARKET,풍기토종인삼시장,36.87026011,128.5224189,경상북도 영주시 풍기읍 인삼로 40,경상북도 영주시 풍기읍 성내리 148
MKT001253,MARKET,풍기선비골인삼시장,36.88850301,128.5406893,경상북도 영주시 풍기읍 소백로 2156,경상북도 영주시 풍기읍 산법리 446-4
MKT001254,MARKET,풍기중앙시장,36.8706025,128.5281959,경상북도 영주시 풍기읍 동성로 73,경상북도 영주시 풍기읍 성내리 1-4
MKT001255,MARKET,영주문화시장,36.8239126,128.6235074,경상북도 영주시 중앙로 83번길 32,경상북도 영주시 영주동 376-1
MKT001256,MARKET,소래포구전통어시장,37.3974554,126.738637,인천광역시 남동구 장도로 86-17,인천광역시 남동구 논현동 111-168
MKT001257,MARKET,작전시장,37.53248265,126.7243153,인천광역시 계양구 봉오대로677번길 20,인천광역시 계양구 작전동 862
MKT001258,MARKET,영주골목시장,36.82449267,128.6229875,경상북도 영주시 구성로360번길 19,경상북도 영주시 영주동 315-6
MKT001259,MARKET,계양산전통시장,37.54803218,126.7394444,인천광역시 계양구 병방시장로 69,인천광역시 계양구 병방동 383
MKT001260,MARKET,영양시장,36.6645934069779,129.115825465769,경상북도 영양군 영양로 영양읍 시장5길 4,경상북도 영양군 영양로 영양읍 서부리 288-3
MKT001261,MARKET,영해만세시장,36.54088955,129.4071791,경상북도 영덕군 영해면 예주시장5길 21,경상북도 영덕군 영해면 성내리 468-1
MKT001262,MARKET,남정시장,36.28554787,129.3728791,경상북도 영덕군 남정면 진불1길 31-3,경상북도 영덕군 남정면 장사리 365-1
MKT001263,MARKET,강구시장,36.35834827,129.3795018,경상북도 영덕군 강구면 강구시장1길 8-2,경상북도 영덕군 강구면 오포리 535-5
MKT001264,MARKET,구담공설시장,36.54171762,128.4647059,경상북도 안동시 풍천면 섬마길 7-9,경상북도 안동시 풍천면 구담리 494-19
MKT001265,MARKET,계산시장,37.53927741,126.7248447,인천광역시 계양구 계산 시장길 10-18,인천광역시 계양구 계산동 960-27
MKT001266,MARKET,안동서부시장,36.56527506,128.7149733,경상북도 안동시 대안로 22,경상북도 안동시 태화동 60-12
MKT001267,MARKET,북문시장,36.56851589,128.7326157,경상북도 안동시 북문옥정길 25,경상북도 안동시 율세동 409
MKT001268,MARKET,전주중앙상가,35.82522103,127.1424489,전북특별차치도 전주시 완산구 태평3길 70,전북특별차치도 전주시 완산구 태평동 36-1
MKT001269,MARKET,화목시장,36.27534895,128.89736,경상북도 청송군 현서면 구산북로57-1,경상북도 청송군 현서면 구산리 100-14
MKT001270,MARKET,도평시장,36.290109,129.0170773,경상북도 청송군 현동면 도평2길 21,경상북도 청송군 현동면 도평리 839-103
MKT001271,MARKET,청송시장,36.43514221,129.0521134,경상북도 청송군 청송읍 현충로 106,경상북도 청송군 청송읍 월막리 423-1
MKT001272,MARKET,진보시장,36.52833051,129.0464125,경상북도 청송군 진보면 진안남2길 9-1,경상북도 청송군 진보면 진안리 121-3
MKT001273,MARKET,안덕시장,36.2883466483015,128.958884920945,경상북도 청송군 안덕면 명당2길,
MKT001274,MARKET,부남시장,36.34650543,129.0644413,경상북도 청송군 부남면 대전로142,경상북도 청송군 부남면 대전리 64-16
MKT001275,MARKET,풍각공설시장,35.64090247,128.6186232,경상북도 청도군 풍각면 송서7길 5,경상북도 청도군 풍각면 송서리 562-1
MKT001276,MARKET,군산공설시장,35.98316656,126.7203241,전북특별차치도 군산시 신금길 18,전북특별차치도 군산시 신영동 18-1
MKT001277,MARKET,동곡공설시장,35.69205739,128.8910781,경상북도 청도군 금천면 금천로 41-2,경상북도 청도군 금천면 동곡리 776
MKT001278,MARKET,의성염매시장,36.35022877,128.6956069,경상북도 의성군 의성읍 염매시장길 5,경상북도 의성군 의성읍 후죽리 688-6
MKT001279,MARKET,의성공설재래시장,36.3451135,128.699851,경상북도 의성군 의성읍 전통시장 1길 12-8,경상북도 의성군 의성읍 도동리 758-4
MKT001280,MARKET,안계공설시장,36.38442056,128.4383426,경상북도 의성군 안계면 안계시장길 14-11,경상북도 의성군 안계면 용기리 467-1
MKT001281,MARKET,봉양시장,36.29925956,128.5815931,경상북도 의성군 봉양면 도리원6길 9-1,경상북도 의성군 봉양면 화전리 99-5
MKT001282,MARKET,함평천지전통시장,35.06373037,126.5234259,전라남도 함평군 함평읍 시장길 49,전라남도 함평군 함평읍 기각리 982
MKT001283,MARKET,금성시장,36.25617739,128.6814114,경상북도 의성군 금성면 탑리길56-1,경상북도 의성군 금성면 대리리 66-7
MKT001284,MARKET,후포시장,36.67787465,129.4442245,경상북도 울진군 후포면 울진대게로21,경상북도 울진군 후포면 삼율리 126
MKT001285,MARKET,평해시장,36.72694696,129.4424335,경상북도 울진군 평해읍 평해6길12,경상북도 울진군 평해읍 평해리 879-3
MKT001286,MARKET,죽변시장,37.05897952,129.4222545,경상북도 울진군 죽변면 죽변중앙로 168-14,경상북도 울진군 죽변면 죽변리 36-8
MKT001287,MARKET,울진바지게시장,36.99192061,129.4022797,경상북도 울진군 울진읍 읍내1길 18 (울진시장),경상북도 울진군 울진읍 읍내리 60-49
MKT001288,MARKET,흥부시장,37.10360525,129.3753791,경상북도 울진군 북면 장터길 110-6,경상북도 울진군 북면 부구리 135
MKT001289,MARKET,매화시장,36.90980624,129.3799227,경상북도 울진군 매화면 매화2길 36-14,경상북도 울진군 매화면 매화리 1180-1
MKT001290,MARKET,척산시장,36.79693438,129.4512978,경상북도 울진군 기성면 척산길 51-25,경상북도 울진군 기성면 척산리 211-14
MKT001291,MARKET,풍양시장,36.50926978,128.2998047,경상북도 예천군 풍양면 낙상2길 37-13,경상북도 예천군 풍양면 낙상리 157-7
MKT001292,MARKET,용궁시장,36.60702184,128.2753688,경상북도 예천군 용궁면 용궁시장길 9,경상북도 예천군 용궁면 읍부리 329-1
MKT001293,MARKET,예천중앙시장,36.6574335,128.4578325,경상북도 예천군 예천읍 시장로127,경상북도 예천군 예천읍 동본리 497-1
MKT001294,MARKET,죽도시장,36.03641447,129.3681411,경상북도 포항시 북구 죽도시장13길 13,경상북도 포항시 북구 죽도동 1-22
MKT001295,MARKET,장량성도시장,36.06827244,129.3813701,경상북도 포항시 북구 용두산길 54,경상북도 포항시 북구 두호동 1079
MKT001296,MARKET,양학시장,36.02727113,129.3497432,경상북도 포항시 북구 양학로 40,경상북도 포항시 북구 학잠동 83
MKT001297,MARKET,영일대북부시장,36.04629733,129.3691029,경상북도 포항시 북구 대신로26번길 10-1,경상북도 포항시 북구 대신동 64-5
MKT001298,MARKET,두호1시장,36.06172603,129.3693658,경상북도 포항시 북구 창흥로 11,경상북도 포항시 북구 창포동 630
MKT001299,MARKET,그린종합시장,36.06728944,129.3809631,경상북도 포항시 북구 용두산길 39,경상북도 포항시 북구 장성동 1352-1
MKT001300,MARKET,환호그린빌시장,36.06813183,129.3911427,경상북도 포항시 북구 환호공원길 15,경상북도 포항시 북구 환호동 377-5
MKT001301,MARKET,한라종합시장,36.04122465,129.3512673,경상북도 포항시 북구 대안길 57,경상북도 포항시 북구 용흥동 357-1
MKT001302,MARKET,죽도어시장,36.03513455,129.3690789,경상북도 포항시 북구 죽도시장길32,경상북도 포항시 북구 죽도동 574-4
MKT001303,MARKET,중앙상가,36.04016574,129.3661568,경상북도 포항시 북구 중앙상가길64,경상북도 포항시 북구 상원동 468-23
MKT001304,MARKET,흥해시장,36.11061401,129.3482939,경상북도 포항시 북구 흥해읍 한동로 61-13,경상북도 포항시 북구 흥해읍 성내리 61-2
MKT001305,MARKET,기계시장,36.06996359,129.2045078,경상북도 포항시 북구 기계면 새마을발상지길 7,경상북도 포항시 북구 기계면 현내리 639
MKT001306,MARKET,해도5(형산)시장,36.01270248,129.3664934,경상북도 포항시 남구 문예로 70번길23,경상북도 포항시 남구 대도동 143-1
MKT001307,MARKET,상대종합시장,36.01993112,129.3611077,경상북도 포항시 남구 양학천로 76번길13,경상북도 포항시 남구 상도동 1-12
MKT001308,MARKET,남부시장,36.01262132,129.3561505,경상북도 포항시 남구 상공로43,경상북도 포항시 남구 상도동 629
MKT001309,MARKET,포항큰동해시장,36.02655548,129.3709848,경상북도 포항시 남구 중앙로146번길 30,경상북도 포항시 남구 해도동 435-23
MKT001310,MARKET,영남시장,35.9879517,129.4496824,경상북도 포항시 남구 동해면 일월로152,경상북도 포항시 남구 동해면 약전리 436-3
MKT001311,MARKET,대해불빛시장,36.01879903,129.3685564,경상북도 포항시 남구 중앙로67번길 7,경상북도 포항시 남구 해도동 79-1
MKT001312,MARKET,효자시장,36.00799585,129.3315835,경상북도 포항시 남구 효자동길10번길 13,경상북도 포항시 남구 효자동 301-1
MKT001313,MARKET,연일전통시장,35.99635173,129.3486811,경상북도 포항시 남구 연일읍 연일로 159번길 46,경상북도 포항시 남구 연일읍 생지리 194-1
MKT001314,MARKET,포항운하송림시장,36.02820448,129.3763138,경상북도 포항시 남구 운하로36번길 7,경상북도 포항시 남구 송도동 493-11
MKT001315,MARKET,청림시장,35.99657827,129.4103564,경상북도 포항시 남구 청림서길 29,경상북도 포항시 남구 청림동 588-2
MKT001316,MARKET,오천시장,35.96647172,129.4142295,경상북도 포항시 남구 오천읍 해병로 307번길 26-3,경상북도 포항시 남구 오천읍 세계리 847-5
MKT001317,MARKET,오천삼광시장,35.97830244,129.4123387,경상북도 포항시 남구 오천읍 정몽주로679번길 3,경상북도 포항시 남구 오천읍 구정리 35-27
MKT001318,MARKET,구룡포시장,35.99031583,129.5540012,경상북도 포항시 남구 구룡포읍 구룡포길 72-1,경상북도 포항시 남구 구룡포읍 구룡포리 963-2
MKT001319,MARKET,서부아침시장,37.18331647,128.466754,강원특별자치도 영월군 영월읍 중앙로 30-1,강원특별자치도 영월군 영월읍 영흥리 947-57
MKT001320,MARKET,양양전통시장,38.07506326,128.6232929,강원특별자치도 양양군 양양읍 남문5길 9,강원특별자치도 양양군 양양읍 남문리 57
MKT001321,MARKET,양구중앙시장,38.10410757,127.9893261,강원특별자치도 양구군 중앙길 68,강원특별자치도 양구군 상리 235
MKT001322,MARKET,속초관광수산시장(구 속초중앙전통시장),38.20540516,128.5893558,강원특별자치도 속초시 중앙시장로 6길 4,강원특별자치도 속초시 중앙동 493-51
MKT001323,MARKET,속초종합중앙시장,38.20452003,128.5901927,강원특별자치도 속초시 중앙로147번길 16,강원특별자치도 속초시 중앙동 471-4
MKT001324,MARKET,삼척번개시장,37.43090173,129.178574,강원특별자치도 삼척시 중앙로 14-27,강원특별자치도 삼척시 사직동 50-11
MKT001325,MARKET,도계중앙시장,37.23514806,129.0451104,강원특별자치도 삼척시 도계읍 도계로4길 20,강원특별자치도 삼척시 도계읍 도계리 390-1
MKT001326,MARKET,도계전두시장,37.22913383,129.0428073,강원특별자치도 삼척시 도계읍 전두시장길 6-1,강원특별자치도 삼척시 도계읍 전두리 81-20
MKT001327,MARKET,삼척중앙시장,37.44210346,129.1646216,강원특별자치도 삼척시 진주로 12-21,강원특별자치도 삼척시 남양동 55-4
MKT001328,MARKET,중동사랑시장(부천중동시장),37.49497098,126.764586,경기도 부천시 원미구 부흥로200번길 25,경기도 부천시 원미구 중동 724
MKT001329,MARKET,동쪽바다중앙시장,37.55104769,129.1085683,강원특별자치도 동해시 중앙시장길 12,강원특별자치도 동해시 발한동 7-1
MKT001330,MARKET,묵호항 자연산 수산물 판매시장,37.55205496,129.1162115,강원특별자치도 동해시 일출로 74,강원특별자치도 동해시 묵호진동 15-128
MKT001331,MARKET,묵호시장,37.55235235,129.1141946,강원특별자치도 동해시 일출로 59-1,강원특별자치도 동해시 묵호진동 15-61
MKT001332,MARKET,동해남부재래시장,37.48760966,129.1035498,강원특별자치도 동해시 청운1길 29,강원특별자치도 동해시 동회동 442
MKT001333,MARKET,거진전통시장,38.44748216,128.4543896,강원특별자치도 고성군 거진읍 거진시장길 13-3,강원특별자치도 고성군 거진읍 거진리 272
MKT001334,MARKET,간성전통시장,38.37994273,128.4694508,강원특별자치도 고성군 간성읍 간성시장3길 7-2,강원특별자치도 고성군 간성읍 신안리 311-10
MKT001335,MARKET,주문진좌판풍물시장,37.89171625,128.8293151,강원특별자치도 강릉시 주문진읍 해안로 1758-10,강원특별자치도 강릉시 주문진읍 주문리 312-713
MKT001336,MARKET,주문진종합시장,37.8914385,128.8269078,강원특별자치도 강릉시 주문진읍 구시장길 11-3,강원특별자치도 강릉시 주문진읍 주문리 321-14
MKT001337,MARKET,주문진수산시장,37.89097097,128.8280009,강원특별자치도 강릉시 주문진읍 시장2길 4,강원특별자치도 강릉시 주문진읍 주문리 312-424
MKT001338,MARKET,주문진건어물시장,37.89114842,128.8287555,강원특별자치도 강릉시 주문진읍 해안로1748,강원특별자치도 강릉시 주문진읍 주문리 312-708
MKT001339,MARKET,강릉서부시장,37.75505954,128.8907988,강원특별자치도 강릉시 임영로 155번길 6,강원특별자치도 강릉시 용강동 29
MKT001340,MARKET,강릉동부시장,37.7600498,128.9006624,강원특별자치도 강릉시 옥천로 48,강원특별자치도 강릉시 옥천동 223
MKT001341,MARKET,강릉성남시장,37.75344795,128.8992217,강원특별자치도 강릉시 중앙시장1길 16,강원특별자치도 강릉시 성남동 54-10
MKT001342,MARKET,중앙시장,37.75401611,128.8986236,강원특별자치도 강릉시 금성로21,강원특별자치도 강릉시 성남동 50
MKT001343,MARKET,덕계종합상설시장,35.36975442,129.1471525,경상남도 양산시 덕계2길 7,경상남도 양산시 덕계동 754-1
MKT001344,MARKET,단계시장,35.37712433,128.0111488,경상남도 산청군 신등면 신차로 500-3,경상남도 산청군 신등면 단계리 784
MKT001345,MARKET,덕산시장,35.2770275,127.8377507,경상남도 산청군 시천면 남명로 188-5,경상남도 산청군 시천면 사리 931-3
MKT001346,MARKET,생초시장,35.49280603,127.8351909,경상남도 산청군 생초면 생초로 35-30,경상남도 산청군 생초면 어서리 259
MKT001347,MARKET,산청시장,35.41530225,127.8763044,경상남도 산청군 산청읍 중앙로 16-1,경상남도 산청군 산청읍 산청리 250-2
MKT001348,MARKET,단성시장,35.29792788,127.9580631,경상남도 산청군 단성면 목화로 968번길 17,경상남도 산청군 단성면 성내리 178
MKT001349,MARKET,사천읍시장,35.08405876,128.08901,경상남도 사천시 사천읍 시장1길 16,경상남도 사천시 사천읍 정의리 393-8
MKT001350,MARKET,완사시장,35.13122005,127.9763483,경상남도 사천시 곤명면 완사2길 12,경상남도 사천시 곤명면 정곡리 842
MKT001351,MARKET,삼천포중앙시장,34.92892254,128.0767148,경상남도 사천시 중앙시장2길 37,경상남도 사천시 선구동 17-5
MKT001352,MARKET,서포시장,35.00686028,127.9779028,경상남도 사천시 서포면 자구로 473,경상남도 사천시 서포면 구평리 644-3
MKT001353,MARKET,삼천포전통수산시장,34.92717247,128.069893,경상남도 사천시 어시장길 46,경상남도 사천시 서동 311-112
MKT001354,MARKET,삼천포용궁수산시장,34.92743545,128.0717569,경상남도 사천시 어시장길 64,경상남도 사천시 동동 485-2
MKT001355,MARKET,삼천포종합시장,34.93234179,128.0785407,경상남도 사천시 동금2길 15,경상남도 사천시 동금동 88-4
MKT001356,MARKET,곤양종합시장,35.05653208,127.9633461,경상남도 사천시 곤양면 남산로 65,경상남도 사천시 곤양면 남문외리 48-4
MKT001357,MARKET,수산시장,35.37422786,128.7087852,경상남도 밀양시 하남읍 시서상가길 5,경상남도 밀양시 하남읍 수산리 815-18
MKT001358,MARKET,송지시장,35.39686406,128.8371964,경상남도 밀양시 삼랑진읍 외송3길 8-1,경상남도 밀양시 삼랑진읍 송지리 359-15
MKT001359,MARKET,송백시장,35.58629962,128.8817037,경상남도 밀양시 산내면 산내로 346-1,경상남도 밀양시 산내면 송백리 1319-13
MKT001360,MARKET,무안시장(무안임시시장),35.47019254,128.6520424,경상남도 밀양시 무안면 사명로 510,경상남도 밀양시 무안면 무안리 814-2
MKT001361,MARKET,밀양아리랑시장,35.49306115,128.7525542,경상남도 밀양시 상설시장1길11,경상남도 밀양시 내일동 583-1
MKT001362,MARKET,내일전통시장,35.49332954,128.7533093,경상남도 밀양시 상설시장3길 18-6,경상남도 밀양시 내일동 174-9
MKT001363,MARKET,이동공설시장,34.80113755,127.9538197,경상남도 남해군 이동면 무림로 63번길 9,경상남도 남해군 이동면 무림리 1140
MKT001364,MARKET,남해전통시장,34.84014878,127.89449,경상남도 남해군 남해읍 화전로110,경상남도 남해군 남해읍 북변리 246-1
MKT001365,MARKET,남면공설시장,34.770945,127.8853533,경상남도 남해군 남면 남서대로 785-4,경상남도 남해군 남면 당항리 1381-5
MKT001366,MARKET,주촌축산물시장,35.22608524,128.8124154,경상남도 김해시 주촌면 서부로1403번길 23-66,경상남도 김해시 주촌면 내삼리 1295
MKT001367,MARKET,진영전통시장,35.30231684,128.7306322,경상남도 김해시 진영읍 진영산복로115번길 9,경상남도 김해시 진영읍 진영리 235-16
MKT001368,MARKET,진례전통시장,35.24867545,128.7489254,경상남도 김해시 진례면 송현로 6,경상남도 김해시 진례면 송정리 239-3
MKT001369,MARKET,외동전통시장,35.2329309,128.8660031,경상남도 김해시 내외중앙로 33,경상남도 김해시 외동 1254-2
MKT001370,MARKET,경주중앙시장,35.84395286,129.2067435,경상북도 경주시 금성로 295,경상북도 경주시 성건동 339-2
MKT001371,MARKET,삼방시장,35.25078662,128.9096859,경상남도 김해시 삼안로 255,경상남도 김해시 삼방동 665-8
MKT001372,MARKET,김해전통시장(김해동상시장),35.23624089,128.883862,경상남도 김해시 호계로 517번길 5-13,경상남도 김해시 동상동 877-2
MKT001373,MARKET,배둔시장,35.05736208,128.3691501,경상남도 고성군 회화면 배둔로31번길 5,경상남도 고성군 회화면 배둔리 826-2
MKT001374,MARKET,영오시장,35.10895031,128.2376737,경상남도 고성군 영오면 영회로 527-9,경상남도 고성군 영오면 영산리 232-1
MKT001375,MARKET,고성공룡시장,34.97266192,128.3233371,경상남도 고성군 고성읍 성내로112번길 75-8,경상남도 고성군 고성읍 성내리 212-3
MKT001376,MARKET,고성시장,34.97730013,128.3230514,경상남도 고성군 고성읍 중앙로25번길57,경상남도 고성군 고성읍 서외리 1-6
MKT001377,MARKET,거창시장,35.68700298,127.9138722,경상남도 거창군 거창읍 중앙로 140,경상남도 거창군 거창읍 중앙리 122-9
MKT001378,MARKET,거제읍내시장,34.85055855,128.5903037,경상남도 거제시 거제면 읍내로2길 28,경상남도 거제시 거제면 서상리 325-2
MKT001379,MARKET,장평종합시장,34.89086439,128.6131111,경상남도 거제시 장평로37,경상남도 거제시 장평동 56-1
MKT001380,MARKET,거제고현시장,34.88542879,128.624008,경상남도 거제시 거제중앙로17길 6,경상남도 거제시 고현동 104-2
MKT001381,MARKET,신부시장,34.8677231,128.7295445,경상남도 거제시 장승포로 49,경상남도 거제시 장승포동 283-99
MKT001382,MARKET,옥현상가,34.89692237,128.6899341,경상남도 거제시 옥포로 250,경상남도 거제시 옥포동 1293-1
MKT001383,MARKET,옥포국제시장,34.89435922,128.6895425,경상남도 거제시 옥포로19길 12-1,경상남도 거제시 옥포동 525-19
MKT001384,MARKET,옥수시장,34.87534685,128.7308743,경상남도 거제시 옥수로2길 10,경상남도 거제시 능포동 633-215
MKT001385,MARKET,옥수동새시장,34.87539656,128.7319145,경상남도 거제시 능포로134-2,경상남도 거제시 능포동 680-7
MKT001386,MARKET,한라프라자,34.88820169,128.6235595,경상남도 거제시 거제중앙로 1906,경상남도 거제시 고현동 961-153
MKT001387,MARKET,발안만세시장,37.13145931,126.9094512,경기도 화성시 향남읍 평2길 7,경기도 화성시 향남읍 평리 81-51
MKT001388,MARKET,조암시장,37.08354443,126.818488,경기도 화성시 우정읍 조암남로 28,경기도 화성시 우정읍 조암리 270-7
MKT001389,MARKET,금촌전통시장,37.76261761,126.7738861,경기도 파주시 금정 24길 18-6,경기도 파주시 금촌동 64-19
MKT001390,MARKET,양동쌍학시장,37.42017548,127.7531956,경기도 양평군 양동면 학둔지아래길 76,경기도 양평군 양동면 쌍학리 227-3
MKT001391,MARKET,남양시장,37.20902222,126.8159971,경기도 화성시 남양읍 남양시장로 61,경기도 화성시 남양읍 남양리 1165-25
MKT001392,MARKET,청구문화시장,37.37665581,127.1162348,경기도 성남시 분당구 내정로165번길 38,경기도 성남시 분당구 수내동 32
MKT001393,MARKET,역곡상상시장,37.48757743,126.8118954,경기도 부천시 원미구 부일로749번길 31,경기도 부천시 원미구 역곡동 84-7
