market_id,시장명,시장유형,소재지도로명주소,소재지지번주소,시장개설주기,위도,경도,점포수,취급품목,개설연도,전화번호,홈페이지주소,좌표보완방법,좌표검색어,좌표매칭시장명,좌표매칭주소
MKT000001,성정시장,상설장,충청남도 천안시 서북구 양지21길 31,충청남도 천안시 서북구 성정동 736-7,매일,36.81267105,127.1392027,66.0,농산물+축산물+가공식품+의류+신발+가정용품+음식점,1988.0,041-579-8258,,,,,
MKT000002,일동전통시장,상설장,경기도 포천시 일동면 화동로 1090-14,경기도 포천시 일동면 기산리 94-10,매일,37.95978103,127.3194792,35.0,농산물+축산물+수산물+가공식품+의류+신발+가정용품+음식점,1980.0,,,,,,
MKT000003,운천전통시장,상설장+4일장,경기도 포천시 영북면 영북로 177번길 25,경기도 포천시 영북면 운천리 513-15,4일+9일,38.0899666,127.2722253,48.0,농산물,1990.0,031-538-2200,,,,,
MKT000004,통복시장,상설장+5일장,경기도 평택시 통복시장로25번길 10,경기도 평택시 통복동 70-29,5일+10일,36.99782533,127.0850763,594.0,농산물+축산물+수산물+가공식품+의류+신발+가정용품+음식점,1950.0,031-658-0489,blog.naver.com/tongbokmk,,,,
MKT000005,송탄시장,상설장+4일장,경기도 평택시 탄현로346번길 38,경기도 평택시 지산동 754-28,4일+9일,37.08146214,127.0567273,142.0,농산물+축산물+수산물+가공식품+의류+신발+가정용품+음식점,1960.0,031-662-3368,,,,,
MKT000006,안중시장,상설장,경기도 평택시 안중읍 안현로서3길 34,경기도 평택시 안중읍 안중리 269-3,1일+6일,36.98766055,126.9276616,115.0,농산물+축산물+수산물+가공식품+의류+신발+가정용품+음식점,1960.0,031-686-9979,,,,,
MKT000007,평택국제중앙시장,상설장,경기도 평택시 중앙시장로 16,경기도 평택시 신장동 317-70,매일,37.07987834,127.0521939,217.0,농산물+축산물+수산물+가공식품+의류+신발+가정용품+음식점,1950.0,031-668-8922,,,,,
MKT000008,서정리시장,상설장,경기도 평택시 서정역로 37,경기도 평택시 서정동 328-35,2일+7일,37.05742213,127.0555064,100.0,농산물+축산물+수산물+가공식품+의류+신발+가정용품+음식점,1950.0,031-666-4676,,,,,
MKT000009,봉일천시장,상설장,경기도 파주시 조리읍 봉천로 33-1,경기도 파주시 조리읍 봉일천리 168-4,2일+7일,37.74353235,126.8078457,139.0,농산물+축산물+수산물+가공식품+의류+신발+가정용품+음식점,2017.0,031-942-0215,,,,,
MKT000010,전주신중앙시장(신중앙시장),상설장,전북특별차치도 전주시 완산구 태평5길 33,전북특별차치도 전주시 완산구 태평동 41-5,매일,35.8241473,127.1434872,161.0,농산물+축산물+수산물+가공식품+의류+신발+가정용품+음식점,,063-274-7535,,,,,
MKT000011,모래내시장(전주),상설장,전북특별차치도 전주시 덕진구 모래내4길 8-8,전북특별차치도 전주시 덕진구 인후동2가 203-10,매일,35.833574,127.1438694,219.0,농산물+축산물+수산물+의류+음식점,1975.0,063-278-5808,,,,,
MKT000012,금촌명동로시장,상설장,경기도 파주시 명동길 53,경기도 파주시 금촌동 323-1,매일,37.76330134,126.773362,85.0,농산물+축산물+수산물+가공식품+의류+신발+가정용품+음식점,2013.0,,,,,,
MKT000013,금촌문화로시장,상설장,경기도 파주시 문화로 89-1,경기도 파주시 금촌동 66-4,매일,37.76225007,126.7748519,130.0,농산물+축산물+수산물+가공식품+의류+신발+가정용품+음식점,2013.0,031-946-5656,,,,,
MKT000014,석바위시장,상설장,인천광역시 미추홀구 경인로 485번길 17-1,인천광역시 미추홀구 주안동 922-6,매일,37.46015327,126.6927408,171.0,농산물+축산물+수산물+가공식품+의류+신발+가정용품+음식점,1979.0,032-426-6877,https://blog.naver.com/cw_5f,,,,
MKT000015,용현시장,상설장,인천광역시 미추홀구 용삼길 13,인천광역시 미추홀구 용현동 459-92,매일,37.45756673,126.6503669,214.0,농산물+축산물+수산물+가공식품+의류+신발+가정용품+음식점,1963.0,032-886-9318,,,,,
MKT000016,장호원전통시장,상설장+4일장,경기도 이천시 장호원읍 장감로77번길 14,경기도 이천시 장호원읍 장호원리 350,4일+9일,37.11809055,127.631251,64.0,농산물+축산물+수산물+가공식품+의류+신발+가정용품+음식점+근린생활서비스,1955.0,031-643-1330,http://www.jmarket.org/,,,,
MKT000017,사기막골도자기시장,상설장,경기도 이천시 경충대로2993번길 24,경기도 이천시 사음동 536,매일,37.29483104,127.4119796,62.0,의류+가정용품+음식점+근린생활서비스,1978.0,031-638-8388,www.sagimakgol.com,,,,
MKT000018,관고전통시장,상설장,경기도 이천시 중리천로 31번길 22,경기도 이천시 관고동 10-13,2일+7일,37.2808079,127.4403637,99.0,농산물+축산물+수산물+가공식품+의류+신발+가정용품+음식점+근린생활서비스,1930.0,031-2638-8388,,,,,
MKT000019,의정부제일시장,상설장,경기도 의정부시 태평로 73번길 20,경기도 의정부시 의정부동 160,매일,37.74011951,127.0500672,334.0,농산물+축산물+수산물+가공식품+의류,1976.0,031-846-2617,,,,,
MKT000020,의정부청과야채시장,상설장,경기도 의정부시 시민로 157번길,,매일,37.7389705273209,127.052296568807,67.0,농산물,1978.0,031-848-1106,,Kakao_주소검색,경기도 의정부시 시민로 157번길,,
MKT000021,의정부시장,상설장,경기도 의정부시 시민로143번길 40,경기도 의정부시 의정부동 148-5,매일,37.73944331,127.0511786,40.0,농산물+축산물+수산물+가공식품,1978.0,,,,,,
MKT000022,의왕도깨비시장,상설장,경기도 의왕시 부곡시장길 18,경기도 의왕시 삼동 192-554,매일,37.3194783,126.9507208,128.0,농산물+축산물+수산물,1980.0,031-462-0994,,,,,
MKT000023,신정상가시장,상설장,울산광역시 남구 중앙로241번길 14-1,울산광역시 남구 신정동 634-10,매일,35.54197244,129.3090699,252.0,농산물+축산물+수산물+가공식품+의류+신발+가정용품+음식점+근린생활서비스,2005.0,052-274-7388,http://facebook.com/sinjeongmarket,,,,
MKT000024,죽전로데오상점가시장,상설장,경기도 용인시 수지구 용구대로 2725-1,경기도 용인시 수지구 죽전동 1003-53,매일,37.32876491,127.1080484,135.0,가공식품+의류+신발+가정용품+음식점+근린생활서비스,1996.0,,,,,,
MKT000025,오색시장,상설장+3일장,경기도 오산시 오산로 272번길 21,경기도 오산시 오산동 853-27,3일+8일,37.15133204,127.0709405,319.0,농산물+축산물+수산물+가공식품+의류+신발+음식점,1914.0,031-376-4142,,,,,
MKT000026,전곡전통시장,상설장,경기도 연천군 전곡읍 전곡로172번길 4-15,경기도 연천군 전곡읍 전곡리 479-30,매일,38.02715221,127.0681662,64.0,가정용품+음식점,1963.0,031-832-4111,,,,,
MKT000027,여주한글시장(여주중앙로상점가),상설장+5일장,경기도 여주시 세종로14번길 24-1,경기도 여주시 하동 268-4,5일+10일,37.29755162,127.6342927,180.0,농산물+축산물+수산물+가공식품+의류+신발+가정용품+음식점,2007.0,031-885-8741,,,,,
MKT000028,용문천년시장,상설장+5일장,경기도 양평군 용문면 용문시장2길 11,경기도 양평군 용문면 다문리 307-5,5일+10일,37.48396864,127.5947554,153.0,농산물+축산물+수산물+가공식품+의류+신발+가정용품+음식점,1982.0,031-771-6172,https://ymsijang.com/,,,,
MKT000029,상계중앙시장,상설장,서울특별시 노원구 상계로 27길 32,서울특별시 노원구 상계동 389-641,매일,37.65994072,127.0698633,82.0,농산물+축산물+수산물+가공식품+의류+신발+가정용품+음식점,1975.0,070-4141-1116,,,,,
MKT000030,양수리전통시장(양평양수리시장),상설장,경기도 양평군 양서면 양수로150번길 3-15,경기도 양평군 양서면 양수리 556-3,1일+6일,37.54506648,127.3197944,203.0,농산물+축산물+수산물+가공식품+의류+신발+가정용품+음식점,1965.0,031-775-3110,https://blog.naver.com/ysrsijang,,,,
MKT000031,기장시장,상설장,부산광역시 기장군 기장읍 읍내로104번길 16,부산광역시 기장군 기장읍 대라리 72-1,매일,35.24369155,129.2148692,136.0,농산물+축산물+수산물+가공식품+의류+신발+가정용품+음식점,1944.0,051-721-3963,,,,,
MKT000032,중부농수산물시장,상설장,경기도 안양시 만안구 안양로248번길23,경기도 안양시 만안구 안양동 622-337,매일,37.39590837,126.9256223,30.0,농산물+가공식품,1982.0,,,,,,
MKT000033,안양중앙인정시장,상설장,경기도 안양시 만안구 냉천로185번길 8,경기도 안양시 만안구 안양동 711-280,매일,37.39648106,126.9195685,393.0,농산물+축산물+수산물+가공식품+의류+신발+가정용품+음식점,2006.0,031-447-9961,,,,,
MKT000034,육동시장,상설장,경기도 안양시 만안구 수리산로 47번길 38,경기도 안양시 만안구 안양동 434-3,매일,37.39058613,126.9302236,12.0,농산물+축산물+의류+음식점,1980.0,031-449-1205,,,,,
MKT000035,석수시장,상설장,경기도 안양시 만안구 석천로 171번길 20,경기도 안양시 만안구 석수동 287,매일,37.4128602,126.9079728,135.0,가공식품+음식점,1979.0,,,,,,
MKT000036,왜관시장,상설장,경상북도 칠곡군 왜관읍 시장2길 9,경상북도 칠곡군 왜관읍 왜관리 211-187,1일+6일,35.9951519,128.39825,134.0,음식점,1981.0,054-971-7660,,,,,
MKT000037,중앙시장,상설장,경기도 안양시 만안구 냉천로 196,경기도 안양시 만안구 안양동 676-44,매일,37.39757136,126.919669,315.0,농산물+가공식품+가정용품+음식점,1961.0,031-449-6047,,,,,
MKT000038,안양남부시장,상설장,경기도 안양시 만안구 장내로 140번길 51,경기도 안양시 만안구 안양동 622-378,매일,37.39593498,126.924956,163.0,농산물+축산물+수산물+가공식품+의류+신발+가정용품+음식점,2005.0,031-449-7400,,,,,
MKT000039,안양호계종합시장,상설장,경기도 안양시 동안구 흥안대로133번길 59-2,경기도 안양시 동안구 호계동 995-10,매일,37.37338078,126.9582499,178.0,농산물+수산물+가공식품+의류+신발+가정용품+음식점,2008.0,031-453-4766,,,,,
MKT000040,안양관양시장,상설장,경기도 안양시 동안구 관평로 336번길 31,경기도 안양시 동안구 관양동 1407-8,매일,37.4052233,126.9593052,144.0,농산물+축산물+수산물+가공식품+의류+신발+가정용품+음식점,2006.0,031-386-5577,,,,,
MKT000041,죽산시장,5일장,경기도 안성시 죽산면 중서길 8-9,경기도 안성시 죽산면 죽산리 439-3,5일+10일,37.07598943,127.4233876,103.0,농산물+축산물+수산물+가공식품+의류+신발+가정용품+음식점,2010.0,,,,,,
MKT000042,일죽시장,상설장,경기도 안성시 일죽면 금일로 467,경기도 안성시 일죽면 송천리 15-18,매일,37.09336892,127.4784203,109.0,농산물+축산물+수산물+가공식품+의류+신발+가정용품+음식점,,031-674-7763,,,,,
MKT000043,중앙시장,상설장,경기도 안성시 장기로45번길 30,경기도 안성시 서인동 81,2일+7일,37.00656227,127.2687966,67.0,농산물+축산물+수산물+가공식품+의류+신발+가정용품+음식점,2007.0,,,,,,
MKT000044,안성맞춤시장,상설장,경기도 안성시 시장길 37,경기도 안성시 서인동 13-1,매일,37.00663081,127.2703585,140.0,농산물+가공식품+의류+신발+가정용품+음식점,1983.0,,,,,,
MKT000045,안산 다농마트 전통시장,상설장,경기도 안산시 상록구 예술광장로 1,경기도 안산시 상록구 월피동 445,매일,37.32836033,126.8442469,262.0,농산물+축산물+수산물+가공식품+의류+신발+가정용품+음식점,2019.0,031-410-6666,,,,,
MKT000046,안산패션타운전통시장,상설장,경기도 안산시 상록구 삼리로 45,경기도 안산시 상록구 사동 1530,매일,37.30497907,126.8446674,115.0,의류,2001.0,031-418-6765,,,,,
MKT000047,월드프라자,상설장,경기도 안산시 상록구 본삼로 60,경기도 안산시 상록구 본오동 872,매일,37.30056356,126.8664563,223.0,농산물+축산물+수산물+가공식품+의류+신발+가정용품+음식점,2017.0,031-407-0951,,,,,
MKT000048,신안프라자전통시장,상설장,경기도 안산시 상록구 반석로 54,경기도 안산시 상록구 본오동 871,매일,37.29647214,126.8658207,113.0,농산물+축산물+수산물+가공식품+의류+신발+가정용품+음식점,1992.0,031-410-6666,,,,,
MKT000049,황금시장,상설장+5일장,경상북도 김천시 황금시장4길20,경상북도 김천시 황금동 31-1,5일+10일,36.11666261,128.1252827,175.0,농산물+축산물+수산물+가공식품+의류+신발+가정용품+음식점,1964.0,054-435-5948,,,,,
MKT000050,스타프라자전통시장,상설장,경기도 안산시 상록구 화랑로 513,경기도 안산시 상록구 성포동 583,매일,37.32081031,126.8447251,128.0,농산물+축산물+수산물+가공식품+의류+신발+가정용품+음식점,1986.0,031-482-5067,,,,,
MKT000051,제주시서문공설시장,상설장,제주특별자치도 제주시 서문로4길 13-2,제주특별자치도 제주시 용담일동 135-9,매일,33.51134646,126.5179035,82.0,농산물+축산물+수산물+의류+가정용품+음식점+근린생활서비스,1954.0,064-758-8381,,,,,
MKT000052,연풍전통시장,상설장,충청북도 괴산군 연풍면 향교로홍문길 5,충청북도 괴산군 연풍면 삼풍리 205-3,2일+7일,36.76472468,127.9951005,53.0,농산물+축산물+가공식품+음식점,1970.0,,,,,,
MKT000053,목도재래시장,상설장+4일장,충청북도 괴산군 불정면 목도로4길 11,충청북도 괴산군 불정면 목도리 299-3,4일+9일,36.87204755,127.8530473,75.0,농산물+축산물+수산물+가공식품+가정용품+음식점,1970.0,,,,,,
MKT000054,전주남부시장,상설장,전북특별차치도 전주시 완산구 풍남문1길 19-3,전북특별차치도 전주시 완산구 전동 295-4,매일,35.81278651,127.1475386,320.0,농산물+축산물+수산물+가공식품+의류+신발+가정용품+음식점,1977.0,063-284-1344,,,,,
MKT000055,홍성전통시장,상설장,충청남도 홍성군 홍성읍 홍성천길 242,충청남도 홍성군 홍성읍 대교리 400-1,1일+6일,36.60214738,126.6680243,220.0,농산물+축산물+수산물+가공식품+의류+신발+가정용품+음식점,1943.0,041-632-8833,,,,,
MKT000056,홍성상설시장,상설장,충청남도 홍성군 홍성읍 아문길 60,충청남도 홍성군 홍성읍 오관리 397-6,매일,36.59973826,126.6637095,110.0,농산물+축산물+수산물+가공식품+의류+신발+가정용품+음식점,1981.0,041-632-4333,,,,,
MKT000057,광천문화시장,4일장,충청남도 홍성군 광천읍 광천로323번길 15-1,충청남도 홍성군 광천읍 광천리 185-27,4일+9일,36.50232616,126.6250081,148.0,농산물+축산물+가공식품+의류+신발+가정용품+음식점,1926.0,,,,,,
MKT000058,광천전통시장,상설장+4일장,충청남도 홍성군 광천읍 광천로 285,충청남도 홍성군 광천읍 광천리 230-32,4일+9일,36.4998307,126.6252434,179.0,농산물+축산물+수산물+가공식품+의류+신발+가정용품+음식점,1926.0,041-641-4163,,,,,
MKT000059,갈산전통시장,3일장,충청남도 홍성군 갈산면 상촌로 29,충청남도 홍성군 갈산면 상촌리 240-16,3일+8일,36.6036997,126.5505509,40.0,농산물+수산물+가공식품+의류+신발+가정용품+음식점,1943.0,,,,,,
MKT000060,태안서부시장,상설장,충청남도 태안군 태안읍 시장2길 32-7 (남문3리마을회관),충청남도 태안군 태안읍 남문리 164,매일,36.75299449,126.2968375,153.0,농산물+축산물+수산물+가공식품+의류+신발+가정용품+음식점,1975.0,041-672-2151,,,,,
MKT000061,안면도수산시장(안면도장터),상설장,충청남도 태안군 안면읍 장터로 104,충청남도 태안군 안면읍 승언리 1249,매일,36.51635222,126.3460071,42.0,수산물,1955.0,041-673-0136,,,,,
MKT000062,태안동부시장(태안특산물전통시장),상설장+3일장,충청남도 서산시 시장4길 32,충청남도 서산시 동문동 288-3,3일+8일,36.78114144,126.4582001,99.0,농산물+축산물+수산물+가공식품+의류+신발+가정용품+음식점,1918.0,041-675-5797,,,,,
MKT000063,정산시장,상설장+5일장,충청남도 청양군 정산면 정현길 54,충청남도 청양군 정산면 서정리 163,5일+10일,36.41059786,126.9480121,104.0,농산물+축산물+수산물+가공식품+의류+신발+가정용품+음식점,1919.0,041-942-0833,,,,,
MKT000064,청양전통시장,상설장,충청남도 청양군 청양읍 칠갑산로6길 6,충청남도 청양군 청양읍 읍내리 178-4,2일+7일,36.45048364,126.8018476,149.0,농산물+축산물+수산물+가공식품+의류+신발+가정용품+음식점,1971.0,,,,,,
MKT000065,북부시장,상설장+4일장,전북특별차치도 익산시 인북로 219,전북특별차치도 익산시 남중동 72-7,4일+9일,35.94821919,126.9565852,179.0,농산물+수산물+의류,1975.0,063-856-5084,http://jbsj.kr/,,,,
MKT000066,봉동시장,상설장+5일장,전북특별차치도 완주군 봉동읍 봉동동서로 134-5,전북특별차치도 완주군 봉동읍 장기리 217-13,5일+10일,35.93871982,127.1670778,25.0,농산물+가공식품+의류+신발+가정용품+음식점,1964.0,,,,,,
MKT000067,병천시장,상설장,충청남도 천안시 동남구 병천면 아우내장터1길 46,충청남도 천안시 동남구 병천면 병천리 163-2,1일+6일,36.76242111,127.2981701,115.0,농산물+축산물+수산물+가공식품+의류+신발+가정용품+음식점,1918.0,,,,,,
MKT000068,천안중앙시장(구 남산중앙시장),상설장,충청남도 천안시 동남구 사직2길 19 (남산중앙시장상인회),충청남도 천안시 동남구 사직동 263,매일,36.80032317,127.1484498,520.0,농산물+축산물+수산물+가공식품+의류+신발+가정용품+음식점,1918.0,041-553-1135,,,,,
MKT000069,천안역전시장,상설장,충청남도 천안시 동남구 공설시장2길 15,충청남도 천안시 동남구 대흥동 10-12,매일,36.81006288,127.1498779,99.0,농산물+축산물+의류+가정용품+음식점,1955.0,041-522-9954,,,,,
MKT000070,삽교시장,상설장+5일장,충청남도 예산군 삽교읍 두리3길 50-6,충청남도 예산군 삽교읍 두리 568-62,2일+5일,36.68742244,126.7410344,12.0,농산물+음식점,,,,,,,
MKT000071,예산시장,5일장,충청남도 예산군 예산읍 형제고개로 967,충청남도 예산군 예산읍 예산리 333-1,5일+10일,36.67723471,126.8494508,,농산물+축산물+수산물+의류+신발+근린생활서비스,1926.0,041-333-3318,,,,,
MKT000072,예산상설시장,상설장+5일장,충청남도 예산군 예산읍 예산시장길 2,충청남도 예산군 예산읍 예산리 333-1,5일+10일,36.67723471,126.8494508,100.0,농산물+축산물+수산물+가공식품+의류+신발+가정용품+음식점,1981.0,041-333-3318,,,,,
MKT000073,역전시장,상설장+3일장,충청남도 예산군 예산읍 역전로 84,충청남도 예산군 예산읍 산성리 356-7,3일+8일,36.68704166,126.829854,40.0,농산물+축산물+수산물+가공식품+의류+신발+가정용품+음식점,1955.0,,,,,,
MKT000074,덕산시장,4일장,충청남도 예산군 덕산면 읍내서길 2-1,충청남도 예산군 덕산면 읍내리 356-4,4일+9일,36.70498477,126.6681533,53.0,농산물+축산물+수산물+가공식품+의류+신발+가정용품+음식점,1987.0,,,,,,
MKT000075,광시시장,3일장,충청남도 예산군 광시면 예당로 165-22,충청남도 예산군 광시면 광시리 87-1,3일+8일,36.54911162,126.7744446,9.0,농산물+축산물,1925.0,041-332-1190,,,,,
MKT000076,안산시시민시장,상설장+5일장,경기도 안산시 단원구 화랑로 149,경기도 안산시 단원구 초지동 604-4,5일+10일,37.32536495,126.8050908,410.0,농산물+축산물+수산물+가공식품+의류+신발+가정용품+음식점,1997.0,031-411-1040,,,,,
MKT000077,안강공설시장,상설장+4일장,경상북도 경주시 안강읍 비화중로 3길 26-3,경상북도 경주시 안강읍 양월리 1350-1,4일+9일,35.99030205,129.2217127,235.0,농산물+축산물+수산물+가공식품+의류+신발+가정용품+음식점,1923.0,054-762-5356,,,,,
MKT000078,궁평항해오름수산시장,상설장,경기도 화성시 서신면 궁평항로 1049-24,경기도 화성시 서신면 궁평리 689,매일,37.11602674,126.6812763,143.0,수산물+가공식품,2006.0,031-355-9692,궁평항.com,,,,
MKT000079,오이도전통수산시장,상설장,경기도 시흥시 오이도로 167 173,경기도 시흥시 정왕동 2003-8 2003-12,매일,37.34588337,126.6882074,77.0,수산물+근린생활서비스,1999.0,031-431-5275,https://oidosusan.com/,,,,
MKT000080,정왕시장,상설장,경기도 시흥시 정왕시장길 51,경기도 시흥시 정왕동 1203,매일,37.34580179,126.748564,74.0,농산물+축산물+수산물+가공식품+의류+신발+가정용품+음식점+근린생활서비스,2002.0,031-434-0111,,,,,
MKT000081,시흥삼미시장,상설장,경기도 시흥시 삼미시장2길 35,경기도 시흥시 신천동 738-4,매일,37.44040657,126.7838201,151.0,농산물+축산물+수산물+가공식품+의류+신발+가정용품+음식점+근린생활서비스,1987.0,031-317-4455,,,,,
MKT000082,도일시장,상설장+3일장,경기도 안산시 단원구 도일로 100,경기도 안산시 단원구 신길동 3-6,3일+8일,37.33934833,126.7839859,74.0,농산물+축산물+수산물+가공식품+의류+신발+가정용품+음식점+근린생활서비스,1953.0,,,,,,
MKT000083,팔달문시장,상설장,경기도 수원시 팔달구 정조로770번길 17,경기도 수원시 팔달구 영동 6-14,매일,37.27685014,127.0178829,221.0,의류,2005.0,031-251-5153,,,,,
MKT000084,역전시장,상설장,경기도 수원시 팔달구 매산로 2-10,경기도 수원시 팔달구 매산로1가 57-3,매일,37.26630163,127.0023389,300.0,의류+신발+음식점,2006.0,,,,,,
MKT000085,남문패션1번가시장,상설장,경기도 수원시 팔달구 정조로758번길 24,경기도 수원시 팔달구 영동 43-5,매일,37.27562469,127.0181081,156.0,의류+신발+음식점+근린생활서비스,2005.0,031-255-5226,,,,,
MKT000086,못골종합시장,상설장,경기도 수원시 팔달구 수원천로 254,경기도 수원시 팔달구 지동 415,매일,37.27618303,127.0200138,86.0,농산물+축산물+수산물+가공식품,2005.0,031-246-5638,www.motgol.com,,,,
MKT000087,남문로데오시장,상설장,경기도 수원시 팔달구 행궁로 88,경기도 수원시 팔달구 교동 3-6,매일,37.27463391,127.0155146,174.0,가공식품+의류+신발+음식점+근린생활서비스,2005.0,031-258-0336,,,,,
MKT000088,구천동공구상가시장,상설장,경기도 수원시 팔달구 수원천로199번길 5,경기도 수원시 팔달구 구천동 86-1,매일,37.27211975,127.0173519,89.0,근린생활서비스,2005.0,031-244-4434,,,,,
MKT000089,매산시장,상설장,경기도 수원시 팔달구 권선로 477,경기도 수원시 팔달구 매산로2가 90,매일,37.26457025,127.0033483,103.0,농산물+축산물+수산물+가공식품+의류+신발+가정용품+음식점,2011.0,031-224-7893,,,,,
MKT000090,미나리광시장,상설장,경기도 수원시 팔달구 수원천로 266-4,경기도 수원시 팔달구 지동 400-12,매일,37.27727335,127.0196307,51.0,농산물+축산물+수산물+음식점,2006.0,031-254-7795,,,,,
MKT000091,화서시장,상설장,경기도 수원시 팔달구 동말로 72,경기도 수원시 팔달구 화서동 97-1,매일,37.27858147,127.0020973,229.0,농산물+축산물+수산물+가공식품+의류+음식점,2005.0,031-241-4578,,,,,
MKT000092,지동시장,상설장,경기도 수원시 팔달구 팔달문로 19,경기도 수원시 팔달구 지동 402-2,매일,37.27788606,127.0196309,219.0,축산물+수산물+가공식품+음식점,2005.0,031-256-0202,,,,,
MKT000093,영동시장,상설장,경기도 수원시 팔달구 수원천로255번길 6,경기도 수원시 팔달구 영동 8,매일,37.27681569,127.0186497,282.0,근린생활서비스,2006.0,031-251-0171,,,,,
MKT000094,시민상가시장,상설장,경기도 수원시 팔달구 팔달문로4번길 19,경기도 수원시 팔달구 영동 10-18,매일,37.27667892,127.0179844,56.0,의류,2005.0,031-255-6637,,,,,
MKT000095,북수원시장,상설장,경기도 수원시 장안구 파장로82번길 9,경기도 수원시 장안구 파장동 572-35,매일,37.30704501,126.992183,150.0,농산물+축산물+수산물+음식점,2005.0,,,,,,
MKT000096,조원시장,상설장,경기도 수원시 장안구 조원로89번길 8,경기도 수원시 장안구 조원동 743-7,매일,37.30078207,127.0153395,135.0,농산물+축산물+수산물+의류+음식점,2008.0,,,,,,
MKT000097,반딧불이연무시장,상설장,경기도 수원시 장안구 월드컵로428번길 10,경기도 수원시 장안구 연무동 249,매일,37.29395937,127.0259733,194.0,농산물+축산물+수산물+가공식품+의류+음식점,2011.0,031-3089-9464,,,,,
MKT000098,장안문거북시장,상설장,경기도 수원시 장안구 수성로382번길 24,경기도 수원시 장안구 영화동 250-1,매일,37.29315046,127.0139733,117.0,농산물+축산물+음식점,2008.0,031-252-7800,www.gobuk.co.kr,,,,
MKT000099,정자시장,상설장,경기도 수원시 장안구 수성로261번길 16,경기도 수원시 장안구 정자동 73-10,매일,37.29069027,127.0008813,150.0,농산물+축산물+수산물+가공식품+의류+음식점,2009.0,031-252-0290,,,,,
MKT000100,구매탄시장,상설장,경기도 수원시 영통구 매여울로53번길 50-1,경기도 수원시 영통구 매탄동 172-72,매일,37.27260017,127.0419199,118.0,농산물+축산물+수산물+의류+음식점,2006.0,031-211-3936,,,,,
MKT000101,권선종합시장,상설장,경기도 수원시 권선구 세권로 185,경기도 수원시 권선구 권선동 1051,매일,37.25609894,127.0245738,108.0,농산물+축산물+가공식품+음식점,2005.0,031-235-0903,,,,,
MKT000102,모란가축시장,상설장,경기도 성남시 중원구 성남대로 1127,경기도 성남시 중원구 성남동 4182,매일,37.4303345,127.1288817,40.0,축산물+가공식품+음식점,2017.0,,,,,,
MKT000103,은행시장,상설장,경기도 성남시 중원구 산성대로 526,경기도 성남시 중원구 은행동 1553,매일,37.45758204,127.164475,50.0,농산물+축산물+수산물+가공식품+의류+가정용품,2014.0,031-744-9858,,,,,
MKT000104,모란종합시장,상설장+4일장,경기도 성남시 중원구 성남대로 1127,경기도 성남시 중원구 성남동 4182,4일+9일,37.4303345,127.1288817,61.0,농산물+가공식품+음식점,1974.0,031-751-4214,,,,,
MKT000105,용인중앙시장,상설장+5일장,경기도 용인시 처인구 금령로107번길 13,경기도 용인시 처인구 김량장동 137-1,5일+10일,37.23671682,127.2078548,506.0,농산물+축산물+수산물+가공식품+의류+신발+가정용품+음식점+근린생활서비스,1960.0,031-336-1110,https://blog.naver.com/yongincm,,,,
MKT000106,금광시장,상설장,경기도 성남시 중원구 산성대로426번길 5,경기도 성남시 중원구 금광동 4622,매일,37.45003783,127.159904,20.0,농산물+축산물+가공식품+음식점,1991.0,,,,,,
MKT000107,모란전통기름시장,상설장,경기도 성남시 중원구 둔촌대로 83번길 7,경기도 성남시 중원구 성남동 4222,매일,37.4309121,127.1280127,52.0,농산물+가공식품,2018.0,031-756-7395,,,,,
MKT000108,시화공구상가,상설장,경기도 시흥시 공단1대로 204,경기도 시흥시 정왕동 1364,매일,37.33771151,126.7247015,954.0,음식점+근린생활서비스,1997.0,,http://sh0989.co.kr/,,,,
MKT000109,상대원시장,상설장,경기도 성남시 중원구 희망로344번길 6,경기도 성남시 중원구 상대원동 2985-1,매일,37.43597453,127.158778,72.0,농산물+축산물+수산물+가공식품+의류+신발+가정용품+음식점+근린생활서비스,1996.0,031-746-1304,,,,,
MKT000110,하대원공설시장,상설장,경기도 성남시 중원구 마지로 118,경기도 성남시 중원구 하대원동 266-1,매일,37.42740887,127.1422648,100.0,농산물+축산물+수산물+가공식품,2018.0,031-721-5522,,,,,
MKT000111,현대시장,상설장,경기도 성남시 수정구 수정북로18,경기도 성남시 수정구 태평동 3683,매일,37.4417019,127.1319748,46.0,농산물+축산물+수산물+가공식품+의류+신발+가정용품+음식점,1974.0,031-753-2828,,,,,
MKT000112,중앙공설시장,상설장,경기도 성남시 수정구 수정로 109,경기도 성남시 수정구 태평동 3681,매일,37.44139541,127.1321099,105.0,농산물+축산물+수산물+가공식품+의류+신발+가정용품+음식점,2006.0,031-755-9222,,,,,
MKT000113,코코프라자시장,상설장,경기도 성남시 분당구 서현로210번길 20,경기도 성남시 분당구 서현동 248-5,매일,37.38586536,127.1240404,67.0,가공식품+의류+신발+가정용품+음식점+근린생활서비스,1994.0,031-707-7315,,,,,
MKT000114,현대시장(분당),상설장,경기도 성남시 분당구 중앙공원로40번길 8,경기도 성남시 분당구 서현동 94,매일,37.37970477,127.1301725,104.0,농산물+축산물+가공식품+의류+신발+음식점+근린생활서비스,1992.0,031-701-1240,,,,,
MKT000115,정선아리랑시장,상설장,강원특별자치도 정선군 정선읍 봉양7길 39,강원특별자치도 정선군 정선읍 봉양리 349-20,2일+7일,37.3803854,128.6652325,163.0,농산물+축산물+수산물+가공식품+의류+신발+가정용품+음식점+근린생활서비스,1966.0,033-563-6200,,,,,
MKT000116,금호행복시장(금호시장),상설장,경기도 성남시 분당구 내정로 165번길 38,경기도 성남시 분당구 수내동 32,매일,37.37665581,127.1162348,174.0,농산물+축산물+가공식품+의류+신발+가정용품+음식점+근린생활서비스,1994.0,031-711-7268,,,,,
MKT000117,미금현대벤처빌시장,상설장,경기도 성남시 분당구 돌마로90번길 8,경기도 성남시 분당구 구미동 26,매일,37.34928693,127.1117684,125.0,의류+신발+가정용품+음식점+근린생활서비스,2001.0,,,,,,
MKT000118,범한프라자시장,상설장,경기도 성남시 분당구 불정로376번길 37,경기도 성남시 분당구 서현동 312-3,매일,37.37163004,127.1394386,84.0,농산물+축산물+수산물+의류+신발+가정용품+음식점,2015.0,,,,,,
MKT000119,미래그린시장,상설장,경기도 성남시 분당구 불정로386번길 10 (효자촌미래타운아파트),경기도 성남시 분당구 서현동 307,매일,37.37341572,127.1380307,154.0,농산물+축산물+수산물+가공식품+의류+가정용품+음식점+근린생활서비스,1994.0,031-701-7007,,,,,
MKT000120,미래타운제2종합시장,상설장,경기도 성남시 분당구 불정로376번길 31,경기도 성남시 분당구 서현동 311,매일,37.37225503,127.1388863,64.0,농산물+가공식품+음식점+근린생활서비스,1994.0,,,,,,
MKT000121,분당우성시장,상설장,경기도 성남시 분당구 중앙공원로40번길 42,경기도 성남시 분당구 서현동 94-3,매일,37.37818238,127.1323819,75.0,농산물+축산물+수산물+가공식품+의류+신발+가정용품+음식점,1995.0,,,,,,
MKT000122,동신종합시장,상설장,경기도 성남시 분당구 돌마로 361,경기도 성남시 분당구 수내동 63-2,매일,37.37062115,127.1229653,86.0,농산물+가공식품+의류+신발+가정용품+음식점+근린생활서비스,1993.0,031-711-8628,,,,,
MKT000123,현대프라자시장,상설장,경기도 성남시 분당구 돌마로 364,경기도 성남시 분당구 수내동 79-2,매일,37.3699897,127.1236643,95.0,농산물+축산물+수산물+가공식품+의류+신발+가정용품+음식점+근린생활서비스,1996.0,031-717-3044,,,,,
MKT000124,분당종합시장,상설장,경기도 성남시 분당구 돌마로 366번길 42,경기도 성남시 분당구 수내동 83-1,매일,37.36718424,127.1267528,42.0,농산물+축산물+가공식품+의류+신발+가정용품+음식점+근린생활서비스,1996.0,,,,,,
MKT000125,코끼리시장,상설장,경기도 성남시 분당구 내정로 166번길 7-6,경기도 성남시 분당구 수내동 56,매일,37.37314665,127.1204067,108.0,농산물+축산물+수산물+가공식품+의류+신발+가정용품+음식점+근린생활서비스,1996.0,031-701-1071,,,,,
MKT000126,돌고래시장,상설장,경기도 성남시 분당구 내정로174번길 42 (파크타운서안아파트),경기도 성남시 분당구 수내동 53,매일,37.37153075,127.1221765,141.0,농산물+축산물+수산물+가공식품+의류+신발+가정용품+음식점+근린생활서비스,1993.0,031-786-0704,,,,,
MKT000127,제천고추시장,상설장,충청북도 제천시 바이오밸리로 212,충청북도 제천시 신월동 1138-1,매일,37.15643952,128.1750444,55.0,농산물,2003.0,043-647-9856,,,,,
MKT000128,제천역전한마음시장,상설장+3일장,충청북도 제천시 내토로 28길 12,충청북도 제천시 화산동 208-9,3일+8일,37.1289856,128.2064541,58.0,농산물+축산물+수산물+가공식품+의류+신발+가정용품+음식점,2005.0,043-645-2724,,,,,
MKT000129,제천약초시장,상설장,충청북도 제천시 원화산로 121,충청북도 제천시 화산동 987,매일,37.12788708,128.219591,54.0,농산물,2005.0,043-647-0109,,,,,
MKT000130,동문전통시장,상설장,충청북도 제천시 용두천로 125,충청북도 제천시 중앙로2가 117-1,매일,37.13850912,128.2135267,42.0,농산물+축산물+수산물+가공식품+의류+신발+가정용품+음식점,2007.0,043-646-5255,,,,,
MKT000131,내토전통시장,상설장,충청북도 제천시 용두천로 11길 5,충청북도 제천시 중앙로1가 34-1,매일,37.1373583,128.2124054,50.0,농산물+축산물+수산물+가공식품+의류+신발+가정용품+음식점,2007.0,043-651-0053,http://sneato.mf24.net/,,,,
MKT000132,음성시장,상설장,충청북도 음성군 음성읍 문화1길 14,충청북도 음성군 음성읍 읍내리 249-11,2일+7일,36.93816952,127.6921309,160.0,농산물+축산물+수산물+가공식품+의류+신발+가정용품+음식점+근린생활서비스,1950.0,043-873-1256,,,,,
MKT000133,단양구경시장(단양인정시장),상설장,충청북도 단양군 단양읍 도전5길 31,충청북도 단양군 단양읍 도전리 615,1일+6일,36.9824892,128.3699866,118.0,농산물+축산물+수산물+가공식품+신발+가정용품+음식점,1985.0,043-422-1706,,,,,
MKT000134,박달재전통시장,상설장,충청북도 제천시 백운면 평동로 4-8,충청북도 제천시 백운면 평동리 216-2,1일+6일,37.13820858,128.02257,67.0,농산물+축산물+가공식품+의류+가정용품+음식점,2012.0,043-653-2114,,,,,
MKT000135,청천전통시장,상설장+5일장,충청북도 괴산군 청천면 청천2길 10,충청북도 괴산군 청천면 청천리 62-11,5일+10일,36.65914155,127.7378523,101.0,농산물+음식점,1964.0,043-834-6636,,,,,
MKT000136,성환이화시장,상설장,충청남도 천안시 서북구 성환읍 종합시장길 17,충청남도 천안시 서북구 성환읍 성환리 449-1111,1일+6일,36.91925493,127.1298906,80.0,농산물+축산물+수산물+가공식품+의류+신발+가정용품+음식점,1914.0,,,,,,
MKT000137,삼성시장,상설장,충청북도 음성군 삼성면 대성로 608-2,충청북도 음성군 삼성면 덕정리 534-17,1일+6일,37.01800836,127.4991966,59.0,농산물+축산물+수산물+의류+신발+가정용품+음식점,1960.0,,,,,,
MKT000138,대소시장,상설장+3일장,충청북도 음성군 대소면 오산로 36,충청북도 음성군 대소면 오산리 186-6,3일+8일,36.96654372,127.4850145,82.0,농산물+축산물+수산물+가공식품+의류+신발+가정용품+음식점,1964.0,,,,,,
MKT000139,무극시장,상설장+5일장,충청북도 음성군 금왕읍 무극로308번길 12-2,충청북도 음성군 금왕읍 무극리 77-17,5일+10일,36.99267414,127.5960077,107.0,농산물+축산물+수산물+가공식품+의류+신발+가정용품+음식점,1950.0,043-883-7003,,,,,
MKT000140,감곡시장,상설장+3일장,충청북도 음성군 감곡면 장감로 132번길 22,충청북도 음성군 감곡면 왕장리 525-8,3일+8일,37.11822831,127.6391733,42.0,농산물+축산물+수산물+가공식품+의류+신발+가정용품+음식점,1960.0,,,,,,
MKT000141,옥천공설시장,상설장,충청북도 옥천군 옥천읍 삼금로 5길 5-14,충청북도 옥천군 옥천읍 금구리 5-68,매일,36.30251559,127.5679118,29.0,농산물+수산물+가공식품+가정용품+음식점,1964.0,043-733-9800,,,,,
MKT000142,옥천상가,상설장,충청북도 옥천군 옥천읍 삼금로 45,충청북도 옥천군 옥천읍 금구리 5-7,매일,36.302388,127.5682115,54.0,농산물+축산물+수산물+의류+신발+가정용품+음식점+근린생활서비스,1977.0,043-733-2243,,,,,
MKT000143,영동전통시장,상설장+4일장,,충청북도 영동군 영동읍 계산리 694-13,4일+9일,36.17521123,127.7756379,200.0,농산물+축산물+수산물+가공식품+의류+신발+가정용품+음식점+근린생활서비스,1964.0,043-742-0808,,,,,
MKT000144,영동중앙시장,상설장+4일장,,충청북도 영동군 영동읍 계산리 693-27,4일+9일,36.17467013,127.7756992,90.0,농산물+축산물+가공식품+의류+신발+가정용품+근린생활서비스,1976.0,043-743-5611,,,,,
MKT000145,회인재래시장,상설장+4일장,충청북도 보은군 회인면 회인로 34,충청북도 보은군 회인면 중앙리 59-15,4일+9일,36.49052262,127.5978628,48.0,농산물+축산물+수산물+가공식품+의류+신발+가정용품+음식점+근린생활서비스,1981.0,,,,,,
MKT000146,삼승원남시장(원남재래시장),3일장,충청북도 보은군 삼승면 삼승탄부로 12,충청북도 보은군 삼승면 원남리 191-1,3일+8일,36.39692314,127.7331366,70.0,농산물+축산물+가공식품+의류+가정용품+음식점+근린생활서비스,1964.0,,,,,,
MKT000147,보은전통시장,상설장,충청북도 보은군 보은읍 삼산로 17-1,충청북도 보은군 보은읍 삼산리 139-20,1일+6일,36.48430017,127.7201103,47.0,농산물+축산물+수산물+가공식품+의류+신발+가정용품+음식점+근린생활서비스,1964.0,043-543-6688,facebook.com/BoeunM,,,,
MKT000148,결초보은시장(구 보은종합시장),상설장,충청북도 보은군 보은읍 삼산로3길 12-1,충청북도 보은군 보은읍 삼산리 31-15,1일+6일,36.48291338,127.7193275,115.0,농산물+축산물+수산물+가공식품+의류+신발+가정용품+음식점+근린생활서비스,1964.0,043-543-1211,,,,,
MKT000149,마로관기시장(관기재래시장),4일장,충청북도 보은군 마로면 관기3길 6-7,충청북도 보은군 마로면 관기리 377-1,4일+9일,36.43524115,127.8175958,48.0,농산물+축산물+가공식품+의류+가정용품+음식점,1964.0,,,,,,
MKT000150,매포전통시장(매포재래시장),상설장+4일장,충청북도 단양군 매포읍 평동24길 8,충청북도 단양군 매포읍 평동리 1139,4일+9일,37.03422177,128.2990703,54.0,농산물+축산물+수산물+가공식품+의류+신발+가정용품+음식점,1992.0,043-422-8181,,,,,
MKT000151,당진전통시장,상설장+5일장,충청남도 당진시 당진시장길 100,충청남도 당진시 읍내동 145-13,5일+10일,36.88993159,126.6296051,200.0,농산물+축산물+수산물+가공식품+의류+신발+가정용품+음식점,1974.0,041-357-8484,,,,,
MKT000152,괴산전통시장,상설장+3일장,충청북도 괴산군 괴산읍 읍내로 15길8-8,충청북도 괴산군 괴산읍 동부리 560-1,3일+8일,36.81122141,127.795017,146.0,농산물+축산물+수산물+가공식품+의류+신발+가정용품+음식점+근린생활서비스,1970.0,043-832-0250,,,,,
MKT000153,무주시장(반딧불장터),상설장,전북특별차치도 무주군 무주읍 장터로 2,전북특별차치도 무주군 무주읍 읍내리 1152,1일+6일,36.00464857,127.6535343,50.0,농산물+수산물+가공식품+의류+신발+가정용품+음식점,1953.0,063-324-0901,bandimarket.co.kr,,,,
MKT000154,여수서시장주변시장,상설장+4일장,전라남도 여수시 중앙로 3-2,전라남도 여수시 서교동 534-16,4일+9일,34.74075239,127.7283238,245.0,농산물+축산물+가공식품+의류,1932.0,061-641-0159,,,,,
MKT000155,부천제일시장,상설장,경기도 부천시 오정구 원종로85번길 84,경기도 부천시 오정구 원종동 296,매일,37.52795693,126.8097237,146.0,농산물+축산물+가공식품,1981.0,032-679-5689,,,,,
MKT000156,부평종합시장,상설장,인천광역시 부평구 부흥로316번길 38-3,인천광역시 부평구 부평동 360-1,매일,37.49649796,126.7266075,200.0,농산물+축산물+수산물+가공식품+의류+신발+가정용품+음식점,1974.0,032-516-0655,http://www.bptm.co.kr/,,,,
MKT000157,원미부흥시장,상설장,경기도 부천시 원미구 부천로96번길 80,경기도 부천시 원미구 원미동 119-4,매일,37.49203622,126.7898115,55.0,농산물+축산물+가공식품+신발+음식점,1980.0,,,,,,
MKT000158,영천시장,상설장,서울특별시 서대문구 통일로 189-1,서울특별시 서대문구 영천동 323,매일,37.57033385,126.961853,138.0,농산물+축산물+수산물+가공식품+의류+신발+가정용품+음식점,1960.0,02-363-5350,,,,,
MKT000159,오정시장,상설장,경기도 부천시 오정구 부천로470번길 50,경기도 부천시 오정구 오정동 582-30,매일,37.52597863,126.7857002,77.0,농산물+축산물+수산물,1992.0,,,,,,
MKT000160,고리울동굴시장,상설장,경기도 부천시 오정구 고리울로64번길 36,경기도 부천시 오정구 고강동 398-5,매일,37.52554379,126.8222757,74.0,농산물+가공식품,1990.0,,,,,,
MKT000161,청과물시장,상설장,경기도 부천시 소사구 경인로206번길 43,경기도 부천시 소사구 심곡본동 659,매일,37.48158095,126.7779919,32.0,농산물,1973.0,,,,,,
MKT000162,소사종합시장,상설장,경기도 부천시 소사구 호현로474번길 13-2,경기도 부천시 소사구 소사본동 78-12,매일,37.4796637,126.7939615,50.0,농산물+축산물+수산물+가공식품+의류+가정용품+음식점,1980.0,032-343-8155,,,,,
MKT000163,부천한신시장,상설장,경기도 부천시 소사구 은성로68번길 46,경기도 부천시 소사구 소사본동 200-1,매일,37.47312039,126.7980266,94.0,농산물+축산물+수산물+가공식품+의류+음식점,1986.0,032-314-5972,,,,,
MKT000164,부천자유시장,상설장,경기도 부천시 소사구 자유로 33,경기도 부천시 소사구 심곡본동 543,매일,37.48410744,126.7799517,261.0,농산물+축산물+수산물+가공식품,1947.0,032-656-1892,,,,,
MKT000165,청량리수산시장,상설장,서울특별시 동대문구 고산자로34길 48,서울특별시 동대문구 용두동 20-1,매일,37.57807246,127.0409472,114.0,수산물+가공식품+음식점,1979.0,02-967-4210,https://cheongnyangninongsusanmulmarket.com/,,,,
MKT000166,부천상동시장,상설장,경기도 부천시 원미구 석천로60번길 51,경기도 부천시 원미구 상동 236-5,매일,37.49235745,126.7642776,131.0,농산물+축산물+수산물+가공식품+의류+신발+가정용품+음식점,1986.0,032-611-3691,,,,,
MKT000167,신흥시장,상설장,경기도 부천시 오정구 평천로 719,경기도 부천시 오정구 삼정동 314-13,매일,37.51533645,126.7705849,65.0,농산물+축산물+수산물+가공식품+의류+가정용품+음식점,1984.0,032-672-0319,,,,,
MKT000168,화곡본동시장,상설장,서울특별시 강서구 까치산로 35,서울특별시 강서구 화곡동 98-45,매일,37.54286486,126.8441413,50.0,농산물+축산물+수산물+가공식품+의류+신발+가정용품+음식점,1968.0,02-698-0779,,,,,
MKT000169,문창전통시장,상설장,대전광역시 중구 보문로 20번길 22,대전광역시 중구 문창동 116-8,매일,36.31551575,127.4381793,204.0,농산물+축산물+수산물+가공식품+의류+신발+가정용품+음식점,1967.0,042-272-8903,,,,,
MKT000170,세아프라자상가,상설장,경기도 동두천시 큰시장로 64,경기도 동두천시 생연동 809,매일,37.90072388,127.0505851,385.0,의류+신발+가정용품,2008.0,,,,,,
MKT000171,동두천큰시장,상설장+5일장,경기도 동두천시 큰시장로 52,경기도 동두천시 생연동 698-1,5일+10일,37.90048898,127.0520744,104.0,농산물,1960.0,031-867-0867,,,,,
MKT000172,중앙시장,상설장,경기도 동두천시 중앙로285번길 9,경기도 동두천시 생연동 607-27,매일,37.90690295,127.0537505,173.0,농산물+축산물+가공식품+의류+신발+가정용품+음식점,1967.0,031-861-6938,,,,,
MKT000173,동두천제일시장,상설장,경기도 동두천시 정장로 11-12,경기도 동두천시 생연동 823-1,매일,37.90517383,127.0522256,45.0,음식점,2005.0,,,,,,
MKT000174,남양주장현 전통시장,상설장,경기도 남양주시 진접읍 장현로 77,경기도 남양주시 진접읍 장현리 634-4,2일+7일,37.71761125,127.1808928,164.0,농산물,1995.0,031-572-0026,장현시장.kr,,,,
MKT000175,양곡오라니장터시장,상설장,경기도 김포시 양촌읍 양곡1로56번길 13,경기도 김포시 양촌읍 양곡리 423,매일,37.65616267,126.6237015,70.0,농산물+축산물+가공식품+의류+신발+가정용품+음식점,2016.0,031-984-5906,,,,,
MKT000176,양곡시장,상설장,경기도 김포시 양촌읍 양곡1로 42-2,경기도 김포시 양촌읍 양곡리 415-6,매일,37.65446014,126.6238008,69.0,농산물+축산물+수산물+가공식품+의류+신발+가정용품+음식점,2013.0,031-984-5906,,,,,
MKT000177,통진시장,상설장,경기도 김포시 통진읍 서암로84번길 29,경기도 김포시 통진읍 서암리 721-8,매일,37.69129373,126.5997032,118.0,농산물+축산물+가공식품+의류+신발+가정용품+음식점,2012.0,031-990-0520,,,,,
MKT000178,단촌정기시장,5일장,경상북도 의성군 단촌면 장터길15,경상북도 의성군 단촌면 하화리 1097-9,5일+10일,36.42254768,128.6739013,46.0,농산물+수산물+가공식품+의류+신발+가정용품,1947.0,,,,,,
MKT000179,하남수산물전통시장,상설장,경기도 하남시 하남대로 1043-17,경기도 하남시 풍산동 218-55,매일,37.54878774,127.1847843,211.0,농산물+수산물+음식점,2000.0,031-792-1135,,,,,
MKT000180,구리전통시장,상설장,경기도 구리시 검배로 6번길 31,경기도 구리시 수택동 417,매일,37.59953937,127.1399081,321.0,농산물+가공식품+의류+음식점,1977.0,031-568-8700,,,,,
MKT000181,신장전통시장,상설장,경기도 하남시 신장1로9번길 57-7,경기도 하남시 신장동 427-464,매일,37.53844526,127.2059739,76.0,농산물+축산물+수산물+가공식품+의류+신발+가정용품+음식점,1928.0,,,,,,
MKT000182,광명전통시장,상설장,경기도 광명시 광이로13번길 17-5,경기도 광명시 광명동 158-44,매일,37.47994501,126.8561659,320.0,농산물+축산물+수산물+가공식품+의류+신발+가정용품+음식점+근린생활서비스,1972.0,02-2614-0006,,,,,
MKT000183,광명새마을시장,상설장,경기도 광명시 광명로 831,경기도 광명시 광명동 342-12,매일,37.47365007,126.8513959,179.0,농산물+축산물+수산물+가공식품+신발+가정용품+음식점,1986.0,02-2614-5292,,,,,
MKT000184,제일쇼핑시장,상설장,경기도 과천시 별양상가 2로 14,경기도 과천시 별양동 1-13,매일,37.42733209,126.9929952,81.0,가공식품+의류+신발+가정용품+음식점+근린생활서비스,2005.0,,http://jeilshopping.co.kr/,,,,
MKT000185,과천새서울프라자시장,상설장,경기도 과천시 별양상가 2로 20,경기도 과천시 별양동 1-18,매일,37.42682749,126.9925547,200.0,농산물+축산물+수산물+가공식품+의류+신발+가정용품+음식점,2004.0,02-3679-1400,,,,,
MKT000186,덕이동패션1번지,상설장,경기도 고양시 일산서구 탄중로101번길 13,경기도 고양시 일산서구 덕이동 384-1,매일,37.69302668,126.7557864,41.0,의류+신발,2001.0,031-917-6669,,,,,
MKT000187,일산시장,상설장,경기도 고양시 일산서구 일청로 12번길 9,경기도 고양시 일산서구 일산동 617-20,매일,37.68562383,126.7708323,88.0,농산물+축산물+수산물+가공식품+의류+가정용품+음식점,1908.0,031-975-2232,,,,,
MKT000188,능곡시장,상설장,경기도 고양시 덕양구 능곡로 12,경기도 고양시 덕양구 토당동 347,2일+7일,37.62134419,126.8207793,43.0,농산물+축산물+수산물+가공식품+의류+신발+가정용품+음식점,2000.0,031-973-3727,,,,,
MKT000189,원당시장,상설장,경기도 고양시 덕양구 호국로 790번길 17,경기도 고양시 덕양구 성사동 697-14,매일,37.65628119,126.8372523,68.0,농산물+축산물+수산물+가공식품+의류+신발+가정용품,,031-963-0013,,,,,
MKT000190,청평여울시장,상설장,경기도 가평군 청평면 시장중앙로19,경기도 가평군 청평면 청평리 81-2,2일+7일,37.73472058,127.4158569,77.0,음식점,2018.0,031-584-0948,,,,,
MKT000191,봉천제일종합시장,상설장,서울특별시 관악구 청룡2길 29,서울특별시 관악구 봉천동 921-1,매일,37.48125387,126.944419,31.0,농산물+축산물+수산물+가공식품+의류+신발+가정용품+음식점,1976.0,,,,,,
MKT000192,설악눈메골시장,상설장,경기도 가평군 설악면 신천중앙로 104-1,경기도 가평군 설악면 신천리 413-15,1일+6일,37.67738641,127.492189,94.0,농산물+음식점,2016.0,031-585-9983,,,,,
MKT000193,횡성시장,상설장,,강원특별자치도 횡성군 횡성읍 읍상리 277-3,1일+6일,37.48980622,127.9868107,135.0,농산물+축산물+수산물+가공식품+의류+신발+가정용품+음식점,1980.0,033-342-2389,,,,,
MKT000194,화천시장,상설장+3일장,강원특별자치도 화천군 화천읍 중앙로 24,강원특별자치도 화천군 화천읍 하리 50-7,3일+8일,38.10390585,127.7064275,99.0,농산물+가공식품+음식점,1954.0,033-442-4013,,,,,
MKT000195,홍천시장,상설장,강원특별자치도 홍천군 홍천읍 번영로 53,강원특별자치도 홍천군 홍천읍 신장대리 8-128,매일,37.6905533,127.8862031,98.0,농산물+수산물+음식점,2002.0,,,,,,
MKT000196,홍천중앙시장,상설장,강원특별자치도 홍천군 홍천읍 홍천로 8길 17,강원특별자치도 홍천군 홍천읍 신장대리 5-3,매일,37.69108507,127.8861626,106.0,농산물+축산물+수산물+가공식품+음식점,1981.0,,http://hc5959.com,,,,
MKT000197,평창올림픽시장(평창전통시장),상설장+5일장,강원특별자치도 평창군 평창읍 평창중앙로 27-26,강원특별자치도 평창군 평창읍 하리 139-1,5일+10일,37.3672356,128.3947764,54.0,가공식품,1955.0,033-332-8804,,,,,
MKT000198,진부전통시장,상설장+3일장,강원특별자치도 평창군 진부면 진부새싹길 28-7,강원특별자치도 평창군 진부면 하진부리 206-95,3일+8일,37.63821324,128.5579223,109.0,농산물+축산물+수산물+가공식품+의류+신발+가정용품+음식점,1958.0,033-335-7330,,,,,
MKT000199,양동건어물시장,상설장,광주광역시 서구 천변좌로 254번길 6,광주광역시 서구 양동 5-160,매일,35.15316871,126.9033339,64.0,가공식품+근린생활서비스,2006.0,062-364-5040,,,,,
MKT000200,평창대화시장,상설장+4일장,강원특별자치도 평창군 대화면 대화4길 20,강원특별자치도 평창군 대화면 대화리 1001-170,4일+9일,37.50118639,128.4546766,49.0,농산물+수산물+가공식품+의류+신발+가정용품+음식점,1958.0,033-333-6636,,,,,
MKT000201,황지자유시장,상설장,강원특별자치도 태백시 시장안1길 18-1,강원특별자치도 태백시 황지동 38-129,매일,37.17307273,128.9929989,154.0,농산물+축산물+수산물+가공식품+의류+신발+가정용품+음식점,1971.0,033-552-2634,,,,,
MKT000202,장성중앙시장,상설장,강원특별자치도 태백시 장성1길 190 (장성시장),강원특별자치도 태백시 장성동 159-2,매일,37.10068146,129.0097148,55.0,농산물+축산물+수산물+가공식품+의류+신발+가정용품+음식점,1977.0,033-581-6521,,,,,
MKT000203,춘천후평시장,상설장,강원특별자치도 춘천시 효평길 104,강원특별자치도 춘천시 후평동 691-22,매일,37.88078864,127.7467911,67.0,농산물+축산물+음식점,2009.0,033-256-7595,,,,,
MKT000204,연원시장,상설장+4일장,충청북도 충주시 금곡로 31,충청북도 충주시 연수동 547-6,4일+9일,36.98929115,127.9348022,68.0,농산물+축산물+수산물+가공식품+가정용품+음식점,1997.0,043-843-2767,,,,,
MKT000205,연수상가,상설장,충청북도 충주시 번영대로 125,충청북도 충주시 연수동 924,매일,36.98746934,127.9315787,200.0,축산물+가공식품+의류+신발+음식점,1997.0,043-843-1113,,,,,
MKT000206,엄정내창시장,상설장+3일장,충청북도 충주시 엄정면 미내장터길 15,충청북도 충주시 엄정면 미내리 161-11,3일+8일,37.08614422,127.9163422,102.0,농산물+축산물+수산물+가공식품+의류+신발+가정용품+음식점,1980.0,043-857-3626,,,,,
MKT000207,"성서중심시장(성서시장,문화의거리 통합)",상설장,충청북도 충주시 성서8길 21,충청북도 충주시 성서동 178,매일,36.97133411,127.9323927,277.0,농산물+의류+신발+가정용품+음식점,1990.0,043-851-9261,,,,,
MKT000208,관아골상가,상설장,충청북도 충주시 관아4길 8,충청북도 충주시 성내동 429,매일,36.97012329,127.9351179,103.0,농산물+축산물+가공식품+의류+신발+음식점+근린생활서비스,2000.0,,,,,,
MKT000209,무학시장,상설장,충청북도 충주시 무학1길 19,충청북도 충주시 봉방동 8-6,매일,36.97459102,127.9272665,175.0,농산물+축산물+수산물+가공식품+의류+신발+가정용품+음식점,1970.0,043-848-2292,,,,,
MKT000210,목행시장,상설장+3일장,충청북도 충주시 행정9길 35,충청북도 충주시 목행동 600-15,3일+8일,37.01395405,127.9173286,85.0,농산물+축산물+가공식품+의류+신발+음식점,1982.0,043-851-9048,,,,,
MKT000211,충주농산물종합시장(중앙청과시장),상설장,충청북도 충주시 목행산단7로 24,충청북도 충주시 목행동 526-29,매일,37.00399789,127.9230847,137.0,농산물+음식점,1995.0,043-853-3187,,,,,
MKT000212,하복대시장,상설장,충청북도 청주시 흥덕구 증안로34번길 20-1,충청북도 청주시 흥덕구 복대동 2541,매일,36.63564465,127.4274621,54.0,농산물+축산물+수산물+가공식품+의류+신발+가정용품+음식점,2002.0,,,,,,
MKT000213,직지시장,상설장,충청북도 청주시 흥덕구 직지대로 639번길 88,충청북도 청주시 흥덕구 봉명동 472-6,매일,36.64658274,127.466327,63.0,농산물+축산물+수산물+가공식품+의류+신발+가정용품+음식점,1978.0,070-8100-4047,,,,,
MKT000214,복대가경시장,상설장,충청북도 청주시 흥덕구 복대로 146번길 42,충청북도 청주시 흥덕구 복대동 1116,매일,36.6295133,127.4432597,100.0,농산물+축산물+수산물+가공식품+의류+신발+가정용품+음식점,1990.0,043-235-5996,,,,,
MKT000215,가경터미널시장,상설장,충청북도 청주시 흥덕구 풍년로160번길 41-4,충청북도 청주시 흥덕구 가경동 1296,매일,36.62770577,127.434909,81.0,축산물+수산물,1994.0,043-232-1117,https://blog.naver.com/kktm2021,,,,
MKT000216,오창전통시장,상설장+3일장,충청북도 청주시 청원구 오창읍 팔결로 715,충청북도 청주시 청원구 오창읍 장대리 309-4,3일+8일,36.74173743,127.455627,89.0,농산물+축산물+수산물+가공식품+의류+신발+가정용품,1964.0,,,,,,
MKT000217,내수전통시장,상설장+5일장,충청북도 청주시 청원구 내수읍 내수로 726,충청북도 청주시 청원구 내수읍 마산리 169-6,5일+10일,36.72629088,127.536012,52.0,농산물+축산물+수산물+가공식품+의류+신발+가정용품+음식점,1964.0,,,,,,
MKT000218,청주두꺼비시장(구수곡시장),상설장,충청북도 청주시 서원구 수곡로 58번길 7-2,충청북도 청주시 서원구 수곡동 862,매일,36.61744097,127.4729928,65.0,농산물+축산물+수산물+가공식품+의류+신발+가정용품+음식점,1997.0,,,,,,
MKT000219,진천중앙시장,상설장+5일장,충청북도 진천군 진천읍 중앙동6길 23,충청북도 진천군 진천읍 읍내리 305-12,5일+10일,36.85685858,127.4423712,53.0,농산물+축산물+수산물+가공식품+신발+가정용품+음식점+근린생활서비스,1950.0,043-533-8966,,,,,
MKT000220,원마루시장,상설장,충청북도 청주시 서원구 원마루로8번길 21,충청북도 청주시 서원구 분평동 1335,매일,36.60903727,127.496414,103.0,농산물+축산물+가공식품+의류+신발+가정용품+음식점,1998.0,070-7198-4129,,,,,
MKT000221,운수대통 생거진천전통시장,상설장+5일장,충청북도 진천군 진천읍 원덕로390,충청북도 진천군 진천읍 성석리 969,5일+10일,36.85993722,127.4501613,74.0,농산물+축산물+수산물+가공식품+의류+신발+가정용품+음식점+근린생활서비스,1976.0,043-534-3338,jincheonmarket.com,,,,
MKT000222,사직시장,상설장,충청북도 청주시 서원구 사직대로 265번길 7,충청북도 청주시 서원구 사직동 267-12,매일,36.63614197,127.4768752,46.0,농산물+가공식품,1981.0,,,,,,
MKT000223,육거리종합시장,상설장,충청북도 청주시 상당구 청남로2197번길 42,충청북도 청주시 상당구 석교동 60-4,2일+7일,36.62794095,127.4881836,385.0,농산물+축산물+수산물+가공식품+의류+신발+가정용품+음식점,1970.0,043-222-6696,,,,,
MKT000224,서문시장,상설장,충청북도 청주시 상당구 남사로 89번길 61,충청북도 청주시 상당구 서문동 166-43,매일,36.63511643,127.4853665,106.0,축산물,1964.0,043-332-6693,,,,,
MKT000225,중앙시장,상설장,충청북도 청주시 상당구 중앙로 18,충청북도 청주시 상당구 북문로2가 92-2,매일,36.63883141,127.4889294,95.0,농산물+축산물,1980.0,043-256-7657,,,,,
MKT000226,청주사창시장,상설장,충청북도 청주시 서원구 사직대로164번길 36,충청북도 청주시 서원구 사창동 286-22,매일,36.63361051,127.4652985,93.0,농산물+축산물,1981.0,043-265-0427,,,,,
MKT000227,증평장뜰시장,상설장,충청북도 증평군 증평읍 장뜰로 58-1,충청북도 증평군 증평읍 중동리 97-1,1일+6일,36.78338958,127.5829564,89.0,농산물+축산물+수산물+가공식품+의류+신발+가정용품+음식점+근린생활서비스,1992.0,043-838-5501,,,,,
MKT000228,제천중앙시장,상설장,충청북도 제천시 풍양로 108,충청북도 제천시 중앙로1가 77,매일,37.13662174,128.211302,706.0,의류+가정용품,2005.0,043-647-2047,,,,,
MKT000229,충주자유시장,상설장+5일장,충청북도 충주시 충인6길 16,충청북도 충주시 충의동 192,5일+10일,36.97393363,127.9306725,405.0,농산물+축산물+수산물+가공식품+의류+신발+가정용품+음식점+근린생활서비스,1970.0,043-848-3414,,,,,
MKT000230,충주옹달샘시장,상설장,충청북도 충주시 지곡10길 35,충청북도 충주시 지현동 1076,매일,36.9646875,127.9325814,62.0,농산물+축산물+수산물+가공식품+가정용품+음식점,1970.0,043-855-9850,,,,,
MKT000231,송현시장,상설장,인천광역시 동구 화도진로44번길 18,인천광역시 동구 송현동 88-19,매일,37.476161,126.634645,102.0,농산물+축산물+가공식품,1960.0,,,,,,
MKT000232,송림공구상가,상설장,인천광역시 동구 봉수대로 98,인천광역시 동구 송림동 296,매일,37.48359521,126.6622078,315.0,근린생활서비스,1994.0,,www.inchontools.co.kr,,,,
MKT000233,인천산업용품유통센터,상설장,인천광역시 동구 방축로 83번길 23,인천광역시 동구 송림동 294,매일,37.48482619,126.6547965,4616.0,근린생활서비스,1997.0,,,,,,
MKT000234,현대시장,상설장,인천광역시 동구 송림로109번길 21,인천광역시 동구 송림동 50-1,매일,37.47748437,126.646125,256.0,농산물+축산물+가공식품,1960.0,032-761-2667,,,,,
MKT000235,동부시장,상설장,인천광역시 동구 샛골로 164-5,인천광역시 동구 송림동 50-95,매일,37.47699523,126.6452568,65.0,수산물+음식점,1971.0,,,,,,
MKT000236,동래시장,상설장,부산광역시 동래구 동래시장길 14,부산광역시 동래구 복천동 229-42,매일,35.20380978,129.0859348,285.0,농산물+축산물+수산물+가공식품+의류+신발+가정용품+음식점,1970.0,051-522-1681,,,,,
MKT000237,만수시장,상설장,인천광역시 남동구 만수로27번길 10-11,인천광역시 남동구 만수동 868-26,매일,37.46005013,126.7317927,76.0,농산물+축산물+수산물+가공식품+의류+신발+근린생활서비스,1985.0,032-225-1266,,,,,
MKT000238,도마큰시장,상설장,대전광역시 서구 도마4길 69 (도마큰시장 고객센터),대전광역시 서구 도마동 132-3,매일,36.31588924,127.3812125,435.0,농산물+축산물+수산물+가공식품+의류+신발+가정용품+음식점+근린생활서비스,1972.0,042-531-8889,,,,,
MKT000239,구월도매전통시장,상설장,인천광역시 남동구 인하로521번길 10-15,인천광역시 남동구 구월동 1176-14,매일,37.44366156,126.7056342,73.0,농산물+축산물+수산물+가공식품+의류+가정용품+음식점+근린생활서비스,1992.0,032-202-8982,,,,,
MKT000240,중앙도매시장,상설장,대전광역시 동구 대전로 783,대전광역시 동구 원동 51-1,매일,36.32955629,127.4331792,77.0,의류+근린생활서비스,1973.0,042-257-7193,,,,,
MKT000241,구월시장,상설장,인천광역시 남동구 호구포로 790번길 21-13,인천광역시 남동구 구월동 1266-5,매일,37.45336497,126.7202774,140.0,농산물+축산물+수산물+가공식품+의류+신발+가정용품+음식점+근린생활서비스,1980.0,032-469-2525,,,,,
MKT000242,남동산업용품상가,상설장,인천광역시 남동구 은청로 4-7,인천광역시 남동구 고잔동 630,매일,37.40695016,126.693402,833.0,근린생활서비스,1998.0,032-816-7131,,,,,
MKT000243,자유도매시장,상설장,대전광역시 동구 중앙로 200번길 40,대전광역시 동구 원동 64-1,매일,36.32923615,127.4320061,82.0,의류+신발+가정용품,1981.0,042-221-0711,,,,,
MKT000244,용운시장,상설장,대전광역시 동구 용운로 164,대전광역시 동구 용운동 305-14,매일,36.32781371,127.460578,52.0,농산물+축산물+수산물+가공식품+의류+신발+가정용품+음식점,1989.0,042-271-8633,,,,,
MKT000245,칠곡시장,상설장,대구광역시 북구 칠곡중앙대로 526,대구광역시 북구 읍내동 1201-1,1일+6일,35.94250975,128.5512474,58.0,음식점,1965.0,053-321-8070,,,,,
MKT000246,달서시장,상설장,대구광역시 달서구 당산로 27 35,대구광역시 달서구 본리동 145-2 -5번지,매일,35.83985102,128.5442655,215.0,농산물+축산물+수산물+가공식품+의류+신발+가정용품+음식점,2006.0,053-527-5716,,,,,
MKT000247,강화터미널상가,상설장,인천광역시 강화군 강화읍 중앙로 43,인천광역시 강화군 강화읍 남산리 222,매일,37.73977639,126.4904031,135.0,가공식품+의류,1994.0,032-932-2393,,,,,
MKT000248,강화풍물시장,상설장,인천광역시 강화군 강화읍 중앙로 17-9,인천광역시 강화군 강화읍 갑곳리 849,2일+7일,37.74141775,126.4928651,178.0,농산물+수산물+음식점,2007.0,032-934-1318,,,,,
MKT000249,강화중앙시장(a동b동),상설장,인천광역시 강화군 강화읍 강화대로 429,인천광역시 강화군 강화읍 신문리 205-5,매일,37.74685651,126.4838644,121.0,농산물+수산물+가정용품,1981.0,032-934-3670,,,,,
MKT000250,학성종합시장,상설장,울산광역시 중구 새치로 28,울산광역시 중구 학성동 467-1,매일,35.55441933,129.3320409,32.0,축산물+가공식품+가정용품+음식점,1983.0,,,,,,
MKT000251,학성새벽시장,상설장,울산광역시 중구 새벽시장3길 23,울산광역시 중구 학성동 359-2,매일,35.55664635,129.3326908,177.0,농산물+축산물+수산물+가공식품+의류+가정용품+음식점,1974.0,052-298-3619,,,,,
MKT000252,역전시장,상설장,울산광역시 중구 구역전길 14,울산광역시 중구 학성동 436-20,매일,35.55619602,129.3284877,36.0,농산물+축산물+수산물+가공식품+의류+신발+가정용품+음식점,1978.0,052-296-8323,,,,,
MKT000253,구역전시장,상설장,울산광역시 중구 구역전길 24-2,울산광역시 중구 학성동 432-438,매일,35.55730561,129.3284205,65.0,농산물+축산물+수산물+가공식품+의류+신발+가정용품+음식점,1978.0,052-282-4235,,,,,
MKT000254,구역전전통시장,상설장,울산광역시 중구 구역전길 8,울산광역시 중구 학산동 61-9,매일,35.55590905,129.3279501,44.0,농산물+축산물+가공식품+의류,2011.0,,,,,,
MKT000255,신중앙시장,상설장,울산광역시 중구 구교로 35,울산광역시 중구 학산동 47-10,매일,35.55546763,129.3284115,379.0,축산물+수산물+의류+가정용품,1997.0,052-297-1472,,,,,
MKT000256,태화종합시장,상설장+5일장,울산광역시 중구 화진길 20-4,울산광역시 중구 태화동 36-13,5일+10일,35.55419984,129.307414,159.0,농산물+축산물+수산물+가공식품+의류+신발+가정용품+음식점,1982.0,052-211-7804,,,,,
MKT000257,우정전통시장,상설장+5일장,울산광역시 중구 당산4길 21,울산광역시 중구 우정동 214-10,5일+10일,35.55396087,129.3107259,101.0,농산물+축산물+수산물+가공식품+의류+신발+가정용품+음식점,2017.0,052-248-0100,,,,,
MKT000258,인천종합어시장,상설장,인천광역시 중구 연안부두로 33번길 37,인천광역시 중구 항동7가 27-69,매일,37.4541313,126.6071645,506.0,농산물+수산물+가공식품+신발+음식점,,032-888-4244,www.asijang.com,,,,
MKT000259,신포시장,상설장,인천광역시 중구 우현로49번길 11-5,인천광역시 중구 신포동 3-2,매일,37.47146344,126.627806,176.0,농산물+수산물+가공식품,1970.0,032-764-0415,,,,,
MKT000260,신흥시장,상설장,인천광역시 중구 도원로 15-1,인천광역시 중구 선화동 29-10,매일,37.46605786,126.6366385,55.0,농산물+축산물+수산물+가공식품+의류+신발+가정용품+음식점,,,,,,,
MKT000261,백련시장,상설장,서울특별시 서대문구 가재울로6길 53-87,서울특별시 서대문구 남가좌동 345-4,매일,37.57700937,126.9231105,65.0,농산물+축산물+수산물+가공식품+신발+가정용품+음식점,1993.0,02-303-5514,,,,,
MKT000262,연수구옥련시장,상설장,인천광역시 연수구 독배로 40번길 35,인천광역시 연수구 옥련동 462-32,매일,37.42461526,126.6468259,81.0,농산물+축산물+수산물+가공식품+의류+신발+가정용품+음식점+근린생활서비스,1996.0,032-831-8640,,,,,
MKT000263,망원시장,상설장,서울특별시 마포구 망원로8길 7,서울특별시 마포구 망원동 486-37,매일,37.55715742,126.9059507,82.0,농산물+축산물+가공식품+가정용품+음식점,2006.0,02-335-3591,,,,,
MKT000264,남성사계시장,상설장,서울특별시 동작구 동작대로29길 8,서울특별시 동작구 사당동 88-3,매일,37.48816723,126.9815693,129.0,농산물+축산물+수산물,1960.0,02-536-3002,,,,,
MKT000265,인천강남시장,상설장,인천광역시 서구 강남로 14,인천광역시 서구 석남동 454-19,매일,37.51122049,126.6719915,96.0,농산물+축산물+수산물+가공식품+의류+신발+가정용품+음식점+근린생활서비스,1984.0,032-575-0123,,,,,
MKT000266,답십리현대시장,상설장,서울특별시 동대문구 전농로 4길 38,서울특별시 동대문구 답십리동 967-5,매일,37.56677553,127.058644,76.0,농산물+축산물+수산물+가공식품+의류+신발+가정용품+음식점,1970.0,070-7788-4435,,,,,
MKT000267,은행나무시장,상설장,서울특별시 금천구 금하로25길 9,서울특별시 금천구 시흥동 828-45,매일,37.4513186,126.9093496,55.0,농산물+축산물+수산물+가공식품+의류+가정용품+음식점,1966.0,02-802-5514,,,,,
MKT000268,조원동펭귄시장,상설장,서울특별시 관악구 조원로16길 27,서울특별시 관악구 신림동 541,매일,37.48314387,126.9114142,64.0,농산물+축산물+수산물+가공식품+의류+신발+가정용품+음식점,1978.0,02-839-3004,,,,,
MKT000269,일신시장(부일종합시장),상설장,인천광역시 부평구 경인로 1118번길 14-7,인천광역시 부평구 일신동 107,매일,37.48471821,126.7432825,75.0,농산물+축산물+수산물+가공식품+의류+신발+가정용품+음식점,2020.0,032-505-5732,,,,,
MKT000270,봉천현대시장,상설장,서울특별시 관악구 양녕로 49,서울특별시 관악구 봉천동 502-4,매일,37.48643059,126.946586,26.0,농산물+축산물+수산물+가공식품+의류+가정용품+음식점,1972.0,02-882-0492,,,,,
MKT000271,둔촌역전통시장,상설장,서울특별시 강동구 풍성로58길 34,서울특별시 강동구 성내동 428-9,매일,37.52748326,127.1351577,84.0,농산물+축산물+수산물+가공식품+의류+신발+가정용품+음식점+근린생활서비스,1980.0,02-2052-5657,,,,,
MKT000272,부평깡시장,상설장,인천광역시 부평구 주부토로32번길 25,인천광역시 부평구 부평동 252-3,매일,37.49788036,126.7265347,145.0,농산물+축산물+수산물,1950.0,032-502-7175,http://www.bpmarket.kr/main/index.php,,,,
MKT000273,해운대시장,상설장,부산광역시 해운대구 구남로41번길 22-1,부산광역시 해운대구 중동 1394-193,매일,35.16140447,129.1623121,106.0,농산물+축산물+수산물+가공식품+의류+신발+가정용품+음식점,1910.0,051-746-3001,,,,,
MKT000274,우동종합상가시장,상설장,부산광역시 해운대구 해운대로383번길 37-10,부산광역시 해운대구 우동 1092-1,매일,35.17067916,129.1388637,45.0,농산물+가공식품+의류+신발+가정용품+음식점,1978.0,,,,,,
MKT000275,학익시장,상설장,인천광역시 미추홀구 한나루로 400,인천광역시 미추홀구 학익동 264-6,매일,37.44350822,126.6649646,80.0,농산물+축산물+수산물+가공식품+의류+신발+가정용품+음식점,1962.0,032-873-4723,,,,,
MKT000276,인천남부종합시장,상설장,인천광역시 미추홀구 인하로 274-30,인천광역시 미추홀구 주안동 1315-19,매일,37.44737486,126.6783959,123.0,농산물+축산물+수산물+가공식품+의류+신발+가정용품+음식점,1987.0,032-864-1331,,,,,
MKT000277,신기시장,상설장,인천광역시 미추홀구 미추홀대로547,인천광역시 미추홀구 주안동 1311-17,매일,37.44621321,126.6786492,125.0,농산물+축산물+수산물+가공식품+의류+신발+가정용품+음식점,1975.0,032-865-5424,,,,,
MKT000278,신평골목시장,상설장,부산광역시 사하구 다대로134번길 27,부산광역시 사하구 신평동 111-282,매일,35.09107824,128.9771235,106.0,농산물+축산물+수산물+가공식품+의류+신발+가정용품+음식점+근린생활서비스,1975.0,051-208-3848,,,,,
MKT000279,토지금고시장,상설장,인천광역시 미추홀구 낙섬중로38번길 5,인천광역시 미추홀구 용현동 617-55,매일,37.45154621,126.6378049,120.0,농산물+축산물+수산물+가공식품+의류+음식점,2001.0,032-887-8987,,,,,
MKT000280,개금골목시장,상설장,부산광역시 부산진구 가야공원로 14번길 85,부산광역시 부산진구 개금동 173-2,매일,35.15183238,129.0247972,111.0,농산물+축산물+수산물+가공식품+의류+신발+가정용품+음식점,1975.0,051-892-2606,,,,,
MKT000281,인천용남시장,상설장,인천광역시 미추홀구 인주대로 266번길17-1,인천광역시 미추홀구 용현동 4-2,매일,37.45189911,126.6658426,66.0,농산물+축산물+수산물+가공식품+의류+신발+가정용품+음식점,1975.0,032-208-6011,,,,,
MKT000282,중앙시장,상설장,인천광역시 동구 중앙로 68,인천광역시 동구 송현동 100-12,매일,37.47535505,126.6333376,57.0,의류,1972.0,,,,,,
MKT000283,송현자유시장,상설장,인천광역시 동구 중앙로 82,인천광역시 동구 송현동 100-179,매일,37.4757769,126.6328155,91.0,의류,1962.0,,,,,,
MKT000284,중앙식료시장,상설장,전라남도 목포시 삼일로13번길 18-2,전라남도 목포시 남교동 88-29,매일,34.79403892,126.3817975,80.0,농산물+축산물+수산물+가공식품+의류+신발+가정용품+음식점,1968.0,061-242-9920,,,,,
MKT000285,목포종합수산시장,상설장,전라남도 목포시 해안로 265-4,전라남도 목포시 광동1가 4-13,매일,34.7877699,126.3898749,140.0,수산물+가공식품+음식점,1989.0,061-245-5096,,,,,
MKT000286,창평전통시장,상설장+5일장,전라남도 담양군 창평면 사동길 14-25,전라남도 담양군 창평면 창평리 209-1,5일+10일,35.23810491,127.0149083,57.0,농산물+축산물+수산물+가공식품+가정용품+음식점,1919.0,,,,,,
MKT000287,영산포풍물시장,5일장,전라남도 나주시 풍물시장2길 12-14,전라남도 나주시 이창동 764,5일+10일,34.99199963,126.7072636,204.0,농산물+축산물+수산물+가공식품+신발+음식점,2003.0,,,,,,
MKT000288,나주목사고을시장,상설장+4일장,전라남도 나주시 청동길 14,전라남도 나주시 삼도동 1388-2,4일+9일,35.03624663,126.7237639,125.0,농산물+축산물+수산물+가공식품+의류+신발+가정용품+음식점,2012.0,061-334-8249,,,,,
MKT000289,다시5일시장,3일장,전라남도 나주시 다시면 다시로 168-72,전라남도 나주시 다시면 동곡리 39-46,3일+8일,35.01574218,126.635656,40.0,농산물+수산물+가공식품,1920.0,,,,,,
MKT000290,풍납시장,상설장,서울특별시 송파구 바람드리길 15-1,서울특별시 송파구 풍납동 88-61,매일,37.53803468,127.1176729,143.0,농산물+축산물+수산물+가공식품+의류+신발+가정용품+음식점+근린생활서비스,1960.0,02-472-2050,,,,,
MKT000291,공산5일시장,상설장,전라남도 나주시 공산면 덕음로 3-1,전라남도 나주시 공산면 금곡리 855-1,1일+6일,34.94263855,126.6091667,15.0,농산물+수산물+가정용품,1964.0,,,,,,
MKT000292,지리산나들이장터,상설장,전라남도 구례군 산동면 지리산온천로 126,전라남도 구례군 산동면 원촌리 38,매일,35.31147841,127.444496,22.0,농산물+가공식품+음식점+근린생활서비스,2014.0,,,,,,
MKT000293,구례상설시장,상설장,전라남도 구례군 구례읍 구례1길 45-6,전라남도 구례군 구례읍 봉동리 378-1,매일,35.20961971,127.465751,42.0,농산물+축산물+수산물+가공식품,1976.0,,,,,,
MKT000294,구례5일시장,3일장,전라남도 구례군 구례읍 5일시장작은길 20,전라남도 구례군 구례읍 봉동리 190-1,3일+8일,35.21015279,127.4700811,168.0,농산물+축산물+수산물+가공식품+의류+신발+가정용품+음식점+근린생활서비스,1959.0,061-782-8484,,,,,
MKT000295,중마시장,상설장,전라남도 광양시 중마중앙로 88,전라남도 광양시 중동 1732-3,매일,34.93820196,127.6988477,79.0,농산물+축산물+수산물+가공식품+음식점,1994.0,061-795-3484,,,,,
MKT000296,옥곡5일시장,4일장,전라남도 광양시 옥곡면 큰골1길 2-26,전라남도 광양시 옥곡면 신금리 1337-1,4일+9일,34.98850818,127.7002388,57.0,농산물+축산물+수산물+가공식품+의류+신발+가정용품+음식점,1962.0,061-772-2022,,,,,
MKT000297,광영상설시장,상설장,전라남도 광양시 광영시장길 19,전라남도 광양시 광영동 682,매일,34.96144871,127.7203625,42.0,농산물+축산물+수산물+가공식품+음식점,1987.0,,,,,,
MKT000298,포방터시장,상설장,서울특별시 서대문구 포방터길 43,서울특별시 서대문구 홍은동 9-123,매일,37.5986742,126.9488953,89.0,농산물+축산물+수산물+가공식품+의류+신발+가정용품+음식점,1960.0,,,,,,
MKT000299,옥과5일시장,4일장,전라남도 곡성군 옥과면 리문8길 14,전라남도 곡성군 옥과면 리문리 254-5,4일+9일,35.2759017,127.1379523,44.0,농산물+축산물+수산물+의류+신발+가정용품+음식점,1964.0,061-363-1342,,,,,
MKT000300,석곡전통시장,5일장,전라남도 곡성군 석곡면 석곡로 70,전라남도 곡성군 석곡면 석곡리 80-2,5일+10일,35.1329487,127.2540916,46.0,농산물+축산물+수산물+가정용품,1956.0,061-360-7453,,,,,
MKT000301,곡성기차마을전통시장,3일장,전라남도 곡성군 곡성읍 곡성로 856,전라남도 곡성군 곡성읍 읍내리 208,3일+8일,35.27976851,127.2984376,123.0,농산물+축산물+수산물+가공식품+의류+신발+가정용품+음식점+근린생활서비스,1956.0,061-363-8002,,,,,
MKT000302,동강전통시장,상설장,전라남도 고흥군 원유둔4길 13-1,전라남도 고흥군 동강면 유둔리 7-42,1일+6일,34.78037382,127.3349881,27.0,농산물+축산물+수산물+가공식품+의류+신발+가정용품+음식점,1948.0,,,,,,
MKT000303,도화전통시장,5일장,전라남도 고흥군 도화면 동신길 16-6,전라남도 고흥군 도화면 당오리 568-1,5일+10일,34.50979056,127.3218794,20.0,농산물+수산물,1958.0,,,,,,
MKT000304,녹동전통시장,상설장+3일장,전라남도 고흥군 도양읍 녹동남촌1길 24,전라남도 고흥군 도양읍 봉암리 2699-70,3일+8일,34.52787689,127.13833,65.0,농산물+축산물+수산물,1947.0,,,,,,
MKT000305,과역전통시장,5일장,전라남도 고흥군 과역면 시장안길 15,전라남도 고흥군 과역면 과역리 162,5일+10일,34.67945419,127.3622537,31.0,농산물+축산물+수산물+가공식품+의류+신발+가정용품+음식점,1946.0,,,,,,
MKT000306,고흥전통시장,상설장+4일장,전라남도 고흥군 고흥읍 시장길 1,전라남도 고흥군 고흥읍 남계리 627-1,4일+9일,34.60835226,127.2866005,170.0,농산물+축산물+수산물+가공식품+의류+신발+가정용품+음식점,1915.0,061-833-3203,,,,,
MKT000307,병영시장,상설장+3일장,전라남도 강진군 병영면 남삼인길 6,전라남도 강진군 병영면 삼인리 318,3일+8일,34.71380066,126.8155558,14.0,농산물+수산물+가공식품+의류+신발+가정용품+음식점,1932.0,,,,,,
MKT000308,마량시장,상설장+3일장,전라남도 강진군 마량면 마량5길 11,전라남도 강진군 마량면 마량리 987-11,3일+8일,34.45095924,126.8165817,40.0,농산물+축산물+수산물+가공식품+의류+신발+가정용품+음식점+근린생활서비스,1979.0,,,,,,
MKT000309,강진읍시장,상설장+4일장,전라남도 강진군 강진읍 동성로 17,전라남도 강진군 강진읍 동성리 187-5,4일+9일,34.64016086,126.7743152,93.0,농산물+축산물+수산물+가공식품+의류+신발+가정용품+음식점,1935.0,,,,,,
MKT000310,여수수산물특화시장,상설장,전라남도 여수시 남산로 60-31,전라남도 여수시 남산동 4,매일,34.73683093,127.7328973,131.0,수산물+음식점,2004.0,061-643-9944,,,,,
MKT000311,해안로건어물상가시장,상설장,전라남도 여수시 교동남2길 14,전라남도 여수시 교동 481,매일,34.73953431,127.7345263,35.0,수산물+가공식품,1980.0,,,,,,
MKT000312,중앙시장,상설장,전라남도 여수시 중앙로 43,전라남도 여수시 교동 400-1,매일,34.74059178,127.7325592,114.0,가공식품+의류+신발+가정용품+음식점+근린생활서비스,1975.0,061-662-4313,,,,,
MKT000313,(주)여수수산시장,상설장,전라남도 여수시 여객선터미널길 24,전라남도 여수시 교동 680,매일,34.73813576,127.7317623,106.0,수산물+가공식품+음식점,1969.0,061-662-7268,,,,,
MKT000314,대조시장,상설장,서울특별시 은평구 불광로 13,서울특별시 은평구 대조동 12-3,매일,37.60985344,126.9277428,59.0,농산물+축산물+수산물+가공식품,1976.0,02-382-5599,,,,,
MKT000315,지도 전통시장,상설장+3일장,전라남도 신안군 지도읍 읍내길 16-20,전라남도 신안군 지도읍 읍내리 168-6,3일+8일,35.0588198,126.2069832,64.0,농산물+축산물+수산물+가공식품+의류+신발+가정용품+음식점,1955.0,,,,,,
MKT000316,괴목시장,4일장,전라남도 순천시 황전면 괴목길 17,전라남도 순천시 황전면 괴목리 45-21,4일+9일,35.10243423,127.4282445,48.0,농산물+축산물+수산물+가공식품+의류+신발+가정용품+음식점,1964.0,,,,,,
MKT000317,순천시아랫장(순천아랫장),상설장,전라남도 순천시 장평로 60,전라남도 순천시 풍덕동 1264,2일+7일,34.94514825,127.496084,206.0,농산물+축산물+수산물+가공식품+의류+신발+가정용품+음식점,1977.0,061-741-3334,,,,,
MKT000318,주암시장,상설장+3일장,전라남도 순천시 주암면 주암호길 5-1,전라남도 순천시 주암면 광천리 53,3일+8일,35.07598752,127.2352637,22.0,농산물+축산물+수산물+가공식품+의류+신발+가정용품,1964.0,,,,,,
MKT000319,승주시장,상설장,전라남도 순천시 승주읍 승주장길 14,전라남도 순천시 승주읍 서평리 422-9,1일+6일,35.01315903,127.387664,18.0,농산물+수산물+가공식품+의류+신발+가정용품+음식점,1964.0,,,,,,
MKT000320,웃장,상설장+5일장,전라남도 순천시 북문길 40,전라남도 순천시 동외동 168-1,5일+10일,34.95864147,127.4850305,68.0,농산물+축산물+수산물+가공식품+의류+가정용품+음식점,1975.0,061-749-3493,,,,,
MKT000321,역전시장,상설장,전라남도 순천시 역전장길 9,전라남도 순천시 덕암동 227-1,매일,34.94374833,127.5033333,170.0,농산물+축산물+수산물+가공식품+의류+신발+가정용품+음식점,1979.0,,,,,,
MKT000322,중앙시장,상설장,전라남도 순천시 중앙시장길 18,전라남도 순천시 남내동 119-1,매일,34.95326194,127.4846047,50.0,농산물+축산물+수산물+가공식품+의류+신발+가정용품+음식점,1981.0,,,,,,
MKT000323,조성5일시장,5일장,전라남도 보성군 조성면 조성로 90-6,전라남도 보성군 조성면 조성리 513-1,5일+10일,34.80647615,127.2452824,22.0,농산물,1964.0,,,,,,
MKT000324,복내5일시장,4일장,전라남도 보성군 복내면 송재로 1838-12,전라남도 보성군 복내면 복내리 152-14,4일+9일,34.89370035,127.1331421,25.0,농산물+수산물+가공식품+의류+신발+가정용품+음식점,1989.0,,,,,,
MKT000325,보성매일시장,상설장,전라남도 보성군 보성읍 신흥길 9,전라남도 보성군 보성읍 보성리 895-3,매일,34.76817918,127.0806162,31.0,농산물+축산물+수산물+가공식품+가정용품+음식점,1964.0,,,,,,
MKT000326,녹차골보성향토시장(보성읍5일시장),상설장,전라남도 보성군 보성읍 현충로 42-1,전라남도 보성군 보성읍 원봉리 2-22,2일+7일,34.76564839,127.0772384,99.0,농산물+축산물+수산물+가공식품+의류+신발+가정용품+음식점,1955.0,,,,,,
MKT000327,벌교매일시장,상설장,전라남도 보성군 벌교읍 시장2길 10-41,전라남도 보성군 벌교읍 벌교리 887-22,매일,34.84300877,127.3459893,83.0,농산물+축산물+수산물+가공식품+의류+신발+가정용품+음식점,2013.0,,,,,,
MKT000328,벌교전통시장,4일장,전라남도 보성군 벌교읍 시장1길 10,전라남도 보성군 벌교읍 회정리 663-23,4일+9일,34.84493134,127.3450789,49.0,농산물+축산물+수산물+가공식품+의류+신발+가정용품+음식점,1964.0,,,,,,
MKT000329,일로전통시장,상설장,전라남도 무안군 일로읍 시장길 11-22,전라남도 무안군 일로읍 월암리 112,1일+6일,34.84753364,126.4943339,56.0,농산물+축산물+수산물+가공식품+의류+신발+가정용품+음식점,2005.0,,,,,,
MKT000330,용산용문시장,상설장,서울특별시 용산구 효창원로40길 13,서울특별시 용산구 용문동 41-44,매일,37.53661783,126.9597883,156.0,농산물+축산물+수산물+가공식품+의류+신발+가정용품+음식점,1948.0,02-2275-0881,,,,,
MKT000331,동부시장,상설장,전라남도 목포시 영산로257번길 14,전라남도 목포시 용당동 1046-8,매일,34.80467356,126.3936914,268.0,농산물+축산물+수산물+가공식품+의류+신발+가정용품+음식점,1972.0,061-276-5787,,,,,
MKT000332,항동시장,상설장,전라남도 목포시 수강로12번길 2,전라남도 목포시 수강동1가 1,매일,34.78600878,126.3856159,115.0,농산물+축산물+수산물+가공식품+의류+신발+가정용품+음식점,2005.0,061-247-8272,,,,,
MKT000333,청호시장,상설장,전라남도 목포시 석현로 28,전라남도 목포시 석현동 1171,매일,34.81537749,126.4245916,202.0,농산물+축산물+수산물+가공식품+음식점,1999.0,061-284-4489,,,,,
MKT000334,신중앙시장,상설장,전라남도 목포시 원산중앙로 51,전라남도 목포시 산정동 1732,매일,34.81025124,126.3775235,101.0,농산물+축산물+수산물+가공식품+의류+신발+가정용품+음식점,1998.0,061-273-1732,,,,,
MKT000335,자유시장,상설장,전라남도 목포시 자유로 122,전라남도 목포시 산정동 1383,매일,34.79292001,126.4030678,168.0,농산물+축산물+수산물+가공식품+의류+신발+가정용품+음식점,1999.0,061-245-1615,,,,,
MKT000336,정남진장흥토요시장,상설장,전라남도 장흥군 장흥읍 토요시장1길 53,전라남도 장흥군 장흥읍 예양리 158-2,2일+7일,34.67727214,126.903159,140.0,농산물+축산물+수산물+가공식품+의류+신발+가정용품+음식점,1961.0,,https://www.jangheung.go.kr/jnjmarket,,,,
MKT000337,장평시장,상설장,전라남도 장흥군 장평면 장택길 13,전라남도 장흥군 장평면 양촌리 224,1일+6일,34.77539717,126.9778669,12.0,농산물+수산물+가공식품+의류+신발+가정용품+음식점,1982.0,,,,,,
MKT000338,용산시장,상설장,전라남도 장흥군 용산면 용인길 4,전라남도 장흥군 용산면 인암리 800-1,1일+6일,34.61490641,126.9153133,7.0,농산물+가공식품+의류+음식점,1992.0,,,,,,
MKT000339,대덕읍전통시장(대덕시장),상설장+5일장,전라남도 장흥군 대덕읍 거정2길 10,전라남도 장흥군 대덕읍 신월리 111,5일+10일,34.49944415,126.8871414,27.0,농산물+축산물+수산물+가공식품+의류+신발+가정용품+음식점,1985.0,,,,,,
MKT000340,천관산관광시장,상설장+3일장,전라남도 장흥군 관산읍 칠관로 1559-4,전라남도 장흥군 관산읍 옥당리 489-1,3일+8일,34.56277107,126.9370717,39.0,농산물+축산물+수산물+가공식품+신발+가정용품+음식점,1961.0,,,,,,
MKT000341,황룡시장,4일장,전라남도 장성군 황룡면 삼월길 5,전라남도 장성군 황룡면 월평리 151-1,4일+9일,35.2916867,126.7738864,119.0,농산물+축산물+수산물+가공식품+의류+신발+가정용품+음식점,1964.0,,,,,,
MKT000342,사창시장,상설장,전라남도 장성군 삼계면 사창로 81-2,전라남도 장성군 삼계면 사창리 482-44,2일+7일,35.26039872,126.6630702,36.0,농산물+축산물+수산물+가공식품+의류+신발+음식점,1998.0,,,,,,
MKT000343,사거리시장,상설장,전라남도 장성군 북이면 사남북길 22,전라남도 장성군 북이면 사거리 699,1일+6일,35.42767379,126.8072694,30.0,농산물+축산물+수산물+의류+신발+가정용품+음식점,1964.0,,,,,,
MKT000344,완도중앙시장,상설장,전라남도 완도군 완도읍 장보고대로 282-1,전라남도 완도군 완도읍 군내리 1371,매일,34.31446812,126.7552341,7.0,농산물+수산물+음식점,1975.0,,,,,,
MKT000345,완도남양시장(구 완도종합시장),5일장,전라남도 완도군 완도읍 개포로56번길 16-4,전라남도 완도군 완도읍 군내리 1249,5일+10일,34.31651727,126.7477207,27.0,농산물+수산물+의류+신발+음식점,1990.0,,,,,,
MKT000346,완도전통시장(구 완도5일시장),상설장,전라남도 완도군 완도읍 개포로 34-1,전라남도 완도군 완도읍 군내리 1249-2,매일,34.31610369,126.7482543,24.0,농산물+수산물+음식점,1981.0,061-553-7300,,,,,
MKT000347,간석자유시장,상설장,인천광역시 남동구 백범로 312-1,인천광역시 남동구 간석동 41-1,매일,37.46388599,126.7153438,138.0,농산물+축산물+수산물+가공식품+의류+신발+가정용품+음식점+근린생활서비스,1970.0,032-434-7778,,,,,
MKT000348,남창옹기종기시장,상설장+3일장,울산광역시 울주군 온양읍 남창장터길 24,울산광역시 울주군 온양읍 남창리 146,3일+8일,35.41669194,129.2827796,22.0,농산물+수산물+가공식품+의류+신발+음식점,1916.0,052-238-3260,,,,,
MKT000349,신북5일시장,3일장,전라남도 영암군 신북면 황금동로 78,전라남도 영암군 신북면 월평리 126-3,3일+8일,34.88859606,126.6922282,28.0,농산물+축산물+수산물+가공식품+의류+신발+가정용품,1964.0,,,,,,
MKT000350,시종5일시장,상설장,전라남도 영암군 시종면 내동중앙로 26,전라남도 영암군 시종면 만수리 937-9,2일+7일,34.8674024,126.6080951,46.0,농산물+축산물+수산물+가공식품+의류+가정용품,1969.0,,,,,,
MKT000351,영광터미널시장,상설장,전라남도 영광군 영광읍 신남로3길 5-3,전라남도 영광군 영광읍 남천리 321-1,매일,35.27553643,126.5030198,91.0,농산물+축산물+수산물+가공식품+의류+가정용품,1993.0,061-351-9811,,,,,
MKT000352,영광고추특화시장,상설장,전라남도 영광군 영광읍 신남로 100-25,전라남도 영광군 영광읍 신하리 324-3,1일+6일,35.27472202,126.4935505,42.0,농산물,1995.0,,,,,,
MKT000353,수암상가시장,상설장,울산광역시 남구 수암로 128번길 12,울산광역시 남구 야음동 697-9,매일,35.52697941,129.3207648,83.0,농산물+축산물+수산물+가공식품+의류+신발+가정용품+음식점,2005.0,052-275-4041,,,,,
MKT000354,도깨비시장,상설장,전라남도 여수시 학동서5길 18,전라남도 여수시 학동 58-7,매일,34.76331689,127.6565415,121.0,농산물+축산물+수산물+가공식품+의류+신발+가정용품+음식점+근린생활서비스,1988.0,,,,,,
MKT000355,진남시장,상설장,전라남도 여수시 학동1길 10,전라남도 여수시 학동 35-1,매일,34.76425827,127.6641294,116.0,농산물+축산물+수산물+가공식품+의류+신발+가정용품+음식점+근린생활서비스,1984.0,,,,,,
MKT000356,제일시장,상설장,전라남도 여수시 학동2길 7-4,전라남도 여수시 학동 35-2,매일,34.76419231,127.6646531,61.0,농산물+수산물+가공식품+가정용품+음식점,1986.0,,,,,,
MKT000357,쌍봉시장,상설장,전라남도 여수시 학동2길 7,전라남도 여수시 학동 35-3,매일,34.76414545,127.6649804,25.0,농산물+축산물+수산물+가공식품+의류+가정용품+음식점+근린생활서비스,1989.0,,,,,,
MKT000358,중앙선어시장,상설장,전라남도 여수시 중앙로 88-1,전라남도 여수시 중앙동 362-1,매일,34.73942888,127.7370587,78.0,수산물,1945.0,061-662-7268,,,,,
MKT000359,덕양시장,상설장,전라남도 여수시 소라면 하세동길 7,전라남도 여수시 소라면 덕양리 1271,매일,34.79802722,127.6314434,15.0,음식점,1932.0,,,,,,
MKT000360,전의왕의물시장,상설장,세종특별자치시 전의면 장터길33,세종특별자치시 전의면 읍내리 236-2,2일+7일,36.6777398,127.2058824,78.0,의류+음식점,1946.0,044-864-2259,,,,,
MKT000361,(주)서시장,상설장,전라남도 여수시 좌수영로 16-6,전라남도 여수시 서교동 280,매일,34.74178725,127.7286168,230.0,농산물+축산물+수산물+가공식품+의류+신발+가정용품+음식점+근린생활서비스,1982.0,,,,,,
MKT000362,춘천중앙시장,상설장,강원특별자치도 춘천시 중앙로77번길 4-4,강원특별자치도 춘천시 중앙로2가 42-68,매일,37.87848771,127.7257515,177.0,의류+신발+음식점,1960.0,,,,,,
MKT000363,제일종합시장,상설장,강원특별자치도 춘천시 약사고개길13,강원특별자치도 춘천시 죽림동 32,매일,37.87748571,127.7260713,244.0,의류+신발+음식점,1985.0,,,,,,
MKT000364,북부시장,상설장,충청북도 청주시 청원구 향군로 31번길 19,충청북도 청주시 청원구 우암동 344-10,매일,36.64797204,127.4862188,145.0,농산물+축산물+수산물+가공식품+의류+신발+가정용품+음식점,1970.0,043-224-8085,,,,,
MKT000365,서부시장상점가(서부시장 통합),상설장,전북특별차치도 전주시 완산구 효동 2길 14-8,전북특별차치도 전주시 완산구 효자동1가 201-63,매일,35.80524873,127.1266694,143.0,농산물+축산물+수산물+의류+음식점,,063-228-1616,,,,,
MKT000366,춘천서부시장,상설장,강원특별자치도 춘천시 서부대성로12,강원특별자치도 춘천시 소양로2가 172-1,매일,37.88480147,127.7246493,140.0,의류+가정용품+음식점,1992.0,,,,,,
MKT000367,춘천번개시장,상설장,강원특별자치도 춘천시 소양로 212,강원특별자치도 춘천시 소양로1가 93-10,매일,37.89182707,127.726303,55.0,농산물+수산물+음식점,2014.0,,,,,,
MKT000368,와수시장,상설장,강원특별자치도 철원군 서면 와수로 184번길 6-3,강원특별자치도 철원군 서면 와수리 1171-92,1일+6일,38.23945913,127.4394932,59.0,농산물+축산물+가공식품+의류+신발+음식점,1978.0,033-458-9688,,,,,
MKT000369,동송전통시장,상설장,강원특별자치도 철원군 동송읍 이평로 47번길 19,강원특별자치도 철원군 동송읍 이평리 678-49,매일,38.2089011,127.2192097,120.0,농산물+축산물+수산물+가공식품+신발+가정용품+음식점,1981.0,033-455-6262,,,,,
MKT000370,동송시장,상설장+5일장,강원특별자치도 철원군 동송읍 이평로 47번길 16,강원특별자치도 철원군 동송읍 이평리 680-1,5일+10일,38.2088079,127.218867,35.0,농산물+수산물+가공식품+음식점,1982.0,033-455-2230,,,,,
MKT000371,신철원시장,상설장+3일장,강원특별자치도 철원군 갈말읍 삼부연로18번길 16-2,강원특별자치도 철원군 갈말읍 신철원리 697,3일+8일,38.14471979,127.3100285,70.0,농산물+축산물+가공식품+음식점,1980.0,033-452-5350,,,,,
MKT000372,역곡남부시장,상설장,경기도 부천시 소사구 부광로16번길 33,경기도 부천시 소사구 괴안동 107-8,매일,37.48253123,126.8115462,68.0,농산물+축산물+수산물+가공식품+의류,1983.0,070-7376-2804,,,,,
MKT000373,임계사통팔달시장,상설장+5일장,강원특별자치도 정선군 임계면 송계3길 12,강원특별자치도 정선군 임계면 송계리 774-5,5일+10일,37.49511059,128.852576,63.0,농산물+음식점,1965.0,033-562-2930,,,,,
MKT000374,정선사북시장,상설장,강원특별자치도 정선군 사북읍 사북2길 6 - 1,강원특별자치도 정선군 사북읍 사북리 366-59,매일,37.22735829,128.8162148,67.0,농산물+축산물+수산물+가공식품+의류+신발+가정용품+음식점,1965.0,033-591-7277,,,,,
MKT000375,고한구공탄시장(고한시장),상설장,강원특별자치도 정선군 고한읍 고한 4길 38-6,강원특별자치도 정선군 고한읍 고한리 62-14,매일,37.20132076,128.8540526,90.0,농산물+축산물+수산물+가공식품+의류+신발+가정용품+음식점,1967.0,033-591-4989,,,,,
MKT000376,광양5일시장,상설장,전라남도 광양시 광양읍 백운로 3,전라남도 광양시 광양읍 목성리 696-3,1일+6일,34.97115451,127.5904463,97.0,농산물+축산물+수산물+가공식품+의류+신발+가정용품+음식점,1964.0,061-762-9805,,,,,
MKT000377,원통시장,상설장,강원특별자치도 인제군 북면 원통로 178번길 7-1,강원특별자치도 인제군 북면 원통리 647-40,2일+7일,38.1225741,128.204617,56.0,농산물+축산물+수산물+가공식품+의류+신발+가정용품+음식점+근린생활서비스,1956.0,033-461-2385,,,,,
MKT000378,기린전통시장,상설장+4일장,강원특별자치도 인제군 기린면 기린로 17,강원특별자치도 인제군 기린면 현리 640-3,4일+9일,37.95397964,128.3168509,93.0,농산물+축산물+가공식품+의류+신발+음식점,1956.0,,,,,,
MKT000379,민속풍물시장,상설장,강원특별자치도 원주시 풍물시장길 30,강원특별자치도 원주시 평원동 134-1,2일+7일,37.34898786,127.9541184,109.0,농산물+축산물+수산물+가공식품+의류+신발+가정용품+음식점,1989.0,033-746-9114,,,,,
MKT000380,북원상가시장,상설장,강원특별자치도 원주시 북원상가길 13,강원특별자치도 원주시 태장동 1379-23,매일,37.38439475,127.9488481,34.0,축산물+의류+신발+가정용품,1991.0,033-742-7338,,,,,
MKT000381,도래미시장,상설장,강원특별자치도 원주시 자유시장길 26,강원특별자치도 원주시 중앙동 42-3,매일,37.35170226,127.9496495,78.0,농산물+축산물+수산물+가공식품+의류+신발+음식점,1983.0,033-748-3658,,,,,
MKT000382,미로예술원주중앙시장(원주중앙시장),상설장,강원특별자치도 원주시 중앙시장길 6,강원특별자치도 원주시 중앙동 60-56,매일,37.35000952,127.9491994,545.0,농산물+축산물+가공식품+의류+신발+음식점,1965.0,033-743-2570,,,,,
MKT000383,조공시장,상설장,경기도 부천시 소사구 안곡로 29,경기도 부천시 소사구 괴안동 70-20,매일,37.47917913,126.805766,55.0,농산물+축산물+가공식품+의류+음식점,1987.0,032-343-2539,,,,,
MKT000384,문막시장,상설장+3일장,강원특별자치도 원주시 문막읍 문막시장1길 52-10,강원특별자치도 원주시 문막읍 문막리 240-1,3일+8일,37.30602942,127.8153678,90.0,농산물+축산물+수산물+가공식품+의류+신발+가정용품+음식점,1959.0,,,,,,
MKT000385,원주남부시장,상설장,강원특별자치도 원주시 치악로 1803,강원특별자치도 원주시 명륜동 26,매일,37.34301479,127.9544052,205.0,농산물+축산물+수산물+가공식품+의류+신발+가정용품+음식점,1965.0,033-766-1110,,,,,
MKT000386,서부공설시장,상설장,강원특별자치도 영월군 영월읍 서부시장길 8-1,강원특별자치도 영월군 영월읍 하송리 5-10,매일,37.18292558,128.4663073,41.0,농산물+축산물+수산물+가공식품+의류+음식점,1959.0,033-372-5500,,,,,
MKT000387,영월종합상가시장,상설장,강원특별자치도 영월군 영월읍 하송안길,,매일,37.1818045527344,128.466229739067,100.0,농산물+의류+신발+가정용품+음식점,1985.0,033-374-5296,,Kakao_주소검색,강원특별자치도 영월군 영월읍 하송안길,,
MKT000388,대야전통시장,상설장,전북특별차치도 군산시 대야면 대야시장로 7-1,전북특별차치도 군산시 대야면 산월리 400-9,1일+6일,35.9448597,126.816085,70.0,농산물+근린생활서비스,1965.0,,,,,,
MKT000389,역전종합시장,상설장,전북특별차치도 군산시 구암3 1로 13-1,전북특별차치도 군산시 대명동 138-3,매일,35.98046443,126.7209989,104.0,농산물+축산물+수산물+가공식품+의류+신발+가정용품+음식점,1965.0,063-443-0475,,,,,
MKT000390,군산주공시장,상설장,전북특별차치도 군산시 하나운안1길 39,전북특별차치도 군산시 나운동 836-11,매일,35.96576624,126.6954417,38.0,농산물,1985.0,063-461-0567,,,,,
MKT000391,흥덕전통시장,4일장,전북특별차치도 고창군 흥덕면 흥덕시장길 3,전북특별차치도 고창군 흥덕면 흥덕리 240-4,4일+9일,35.52058772,126.7002195,10.0,농산물+축산물+수산물+가공식품+의류+가정용품,1965.0,,,,,,
MKT000392,해리전통시장,4일장,전북특별차치도 고창군 해리면 해리중앙로 64-12,전북특별차치도 고창군 해리면 하련리 685-55,4일+9일,35.45865884,126.5422037,29.0,농산물+수산물+의류,1965.0,,,,,,
MKT000393,상하전통시장,상설장,전북특별차치도 고창군 상하면 상하1길 8-3,전북특별차치도 고창군 상하면 하장리 939-3,1일+6일,35.44409017,126.4917538,22.0,농산물+수산물+가공식품+의류+가정용품+음식점,1974.0,,,,,,
MKT000394,무장전통시장,5일장,전북특별차치도 고창군 무장면 왕제산로 725,전북특별차치도 고창군 무장면 무장리 85-1,5일+10일,35.41442783,126.5605985,29.0,농산물+수산물+가공식품+의류,1965.0,,,,,,
MKT000395,대산전통시장,상설장,전북특별차치도 고창군 대산면 공음대산로 935,전북특별차치도 고창군 대산면 매산리 200-13,2일+7일,35.34010335,126.598984,67.0,농산물,1967.0,,,,,,
MKT000396,고창전통시장,상설장+3일장,전북특별차치도 고창군 고창읍 동리로 62-11,전북특별차치도 고창군 고창읍 읍내리 367,3일+8일,35.43267051,126.6987727,74.0,농산물+축산물+수산물+가공식품+의류+신발+가정용품+음식점,1965.0,063-564-3097,,,,,
MKT000397,화순고인돌전통시장,3일장,전라남도 화순군 화순읍 시장길 42,전라남도 화순군 화순읍 삼천리 621,3일+8일,35.05909434,126.9833988,100.0,농산물+축산물+수산물+가공식품+의류+신발+가정용품+음식점,1964.0,061-375-0330,,,,,
MKT000398,이양전통시장,4일장,전라남도 화순군 이양면 이양로 29-19,전라남도 화순군 이양면 이양리 303-3,4일+9일,34.88259402,126.9868735,11.0,의류+신발+가정용품+근린생활서비스,1964.0,,,,,,
MKT000399,사평전통시장,5일장,전라남도 화순군 사평면 사평길 26,전라남도 화순군 사평면 사평리 1049-90,5일+10일,35.00537383,127.0975835,52.0,농산물+수산물+가공식품+의류+신발+가정용품+음식점,1964.0,,,,,,
MKT000400,동복전통시장,상설장,전라남도 화순군 동복면 동복시장길 19,전라남도 화순군 동복면 천변리 92,2일+7일,35.07163148,127.1257557,20.0,농산물+수산물+가공식품+가정용품,1910.0,,,,,,
MKT000401,능주전통시장,5일장,전라남도 화순군 능주면 학포로 1955,전라남도 화순군 능주면 관영리 94-8,5일+10일,34.99091732,126.959364,45.0,농산물+수산물+가공식품+의류+신발+가정용품+음식점,1923.0,061-372-1178,,,,,
MKT000402,남리5일시장,3일장,전라남도 해남군 황산면 시등로 111-11,전라남도 해남군 황산면 남리리 7,3일+8일,34.57532321,126.4324845,40.0,농산물+수산물+의류+가정용품,1964.0,,,,,,
MKT000403,화원5일시장,5일장,,전라남도 해남군 화원면 금평리 239,5일+10일,34.66949685,126.3282268,7.0,농산물+수산물,1964.0,,,,,,
MKT000404,해남읍5일시장,상설장,전라남도 해남군 해남읍 중앙2로 76,전라남도 해남군 해남읍 고도리 102-4,1일+6일,34.56878428,126.5971547,97.0,농산물+수산물+의류+신발+음식점,1964.0,061-536-4963,,,,,
MKT000405,송지산정5일시장,상설장,전라남도 해남군 송지면 산정1길 96,전라남도 해남군 송지면 산정리 772-3,2일+7일,34.36966913,126.5191941,40.0,농산물+수산물+의류,1967.0,,,,,,
MKT000406,우수영5일시장,4일장,,전라남도 해남군 문내면 동외리 919-17,4일+9일,34.5969017,126.311316,18.0,농산물+수산물+가공식품+가정용품+음식점,1964.0,,,,,,
MKT000407,북평면남창5일시장,상설장,전라남도 해남군 북평면 달량진길 48-11,전라남도 해남군 북평면 남창리 1279-1,2일+7일,34.40453441,126.6267107,16.0,농산물+수산물+신발+음식점,1964.0,,,,,,
MKT000408,좌일5일시장,3일장,전라남도 해남군 북일면 만월길 26-1,전라남도 해남군 북일면 흥촌리 161,3일+8일,34.46385571,126.6725613,,농산물+축산물,1964.0,,,,,,
MKT000409,해보시장,3일장,전라남도 함평군 해보면 밀재로 1274-12,전라남도 함평군 해보면 금덕리 414-9,3일+8일,35.18104709,126.6025443,28.0,농산물+수산물+가공식품+의류+신발+가정용품+음식점,1943.0,,,,,,
MKT000410,인천모래내전통시장,상설장,인천광역시 남동구 호구포로810번길 42-8,인천광역시 남동구 구월동 1263-5,매일,37.45420055,126.7214949,197.0,농산물+축산물+수산물+가공식품+의류+신발+가정용품+음식점+근린생활서비스,1982.0,032-471-1427,http://moraenaemarket.com,,,,
MKT000411,월야시장,5일장,전라남도 함평군 월야면 밀재로 1504-5,전라남도 함평군 월야면 월야리 713-69,5일+10일,35.17926742,126.626782,22.0,농산물+수산물+가공식품+의류+신발+가정용품+음식점,1981.0,,,,,,
MKT000412,진도상설전통시장,상설장,전라남도 진도군 진도읍 남동1길 57-8,전라남도 진도군 진도읍 남동리 487-5,매일,34.48135668,126.2649029,13.0,농산물+수산물,1985.0,,,,,,
MKT000413,진도읍조금시장,상설장,전라남도 진도군 진도읍 조금시장길 25,전라남도 진도군 진도읍 남동리 731,2일+7일,34.48155399,126.25734,41.0,농산물+수산물+의류+가정용품+음식점,1964.0,,,,,,
MKT000414,회진시장,상설장,전라남도 장흥군 회진면 회진중앙길 9-13,전라남도 장흥군 회진면 회진리 2138-12,매일,34.4820345,126.9403546,15.0,농산물+수산물+의류+음식점,1982.0,,,,,,
MKT000415,함열시장,상설장,전북특별차치도 익산시 함열읍 2길 8,전북특별차치도 익산시 와리 565-26,2일+7일,36.0808342320751,126.958362007907,20.0,농산물+의류+가정용품,2004.0,,,Kakao_시장명검색,함열시장,함열시장,전북특별자치도 익산시 함열읍 와리2길 8
MKT000416,여산시장,상설장,전북특별차치도 익산시 서촌2길 22-1,전북특별차치도 익산시 여산면 여산리 412-4,1일+6일,36.05890563,127.083244,12.0,농산물,1963.0,,,,,,
MKT000417,익산장(익산북부장),상설장+4일장,전북특별차치도 익산시 인북로 11길 27,전북특별차치도 익산시 남중동 35-9,4일+9일,35.9512294,126.9567719,126.0,농산물,2008.0,063-853-2661,,,,,
MKT000418,가좌시장,상설장,인천광역시 서구 장고개로337번길18의19,인천광역시 서구 가좌2동 30-48,매일,37.4933969,126.684576,114.0,농산물+축산물+수산물+가공식품+의류+신발+가정용품+음식점+근린생활서비스,1987.0,032-584-5006,,,,,
MKT000419,익산금마시장,상설장,전북특별차치도 익산시 금마면 고도길 58,전북특별차치도 익산시 금마면 동고도리 701-2,2일+7일,35.99217754,127.0534309,30.0,농산물,1959.0,,,,,,
MKT000420,삼례시장,상설장+3일장,전북특별차치도 완주군 삼례읍 삼봉로 6,전북특별차치도 완주군 삼례읍 삼례리 923-8,3일+8일,35.91068557,127.0737715,54.0,가공식품+의류+가정용품+음식점,1964.0,063-291-8899,,,,,
MKT000421,부평문화의거리,상설장,인천광역시 부평구 부평문화로 78-2,인천광역시 부평구 부평동 201-1,매일,37.49408359,126.7250106,203.0,의류+신발+음식점,1982.0,032-511-5890,,,,,
MKT000422,고산미소시장,상설장,전북특별차치도 완주군 고산면 남봉로 135,전북특별차치도 완주군 고산면 읍내리 887,매일,35.97444053,127.2048167,30.0,농산물+축산물+가공식품,2023.0,063-262-0119,,,,,
MKT000423,순창시장,상설장,전북특별차치도 순창군 순창읍 남계로 58,전북특별차치도 순창군 순창읍 남계리 800,1일+6일,35.37187647,127.1450592,127.0,농산물+수산물,1965.0,063-653-3432,,,,,
MKT000424,동계시장,상설장,전북특별차치도 순창군 동계면 동계로 22,전북특별차치도 순창군 동계면 현포리 623,2일+7일,35.43954095,127.2397976,20.0,농산물+수산물+가정용품,1931.0,,,,,,
MKT000425,줄포시장,상설장,전북특별차치도 부안군 줄포면 부안로 865,전북특별차치도 부안군 줄포면 줄포리 728-3,1일+6일,35.58760184,126.6768543,28.0,음식점,1965.0,063-580-4117,,,,,
MKT000426,부안상설시장,상설장,전북특별차치도 부안군 부안읍 부풍로 47,전북특별차치도 부안군 부안읍 서외리 21,매일,35.72709542,126.7329492,190.0,농산물+축산물+수산물+가공식품+의류+신발+가정용품+음식점,1965.0,063-584-3070,,,,,
MKT000427,안성시장(덕유산장터),상설장+5일장,전북특별차치도 무주군 안성면 칠연로 38,전북특별차치도 무주군 안성면 장기리 1511-6,5일+10일,35.86627446,127.6535366,26.0,농산물+수산물+가공식품+의류+신발+가정용품+음식점,1950.0,063-323-1102,,,,,
MKT000428,설천시장(삼도봉장터),상설장,전북특별차치도 무주군 설천면 삼도봉로 11,전북특별차치도 무주군 설천면 소천리 904-29,2일+7일,36.0099056,127.7880133,14.0,농산물+가공식품+의류+가정용품+음식점,1988.0,,,,,,
MKT000429,무풍시장(대덕산장터),상설장+3일장,전북특별차치도 무주군 무풍면 현내로 213,전북특별차치도 무주군 무풍면 현내리 259-5,3일+8일,35.96945032,127.8487964,11.0,농산물+가공식품+가정용품+음식점,1965.0,,,,,,
MKT000430,진흥종합시장,상설장,인천광역시 부평구 부흥로3204번길 27,인천광역시 부평구 부평동 252-52,매일,37.49695039,126.7257012,50.0,농산물+축산물+수산물,1982.0,032-502-8874,,,,,
MKT000431,용남시장,상설장,전북특별차치도 남원시 동헌길10,전북특별차치도 고창군 흥덕면 흥덕리 430-1,매일,35.40710447,127.3767644,79.0,수산물+가공식품+의류,1970.0,063-632-5133,,,,,
MKT000432,남원인월시장,3일장,전북특별차치도 남원시 인월면 인월로 65-3,전북특별차치도 남원시 인월면 인월리 251-15,3일+8일,35.46112561,127.6021352,42.0,농산물,1965.0,063-625-1498,,,,,
MKT000433,남원공설시장,상설장+4일장,전북특별차치도 남원시 의총로 51,전북특별차치도 남원시 금동 264-1,4일+9일,35.40461965,127.3758611,125.0,수산물+가공식품+의류,1970.0,063-625-4010,,,,,
MKT000434,금만시장,상설장,전북특별차치도 김제시 동서7길23,전북특별차치도 김제시 요촌동 194-7,매일,35.80014264,126.8864263,91.0,의류+신발+가정용품+음식점,1890.0,,,,,,
MKT000435,김제전통시장,상설장,전북특별차치도 김제시 사정거리1길20,전북특별차치도 김제시 요촌동 415,2일+7일,35.80162714,126.8837248,66.0,농산물+축산물+수산물+가공식품+의류+신발+가정용품+음식점,1900.0,063-543-4983,,,,,
MKT000436,역전시장,상설장,전북특별차치도 김제시 중앙로 288,전북특별차치도 김제시 신풍동 40-2,매일,35.79317122,126.9016024,47.0,농산물+축산물,1957.0,,,,,,
MKT000437,원평공설시장(김제원평시장),상설장+4일장,전북특별차치도 김제시 금산면 원평6길 39-10,전북특별차치도 김제시 금산면 원평리 91,4일+9일,35.71406176,126.9947286,34.0,농산물+축산물+수산물+가공식품+의류+신발+가정용품+음식점,1960.0,,,,,,
MKT000438,군산수산물종합센터,상설장,전북특별차치도 군산시 내항2길 216,전북특별차치도 군산시 금동 57-4,매일,35.99398004,126.7047377,118.0,수산물,,063-442-4822,,,,,
MKT000439,군산신영시장,상설장,전북특별차치도 군산시 동신영길 56,전북특별차치도 군산시 신영동 19-5,매일,35.98560841,126.7201159,75.0,농산물+수산물,1985.0,070-7788-3412,,,,,
MKT000440,장승백이전통시장,상설장,인천광역시 남동구 인주대로888번길 35,인천광역시 남동구 만수동 1082-1,매일,37.44656416,126.7352271,146.0,농산물+축산물+수산물+가공식품+의류+신발+가정용품+음식점+근린생활서비스,1995.0,032-462-9133,,,,,
MKT000441,명산시장,상설장,전북특별차치도 군산시 오룡로51-18,전북특별차치도 군산시 명산동 21-1,매일,35.98251006,126.7095374,65.0,농산물+수산물,1982.0,070-4038-5328,,,,,
MKT000442,고성오일시장,4일장,제주특별자치도 서귀포시 성산읍 고성오조로 93,제주특별자치도 서귀포시 성산읍 고성리 1180-34,4일+9일,33.4518552,126.9128143,67.0,농산물+축산물+수산물+가공식품+의류+가정용품+음식점,1984.0,064-760-4281,,,,,
MKT000443,서귀포매일올레시장,상설장,제주특별자치도 서귀포시 중앙로 62번길 18,제주특별자치도 서귀포시 서귀동 277-1,매일,33.25014646,126.5632316,225.0,농산물+축산물+수산물+가공식품+의류+신발+가정용품+음식점+근린생활서비스,1965.0,064-762-1949,,,,,
MKT000444,서귀포향토오일시장,5일장,제주특별자치도 서귀포시 토평서로11번길 142,제주특별자치도 서귀포시 동홍동 779-1,5일+10일,33.26778279,126.5737587,545.0,농산물+축산물+수산물+가공식품+의류+신발+가정용품+음식점,1995.0,064-763-0965,,,,,
MKT000445,모슬포중앙시장,상설장,제주특별자치도 서귀포시 대정읍 상모로 327,제주특별자치도 서귀포시 대정읍 하모리 824-2,매일,33.22207249,126.2545119,59.0,농산물+축산물+수산물+가공식품+의류+신발+가정용품+음식점,1978.0,,,,,,
MKT000446,대정오일시장,상설장,제주특별자치도 서귀포시 대정읍 신영로36번길 65,제주특별자치도 서귀포시 대정읍 하모리 1089-15,1일+6일,33.22061006,126.2482168,198.0,농산물+축산물+수산물+가공식품+의류+신발+가정용품+음식점+근린생활서비스,1983.0,,,,,,
MKT000447,진안고원시장,상설장+4일장,전북특별차치도 진안군 진안읍시장1길16,전북특별차치도 진안군 진안읍 군상리 406-7,4일+9일,35.79264222,127.4296267,70.0,농산물+축산물+수산물+가공식품+의류+신발+가정용품+음식점,1918.0,063-433-4554,,,,,
MKT000448,정읍연지시장,상설장,전북특별차치도 정읍시 연지시장 3길 50-9외,전북특별차치도 정읍시 연지동 31-1,매일,35.573166,126.8472538,39.0,농산물+축산물+수산물+가공식품+의류+신발+가정용품+음식점,1958.0,063-532-5380,,,,,
MKT000449,신태인시장,상설장+3일장,전북특별차치도 정읍시 신태인읍 신태인2길 14,전북특별차치도 정읍시 신태인읍 신태인리 142-105,3일+8일,35.68729453,126.8865644,46.0,농산물+축산물+수산물+가공식품+의류+신발+가정용품+음식점,1917.0,,,,,,
MKT000450,굴비골영광시장(구 영광매일시장),상설장,전라남도 영광군 영광읍 중앙로3길 5-22,전라남도 영광군 영광읍 도동리 186,매일,35.27513263,126.5123207,66.0,농산물+축산물+수산물+가공식품+의류+가정용품+음식점,1985.0,061-352-8815,,,,,
MKT000451,무안전통시장,상설장+4일장,전라남도 무안군 무안읍 승달로 11,전라남도 무안군 무안읍 성내리 21-6,4일+9일,34.99348251,126.4724295,65.0,농산물+축산물+수산물+가공식품+의류+신발+가정용품+음식점,2016.0,061-453-5714,,,,,
MKT000452,남평5일시장,상설장,전라남도 나주시 남평읍 지석로 21,전라남도 나주시 남평읍 남평리 69-1,1일+6일,35.04581389,126.8415451,38.0,농산물+수산물+가공식품+의류+신발+가정용품+음식점,2007.0,,,,,,
MKT000453,연수송도역전시장,상설장,인천광역시 연수구 한나루로196번길 14,인천광역시 연수구 옥련동 308-18,매일,37.42645827,126.657697,63.0,농산물+축산물+수산물+가공식품+의류+신발+가정용품+음식점+근린생활서비스,1960.0,,,,,,
MKT000454,거북시장,상설장,인천광역시 서구 거북로 117,인천광역시 서구 석남동 548-7,매일,37.50338084,126.6749097,59.0,농산물+수산물+가공식품+의류+신발+음식점,1982.0,032-575-1170,,,,,
MKT000455,신거북시장,상설장,인천광역시 서구 거북로99,인천광역시 서구 석남동 541-15,매일,37.50326747,126.6729889,90.0,농산물+축산물+수산물+가공식품+의류+신발+가정용품+음식점+근린생활서비스,1980.0,032-572-1100,,,,,
MKT000456,장수시장,5일장,전북특별차치도 장수군 장수읍 시장로 11,전북특별차치도 장수군 장수읍 장수리 460-15,5일+10일,35.64910345,127.5174697,33.0,농산물+수산물+가공식품+의류+신발+음식점,1977.0,063-352-2005,,,,,
MKT000457,장계시장,3일장,전북특별차치도 장수군 장계면 시장천변길 36,전북특별차치도 장수군 장계면 장계리 464-1,3일+8일,35.72943479,127.5822739,38.0,농산물+수산물+가공식품+의류+신발+가정용품+음식점+근린생활서비스,1931.0,,,,,,
MKT000458,산서시장,상설장,전북특별차치도 장수군 산서면 보산로 1864-11,전북특별차치도 장수군 산서면 동화리 839-73,2일+7일,35.58450071,127.3958978,16.0,농산물+축산물+수산물+가공식품+의류+신발+가정용품+음식점,1953.0,,,,,,
MKT000459,임실시장,상설장,전북특별차치도 임실군 임실읍 운수로 26,전북특별차치도 임실군 임실읍 이도리 233-1,1일+6일,35.61445375,127.2827133,64.0,농산물,1977.0,063-642-0303,,,,,
MKT000460,관촌시장,5일장,전북특별차치도 임실군 관촌면 사선1길 70-3,전북특별차치도 임실군 관촌면 관촌리 586,5일+10일,35.67877664,127.2676851,26.0,농산물+가공식품+음식점,1977.0,063-644-0369,,,,,
MKT000461,강진시장,상설장,전북특별차치도 임실군 강진면 호국로 14-12,전북특별차치도 임실군 강진면 갈담리 515-4,2일+7일,35.5290276,127.161009,17.0,수산물+가정용품+음식점,1965.0,,,,,,
MKT000462,황등시장,상설장+5일장,전북특별차치도 익산시 석재길 22,전북특별차치도 익산시 황등면 황등리 58,5일+10일,35.99943493,126.9523869,32.0,가공식품,1937.0,,,,,,
MKT000463,서동시장,상설장,전북특별차치도 익산시 중앙로3길 39,전북특별차치도 익산시 창인동1가 115-13,매일,35.94271026,126.950548,60.0,농산물+축산물+수산물+가공식품,1980.0,063-842-0063,,,,,
MKT000464,중앙시장,상설장,전북특별차치도 익산시 중앙로 3길 27,전북특별차치도 익산시 창인동1가 137-1,매일,35.94206103,126.9497282,151.0,농산물+가공식품+의류+근린생활서비스,1947.0,063-855-3479,,,,,
MKT000465,매일시장,상설장,전북특별차치도 익산시 중앙로 3길 13,전북특별차치도 익산시 창인동1가 88-5,매일,35.94039371,126.9496739,58.0,의류,2005.0,063-853-6666,,,,,
MKT000466,익산남부시장,상설장,전북특별차치도 익산시 평동로11길 12,전북특별차치도 익산시 인화동2가 7,매일,35.93194154,126.9533804,39.0,가공식품,1914.0,063-855-4798,,,,,
MKT000467,익산 구시장,상설장,전북특별차치도 익산시 인북로8길 22,전북특별차치도 익산시 인화동1가 131-8,매일,35.93152656,126.952339,70.0,가공식품,2014.0,063-856-7796,,,,,
MKT000468,금산인삼전통시장,상설장,충청남도 금산군 금산읍 건삼전1길 20-8,충청남도 금산군 금산읍 중도리 531-1,2일+7일,36.10045233,127.4921846,110.0,농산물+축산물+수산물+가공식품+의류+신발+가정용품+음식점,2011.0,,,,,,
MKT000469,중부프라자,상설장,충청남도 금산군 금산읍 비범로 19,충청남도 금산군 금산읍 상리 89-4,매일,36.10453057,127.4910218,17.0,농산물+축산물+수산물+가공식품+의류+신발+가정용품+음식점,1981.0,041-753-9447,,,,,
MKT000470,금산국제인삼시장(금산인삼국제시장),상설장,충청남도 금산군 금산읍 인삼약초로 45,충청남도 금산군 금산읍 중도리 8-1,매일,36.10191794,127.4983403,201.0,농산물,1986.0,041-752-1815,,,,,
MKT000471,금산금빛시장(금산시장),상설장,충청남도 금산군 금산읍 금산천길 98,충청남도 금산군 금산읍 하옥리 335-12,2일+7일,36.09951247,127.490976,211.0,농산물+축산물+수산물+가공식품+의류+가정용품+음식점,1981.0,041-754-2376,,,,,
MKT000472,금산수삼센타,상설장,충청남도 금산군 금산읍 인삼약초로 24,충청남도 금산군 금산읍 중도리 24,2일+7일,36.10015574,127.4964497,285.0,농산물+가공식품,1988.0,041-754-3161,www.susamcenter.co.kr,,,,
MKT000473,산성시장활성화구역,상설장,충청남도 공주시 국고개길 11,충청남도 공주시 중동 63,매일,36.4548805,127.1256762,257.0,의류+신발+음식점+근린생활서비스,1937.0,041-854-0036,https://blog.naver.com/sansung8657,,,,
MKT000474,유구시장,상설장+3일장,충청남도 공주시 유구읍 시장길 28,충청남도 공주시 유구읍 석남리 276-5,3일+8일,36.55270354,126.9518599,72.0,농산물+축산물+수산물+가공식품+의류+신발+가정용품+음식점,1928.0,,,,,,
MKT000475,공주산성시장,상설장,충청남도 공주시 용당길 22,충청남도 공주시 산성동 190-1,1일+6일,36.45881276,127.1226147,567.0,농산물+축산물+수산물+의류+음식점,1937.0,041-856-5427,,,,,
MKT000476,화북종합시장,상설장,제주특별자치도 제주시 청풍길 14,제주특별자치도 제주시 화북일동 1947,매일,33.52264949,126.5658711,24.0,농산물+축산물+수산물+가공식품+의류+가정용품+음식점,1992.0,064-756-1052,,,,,
MKT000477,한림매일시장,상설장,제주특별자치도 제주시 한림읍 한림로 681,제주특별자치도 제주시 한림읍 한림리 1315-4,매일,33.41565321,126.264774,57.0,농산물+축산물+수산물+가공식품+의류+신발+가정용품+음식점,2007.0,,,,,,
MKT000478,한림민속오일시장(한림오일시장),4일장,제주특별자치도 제주시 한림읍 한수풀로4길 10,제주특별자치도 제주시 한림읍 대림리 1698-4,4일+9일,33.41983074,126.2745011,144.0,농산물+축산물+수산물+가공식품+의류+신발+가정용품+음식점+근린생활서비스,2002.0,064-796-8830,,,,,
MKT000479,함덕오일시장,5일장,제주특별자치도 제주시 조천읍 함덕16길 15-13,제주특별자치도 제주시 조천읍 함덕리 972-7,5일+10일,33.54025266,126.6679607,38.0,농산물+축산물+수산물+가공식품+의류+신발+가정용품+음식점,2007.0,,,,,,
MKT000480,신산시장,상설장,제주특별자치도 제주시 고마로17길 11,제주특별자치도 제주시 일도이동 377-11,매일,33.50606424,126.5419541,28.0,농산물+축산물+수산물+가공식품+의류+가정용품+음식점,1992.0,,,,,,
MKT000481,제주칠성로상점가(칠성로상점가),상설장,제주특별자치도 제주시 관덕로 13길 12,제주특별자치도 제주시 일도일동 1476-20,매일,33.51402881,126.5261117,167.0,의류+신발+음식점+근린생활서비스,2005.0,064-723-1510,,,,,
MKT000482,동문시장(주),상설장,제주특별자치도 제주시 동문로 16,제주특별자치도 제주시 일도일동 1148-2,매일,33.51279665,126.5283141,78.0,의류+신발+음식점,1965.0,064-722-3284,,,,,
MKT000483,제주시동문공설시장,상설장,제주특별자치도 제주시 동문로 4길9,제주특별자치도 제주시 일도일동 1103,매일,33.51208951,126.5282426,69.0,농산물+축산물+수산물+가공식품+의류+가정용품+음식점,1954.0,064-722-3284,,,,,
MKT000484,중앙로상점가,상설장,제주특별자치도 제주시 중앙로 91,제주특별자치도 제주시 이도일동 1460,매일,33.51010018,126.523959,136.0,농산물+가공식품+의류+신발+가정용품+음식점,2007.0,070-8900-8300,,,,,
MKT000485,보성시장,상설장,제주특별자치도 제주시 동광로 1길 32,제주특별자치도 제주시 이도일동 1289-5,매일,33.50330767,126.5279393,42.0,농산물+축산물+수산물+가공식품+의류+신발+가정용품+음식점,1972.0,064-753-2085,,,,,
MKT000486,제주시동문재래시장,상설장,제주특별자치도 제주시 관덕로14길 20,제주특별자치도 제주시 이도일동 1436-7,매일,33.5115942,126.5260281,330.0,농산물+축산물+수산물+가공식품+의류+신발+가정용품+음식점+근린생활서비스,2005.0,064-752-3001,,,,,
MKT000487,제주동문수산시장,상설장,제주특별자치도 제주시 오현길 81,제주특별자치도 제주시 이도일동 1348-1,매일,33.51206774,126.5249062,96.0,농산물+축산물+수산물+가공식품+음식점,2005.0,064-752-8959,,,,,
MKT000488,영암5일시장,5일장,전라남도 영암군 영암읍 오일시장길 28,전라남도 영암군 영암읍 동무리 17-3,5일+10일,34.80123497,126.7005743,120.0,농산물+수산물+가공식품+의류,1964.0,,,,,,
MKT000489,제주시민속오일시장,상설장,제주특별자치도 제주시 오일장서길 26,제주특별자치도 제주시 도두일동 1212,2일+7일,33.49724208,126.474894,911.0,농산물+축산물+수산물+가공식품+의류+신발+가정용품+음식점,1998.0,064-743-5985,,,,,
MKT000490,도남시장,상설장,,제주특별자치도 제주시 도남동 923의 13,매일,33.49640447,126.528941,93.0,농산물+축산물+수산물+가공식품+의류+신발+가정용품+음식점,1991.0,064-757-8805,,,,,
MKT000491,세화오일시장,5일장,제주특별자치도 제주시 구좌읍 해맞이해안로 1412,제주특별자치도 제주시 구좌읍 세화리 1500-5,5일+10일,33.52618615,126.857297,156.0,농산물+축산물+수산물+가공식품+의류+신발+가정용품+음식점,1965.0,064-782-0520,,,,,
MKT000492,표선오일시장,상설장,제주특별자치도 서귀포시 표선면 표선동서로 203-1,제주특별자치도 서귀포시 표선면 표선리 1001-1,2일+7일,33.32271206,126.8303863,47.0,농산물+축산물+수산물+가공식품+의류+신발+가정용품+음식점,1985.0,064-760-4471,,,,,
MKT000493,중문오일시장,3일장,제주특별자치도 서귀포시 천제연로188번길 12,제주특별자치도 서귀포시 중문동 2123-1,3일+8일,33.25058008,126.4239435,67.0,농산물+축산물+수산물+가공식품+의류+신발+가정용품+음식점,1965.0,,,,,,
MKT000494,고덕시장,상설장+3일장,충청남도 예산군 고덕면 용고길 342,충청남도 예산군 고덕면 대천리 783-3,3일+8일,36.74392963,126.7052158,30.0,농산물+축산물+수산물+가공식품+의류+신발+음식점+근린생활서비스,1961.0,,,,,,
MKT000495,온양온천시장(온양전통시장),상설장+4일장,충청남도 아산시 시장길 29,충청남도 아산시 온천동 94-6,4일+9일,36.78329506,127.0042346,377.0,농산물+축산물+수산물+가공식품+의류+신발+가정용품+음식점,2008.0,041-534-2008,,,,,
MKT000496,둔포전통시장(둔포시장),상설장,충청남도 아산시 둔포면 둔포면로 25번길 15,충청남도 아산시 둔포면 둔포리 450-8,2일+7일,36.92946679,127.0360407,155.0,농산물+축산물+수산물+가공식품+의류+신발+가정용품+음식점,2009.0,,,,,,
MKT000497,장항전통시장,상설장+3일장,충청남도 서천군 장항읍 성화로 104,충청남도 서천군 장항읍 신창리 110,3일+8일,36.01556607,126.6945736,91.0,수산물+음식점,2010.0,041-957-0435,,,,,
MKT000498,해미읍성전통시장,상설장,충청남도 서산시 해미면 읍성마을2길 16,충청남도 서산시 해미면 읍내리 202,매일,36.71113407,126.5455675,87.0,농산물+축산물+수산물+가공식품+의류+신발+가정용품+음식점,1924.0,041-688-3100,,,,,
MKT000499,서산동부전통시장(동부시장),상설장,충청남도 서산시 시장5로 15,충청남도 서산시 동문동 900-3,매일,36.78181899,126.4564432,246.0,농산물+축산물+수산물+가공식품+의류+신발+가정용품+음식점,1956.0,041-665-5478,https://cafe.naver.com/ssmarket2021,,,,
MKT000500,대산종합시장,상설장,충청남도 서산시 대산읍 충의로 1942,충청남도 서산시 대산읍 대산리 119,매일,36.93800832,126.4339406,65.0,의류+신발+가정용품+음식점,2000.0,041-681-7845,,,,,
MKT000501,홍산시장,상설장,충청남도 부여군 홍산면 홍산시장로 45-10,충청남도 부여군 홍산면 남촌리 134-2,2일+7일,36.21394105,126.7576057,50.0,농산물+의류+신발+가정용품+음식점,1928.0,,,,,,
MKT000502,부여 새시장,5일장,충청남도 부여군 부여읍 부여로 12,충청남도 부여군 부여읍 구아리 395-7,5일+10일,36.28098513,126.9096533,70.0,농산물+축산물+가공식품+의류+신발+가정용품+음식점,1916.0,,,,,,
MKT000503,부여중앙시장,상설장,충청남도 부여군 부여읍 중앙로13번길 14-3,충청남도 부여군 부여읍 구아리 164-1,매일,36.28192426,126.91219,70.0,농산물+축산물+수산물,1945.0,041-835-7710,,,,,
MKT000504,부여시장,상설장+5일장,충청남도 부여군 부여읍 성왕로173번길 12,충청남도 부여군 부여읍 구아리 432,5일+10일,36.28149721,126.9075601,86.0,농산물+축산물+수산물+가공식품+의류+신발+가정용품+음식점,1916.0,,,,,,
MKT000505,웅천시장,상설장,충청남도 보령시 웅천읍 장터4길 24,충청남도 보령시 웅천읍 대창리 432-1,2일+7일,36.23298807,126.6012701,83.0,농산물+수산물,1928.0,,,,,,
MKT000506,대천항수산시장,상설장,충청남도 보령시 대천항로 370,충청남도 보령시 신흑동 2240-7,매일,36.32660911,126.5061075,124.0,수산물,1960.0,041-931-7087,,,,,
MKT000507,현대시장(현대상가시장),상설장,충청남도 보령시 대흥로 16,충청남도 보령시 대천동 618-69,매일,36.34891076,126.5969368,46.0,농산물+가정용품+음식점,1960.0,,,,,,
MKT000508,보령한내시장,상설장+3일장,충청남도 보령시 정화로길 13,충청남도 보령시 대천동 197-1,3일+8일,36.34962793,126.595819,178.0,농산물,1960.0,041-931-8485,,,,,
MKT000509,보령중앙시장,상설장+3일장,충청남도 보령시 중앙시장1길 25-1,충청남도 보령시 대천동 331-7,3일+8일,36.35085519,126.5941055,149.0,수산물,1960.0,041-936-4554,,,,,
MKT000510,동부시장,상설장,충청남도 보령시 구상가길 14-5,충청남도 보령시 대천동 618-64,매일,36.34936157,126.5970013,63.0,농산물,1960.0,,,,,,
MKT000511,합덕전통시장,상설장,충청남도 당진시 합덕읍 버그내2길 128-42,충청남도 당진시 합덕읍 운산리 253-47,1일+6일,36.80617206,126.7719672,64.0,농산물+축산물+수산물+가공식품+의류+신발+가정용품+음식점,1985.0,041-363-1154,,,,,
MKT000512,독천5일시장,4일장,전라남도 영암군 미암면 독천1길 19,전라남도 영암군 미암면 채지리 137,4일+9일,34.72459224,126.5671189,35.0,농산물+축산물+수산물+가공식품+의류+신발+가정용품+음식점,1964.0,,,,,,
MKT000513,신평시장,상설장+5일장,충청남도 당진시 신평면 신평로 804-1,충청남도 당진시 신평면 금천리 360-4,5일+10일,36.88353946,126.7759775,43.0,농산물+축산물+가공식품+신발+가정용품+음식점,1927.0,,,,,,
MKT000514,연산전통시장,상설장+5일장,충청남도 논산시 연산면 연산4길 10-8,충청남도 논산시 연산면 연산리 392-8,5일+10일,36.21627075,127.2164887,56.0,농산물+축산물+수산물+가공식품+의류+신발+가정용품+음식점,1911.0,,,,,,
MKT000515,화지중앙시장,상설장,충청남도 논산시 중앙로492번길 20,충청남도 논산시 화지동 49,매일,36.20691048,127.0852797,273.0,농산물+축산물+수산물+의류,1950.0,041-735-3311,http://sijangnonsan.mf24.net,,,,
MKT000516,강경젓갈시장,상설장,충청남도 논산시 강경읍 금백로 45,충청남도 논산시 강경읍 황산리 198,매일,36.15755436,127.0098017,130.0,수산물+가공식품,1989.0,041-745-1985,,,,,
MKT000517,강경대흥시장,상설장+4일장,충청남도 논산시 강경읍 대흥로 23- 1,충청남도 논산시 강경읍 대흥리 17-8,4일+9일,36.15597686,127.0136799,106.0,농산물+축산물+수산물,1955.0,041-745-5130,,,,,
MKT000518,마전시장,4일장,충청남도 금산군 추부면 마전1길 38,충청남도 금산군 추부면 마전리 547-1,4일+9일,36.1906104,127.4669775,14.0,농산물+축산물+수산물+가공식품+의류+신발+가정용품+음식점,1965.0,,,,,,
MKT000519,금산약초시장,상설장,충청남도 금산군 금산읍 비단로 144,충청남도 금산군 금산읍 중도리 31,매일,36.1003757,127.4954712,33.0,농산물+가공식품,1992.0,041-751-2089,,,,,
MKT000520,금산인삼쇼핑센타,상설장,충청남도 금산군 금산읍 인삼광장로 47,충청남도 금산군 금산읍 중도리 7-1,매일,36.1015148,127.4989542,55.0,농산물,1993.0,,,,,,
MKT000521,반송골목시장,상설장,부산광역시 해운대구 아랫반송로39번길 18-3,부산광역시 해운대구 반송동 250-371,매일,35.22428809,129.1503299,61.0,농산물+축산물+수산물+가공식품+의류+신발+가정용품+음식점,1974.0,,,,,,
MKT000522,반송큰시장(반송2동시장),상설장,부산광역시 해운대구 윗반송로51번길 86,부산광역시 해운대구 반송동 40-762,매일,35.23111721,129.1562096,170.0,농산물+축산물+수산물+가공식품+의류+신발+가정용품+음식점,1970.0,051-544-9005,,,,,
MKT000523,부산데파트,상설장,부산광역시 중구 중앙대로 2,부산광역시 중구 중앙동7가 20-1,매일,35.0983104,129.0367073,93.0,가공식품+근린생활서비스,1969.0,051-246-0131,,,,,
MKT000524,영주시장,상설장,부산광역시 중구 대영로242번길 3,부산광역시 중구 영주동 601,매일,35.1116817,129.0373691,41.0,가공식품+음식점,1973.0,,,,,,
MKT000525,새영주시장,상설장,부산광역시 중구 초량중로 6,부산광역시 중구 영주동 20-16,매일,35.11270202,129.0363088,56.0,농산물+축산물+수산물+가공식품+의류+신발+가정용품+음식점,1950.0,,,,,,
MKT000526,만물의거리시장,상설장,부산광역시 중구 국제시장 2길 24-1,부산광역시 중구 신창동4가 10-5,매일,35.10148415,129.0285512,80.0,의류+신발+가정용품+근린생활서비스,1960.0,051-256-3156,,,,,
MKT000527,신창상가,상설장,부산광역시 중구 중구로34번길 21-1,부산광역시 중구 신창동1가 19-2,매일,35.10117719,129.0302005,214.0,의류+음식점,1954.0,051-246-0457,,,,,
MKT000528,아리랑거리,상설장,부산광역시 중구 중구로30번길 12,부산광역시 중구 신창동3가 17-1,매일,35.10045891,129.0289644,76.0,의류+신발+가정용품+음식점+근린생활서비스,2002.0,,,,,,
MKT000529,국제시장,상설장,"부산광역시 중구 중구로 42, 3층",부산광역시 중구 신창동4가 40-5,매일,35.10153726,129.02807,690.0,의류+신발+가정용품,1948.0,051-245-7389,,,,,
MKT000530,월드밸리,상설장,부산광역시 중구 대청로 60,부산광역시 중구 부평동2가 2,매일,35.10280033,129.0263688,307.0,의류+근린생활서비스,1995.0,051-256-7751,,,,,
MKT000531,부평깡통시장,상설장,부산광역시 중구 부평1길 39,부산광역시 중구 부평동2가 68-9,매일,35.10128805,129.0257282,335.0,농산물+축산물+수산물+가공식품+의류+신발+가정용품+음식점,1910.0,051-243-1128,,,,,
MKT000532,창선상가,상설장,부산광역시 중구 중구로 45,부산광역시 중구 부평동1가 13-6,매일,35.10193912,129.027751,141.0,가정용품+근린생활서비스,1948.0,051-246-9565,,,,,
MKT000533,보수종합시장,상설장,부산광역시 중구 보수대로 94,부산광역시 중구 보수동3가 46-1,매일,35.10421143,129.0218183,51.0,농산물+가공식품+음식점+근린생활서비스,1978.0,051-255-3601,,,,,
MKT000534,신천지시장,상설장,부산광역시 중구 자갈치로 33,부산광역시 중구 남포동6가 3,매일,35.09704464,129.0278162,151.0,의류+신발+가정용품+음식점,1980.0,051-246-1012,,,,,
MKT000535,신동아수산물종합시장,상설장,부산광역시 중구 자갈치로 42,부산광역시 중구 남포동5가 92,매일,35.09671506,129.0286633,520.0,수산물+음식점,1986.0,051-246-7500,,,,,
MKT000536,부산자갈밭시장,상설장,부산광역시 중구 자갈치해안로 52,부산광역시 중구 남포동4가 37-1,매일,35.09662907,129.030569,63.0,수산물+음식점,1970.0,051-231-2263,,,,,
MKT000537,시화유통상가,상설장,경기도 시흥시 공단1대로 244,경기도 시흥시 정왕동 1367-1,매일,37.33533243,126.7284453,1804.0,음식점+근린생활서비스,2022.0,,,,,,
MKT000538,남포동건어물도매시장,상설장,부산광역시 중구 용미길10번길 1,부산광역시 중구 남포동1가 62-1,매일,35.09683884,129.034719,122.0,가공식품,1934.0,051-254-3311,,,,,
MKT000539,청학시장,상설장,부산광역시 영도구 태종로 316번길 1,부산광역시 영도구 청학동 297-1,매일,35.09660365,129.0603377,80.0,농산물+축산물+수산물+가공식품+가정용품+음식점,1970.0,051-415-1053,,,,,
MKT000540,남항시장,상설장,부산광역시 영도구 절영로 49번길 73-5,부산광역시 영도구 영선동2가 64-6,매일,35.08890779,129.0422624,235.0,농산물+축산물+수산물+가공식품+의류+신발+가정용품+음식점,1960.0,051-414-9500,,,,,
MKT000541,영도봉래시장,상설장,부산광역시 영도구 태종로105번길 36,부산광역시 영도구 봉래동3가 13-2,매일,35.09272066,129.0432785,126.0,농산물+축산물+수산물+가공식품+의류+신발+가정용품+음식점,1970.0,051-413-3111,,,,,
MKT000542,연일시장,상설장,부산광역시 연제구 고분로 24,부산광역시 연제구 연산동 636-28,매일,35.18557048,129.0848866,38.0,농산물+가공식품+의류+가정용품+음식점+근린생활서비스,1978.0,051-863-5550,,,,,
MKT000543,연미새시장,상설장,부산광역시 기장군 기장읍 배산로 22,부산광역시 기장군 기장읍 서부리 372,매일,35.25220927,129.2088393,28.0,농산물+축산물+수산물+가공식품+의류+신발+가정용품+음식점+근린생활서비스,1977.0,,,,,,
MKT000544,영남종합시장,상설장,부산광역시 연제구 중앙대로 1031,부산광역시 연제구 연산동 1364-2,매일,35.18077628,129.077026,28.0,가공식품+음식점+근린생활서비스,1978.0,051-852-0049,,,,,
MKT000545,거제시장,상설장,부산광역시 연제구 거제시장로14번길28,부산광역시 연제구 거제동 486-1,매일,35.18193157,129.0727929,74.0,농산물+축산물+수산물+가공식품+의류+신발+가정용품+음식점+근린생활서비스,1970.0,051-852-6134,,,,,
MKT000546,수영팔도시장,상설장,부산광역시 수영구 수영로725번길 36,부산광역시 수영구 수영동 305-3,매일,35.16877627,129.116898,133.0,농산물+축산물+수산물+가공식품,1981.0,051-751-8585,,,,,
MKT000547,민락씨랜드시장,상설장,부산광역시 수영구 광안해변로 299,부산광역시 수영구 민락동 181-228,매일,35.15697591,129.1263963,54.0,수산물,1998.0,,,,,,
MKT000548,민락골목시장,상설장,부산광역시 수영구 광안해변로277번길 28-8,부산광역시 수영구 민락동 190-1,매일,35.15711176,129.1244534,76.0,농산물+축산물+수산물+가공식품+의류+신발+음식점,1983.0,051-751-5264,,,,,
MKT000549,방신전통시장,상설장,서울특별시 강서구 방화동로16길32,서울특별시 강서구 방화동 579-1,매일,37.5715067,126.812647,94.0,농산물+축산물+수산물+가공식품+의류+신발+가정용품+음식점,1980.0,02-666-4080,,,,,
MKT000550,등마루시장,상설장,서울특별시 강서구 화곡로68길 120,서울특별시 강서구 등촌동 637-10,매일,37.55666129,126.8602626,60.0,농산물+축산물+수산물+가공식품+가정용품+음식점,1980.0,,,,,,
MKT000551,장미원골목시장,상설장,서울특별시 강북구 삼양로 469,서울특별시 강북구 수유동 319-5,매일,37.64512114,127.015478,98.0,농산물,2015.0,,,,,,
MKT000552,우이시장,상설장,서울특별시 강북구 노해로 23길 68,서울특별시 강북구 수유동 270-185,매일,37.64603946,127.020022,12.0,농산물,1962.0,,,,,,
MKT000553,수유중앙시장,상설장,서울특별시 강북구 노해로17길 21,서울특별시 강북구 수유동 32-2,매일,37.64033603,127.0211761,39.0,농산물+가공식품,1971.0,,,,,,
MKT000554,수유프라자,상설장,서울특별시 강북구 도봉로 261,서울특별시 강북구 수유동 63,매일,37.63169515,127.0234508,65.0,가정용품,1998.0,,,,,,
MKT000555,수유전통시장(수유골목시장),상설장,서울특별시 강북구 도봉로67길 18,서울특별시 강북구 수유동 54-5,매일,37.63073125,127.0226688,90.0,농산물,2003.0,02-989-4730,,,,,
MKT000556,백년시장(강북종합시장과별개의시장) 구 강북종합전통시장,상설장,서울특별시 강북구 한천로144길 12,서울특별시 강북구 수유동 177-7,매일,37.64155145,127.0257426,84.0,농산물,,02-2081-7282,,,,,
MKT000557,수유재래시장,상설장,서울특별시 강북구 도봉로71길 26,서울특별시 강북구 수유동 50-77,매일,37.63153319,127.0223292,106.0,농산물,1966.0,,,,,,
MKT000558,수유시장,상설장,서울특별시 강북구 도봉로67길 18,서울특별시 강북구 수유동 54-5,매일,37.63073125,127.0226688,66.0,의류,1966.0,,,,,,
MKT000559,고분다리전통시장,상설장,서울특별시 강동구 구천면로34길 13,서울특별시 강동구 천호동 393-32,매일,37.54248857,127.1319259,104.0,농산물+축산물+수산물+가공식품+의류+신발+가정용품+음식점,2011.0,02-6227-0045,,,,,
MKT000560,광탄시장,상설장+3일장,경기도 파주시 광탄면 혜음로 1114,경기도 파주시 광탄면 신산리 222-7,3일+8일,37.78145915,126.8484774,118.0,농산물+축산물+수산물+가공식품+의류+신발+가정용품+음식점,2005.0,,,,,,
MKT000561,성내전통시장,상설장,서울특별시 강동구 천호대로162길 61,서울특별시 강동구 성내동 144-12,매일,37.53416778,127.1278835,74.0,농산물+축산물+수산물+가공식품+의류+신발+가정용품+음식점+근린생활서비스,2011.0,02-475-8272,,,,,
MKT000562,양평물맑은시장,상설장+3일장,경기도 양평군 양평읍 양평장터길 15,경기도 양평군 양평읍 양근리 166-8,3일+8일,37.49093506,127.4925686,548.0,농산물+축산물+수산물+가공식품+의류+신발+가정용품+음식점,1970.0,031-771-2080,,,,,
MKT000563,명일전통시장,상설장,서울특별시 강동구 양재대로138길 20,서울특별시 강동구 명일동 333-2,매일,37.54952811,127.1449523,50.0,농산물+축산물+수산물+가공식품+의류+신발+가정용품+음식점,1975.0,02-475-7095,,,,,
MKT000564,길동복조리시장,상설장,서울특별시 강동구 천중로52길 37,서울특별시 강동구 길동 360-4,매일,37.53907794,127.1438005,163.0,농산물+축산물+수산물+가공식품+의류+신발+가정용품+음식점,1980.0,070-4896-2544,,,,,
MKT000565,청담삼익시장,상설장,서울특별시 강남구 학동로 101길 26,서울특별시 강남구 청담동 134-20,매일,37.52244687,127.0576251,177.0,농산물+축산물+가공식품+의류+신발+음식점,1980.0,,,,,,
MKT000566,신사상가,상설장,서울특별시 강남구 압구정로29길 72-1,서울특별시 강남구 압구정동 454,매일,37.53228744,127.028409,84.0,농산물+축산물+수산물+가공식품+신발+가정용품+음식점,1976.0,,,,,,
MKT000567,강남시장,상설장,서울특별시 강남구 압구정로 2길 46,서울특별시 강남구 신사동 510-11,매일,37.51876501,127.020678,72.0,축산물+수산물+음식점,1974.0,02-542-1754,,,,,
MKT000568,박달시장,상설장,경기도 안양시 만안구 양화로 132-3,경기도 안양시 만안구 박달동 21-8,매일,37.40464613,126.9096092,127.0,농산물+축산물+가공식품+음식점,2005.0,031-469-2660,,,,,
MKT000569,좌동재래시장,상설장,부산광역시 해운대구 좌동로91번길 20,부산광역시 해운대구 좌동 892,매일,35.17302767,129.1744727,93.0,농산물+가공식품+의류+가정용품+음식점,2005.0,,,,,,
MKT000570,재송한마음시장,상설장,부산광역시 해운대구 재반로 81-20,부산광역시 해운대구 재송동 1089-18,매일,35.18607852,129.1246024,67.0,농산물+축산물+수산물+가공식품+의류+신발+가정용품+음식점,2013.0,,,,,,
MKT000571,재송시장,상설장,부산광역시 해운대구 재송1로60번길 16,부산광역시 해운대구 재송동 1080-5,매일,35.18658147,129.1236715,68.0,농산물+축산물+수산물+가공식품+의류+신발+가정용품+음식점,1982.0,,,,,,
MKT000572,신안코아전통시장,상설장,경기도 안산시 상록구 석호로 315,경기도 안산시 상록구 본오동 871,매일,37.29374218,126.8659834,166.0,농산물+축산물+수산물+가공식품+의류+신발+가정용품+음식점,1993.0,031-406-2105,,,,,
MKT000573,반여3동골목시장,상설장,부산광역시 해운대구 재반로256번길 8,부산광역시 해운대구 반여동 1607-2,매일,35.19994225,129.1320557,43.0,농산물+축산물+수산물+가공식품+의류+신발+가정용품+음식점,1975.0,051-741-4170,,,,,
MKT000574,반여2동상가시장,상설장,부산광역시 해운대구 해운대로61번길 95-83,부산광역시 해운대구 반여동 1291-1425,매일,35.19602122,129.129044,75.0,농산물+축산물+수산물+가공식품+의류+신발+가정용품+음식점,2010.0,,,,,,
MKT000575,반여시장,상설장,부산광역시 해운대구 재반로226번길 48,부산광역시 해운대구 반여동 1291-2,매일,35.19770132,129.1334243,142.0,농산물+축산물+수산물+가공식품+의류+신발+가정용품+음식점,1979.0,,,,,,
MKT000576,중곡제일시장(이오상사),상설장,서울특별시 광진구 긴고랑로11길 11,서울특별시 광진구 중곡동 229-5,매일,37.56391495,127.0813016,137.0,농산물+축산물+수산물+가공식품+의류+신발+가정용품+음식점,1971.0,02-466-5003,,,,,
MKT000577,신성종합시장(건물형),상설장,서울특별시 광진구 용마산로 50,서울특별시 광진구 중곡동 79-7,매일,37.55808066,127.088052,22.0,농산물+축산물+수산물+가공식품+의류+신발+가정용품+음식점,1977.0,,,,,,
MKT000578,광성시장,상설장,서울특별시 광진구 능동로 47길 30,서울특별시 광진구 중곡동 229-15,매일,37.56358171,127.0811202,23.0,농산물+축산물+수산물+가공식품+의류+신발+가정용품+음식점,1980.0,02-466-5003,,,,,
MKT000579,능동로골목시장,상설장,서울특별시 광진구 뚝섬로 30길 23,서울특별시 광진구 자양동 553-219,매일,37.53517325,127.0666976,74.0,농산물+축산물+수산물+가공식품+의류+신발+가정용품+음식점,1973.0,,,,,,
MKT000580,조양시장(건물형),상설장,서울특별시 광진구 아차산로 30길 39,서울특별시 광진구 자양동 6-20,매일,37.53899664,127.0674931,21.0,농산물+축산물+수산물+가공식품+의류+신발+가정용품+음식점,1970.0,02-463-5611,,,,,
MKT000581,노룬산시장(건물형),상설장,서울특별시 광진구 뚝섬로 491,서울특별시 광진구 자양동 44-2,매일,37.5364717,127.0648885,43.0,농산물+축산물+수산물+가공식품+의류+신발+가정용품+음식점,1970.0,,,,,,
MKT000582,사강시장,상설장,경기도 화성시 송산면 사강로 183-1,경기도 화성시 송산면 사강리 662-2,2일+7일,37.21330187,126.7360034,341.0,농산물+축산물+수산물+가공식품+의류+신발+가정용품+음식점+근린생활서비스,1921.0,031-357-6037,,,,,
MKT000583,신림중앙시장,상설장,서울특별시 관악구 조원로16길 27,서울특별시 관악구 신림동 541,매일,37.48314387,126.9114142,49.0,농산물+축산물+수산물+가공식품+의류+신발+가정용품+음식점,1978.0,02-853-7471,,,,,
MKT000584,원당종합시장,상설장,서울특별시 관악구 남부순환로248길 35,서울특별시 관악구 봉천동 1638-20,매일,37.47441435,126.9659151,17.0,농산물+축산물+수산물+가공식품+의류+신발+음식점,1980.0,02-888-0930,,,,,
MKT000585,신원시장,상설장,서울특별시 관악구 신원로3길 20-3,서울특별시 관악구 신림동 1599-3,매일,37.48206454,126.9273799,118.0,농산물+축산물+수산물+가공식품+신발+가정용품+음식점,1980.0,02-854-5483,,,,,
MKT000586,신림현대종합상가,상설장,서울특별시 관악구 신림로 29길 3-20,서울특별시 관악구 신림동 1694,매일,37.47462597,126.9338049,99.0,농산물+가공식품+의류+음식점,1993.0,,,,,,
MKT000587,우림시장,상설장,서울특별시 관악구 난곡로 26길 19,서울특별시 관악구 신림동 638-50,매일,37.47042842,126.9210041,16.0,농산물+축산물+수산물+가공식품+의류+가정용품+음식점,1977.0,02-853-1866,,,,,
MKT000588,덕풍전통시장,상설장+4일장,경기도 하남시 수리북로 22,경기도 하남시 덕풍동 328-12,4일+9일,37.54154098,127.202916,140.0,농산물+축산물+수산물+가공식품+의류+신발+가정용품+음식점,1980.0,031-794-3753,,,,,
MKT000589,관악신사시장,상설장,서울특별시 관악구 관천로19길 89,서울특별시 관악구 신림동 494-34,매일,37.48678805,126.9170747,100.0,농산물+축산물+수산물+가공식품+의류+신발+가정용품+음식점,1977.0,02-855-1994,http://kwanaksinsa.alltheway.kr/,,,,
MKT000590,관악종합시장,상설장,서울특별시 관악구 신원로 23,서울특별시 관악구 신림동 1602-1,매일,37.4815694,126.9280588,54.0,농산물+축산물+수산물+가공식품+가정용품+음식점,1969.0,,,,,,
MKT000591,적성전통시장,상설장+5일장,경기도 파주시 적성면 청송로 1023,경기도 파주시 적성면 마지리 46-8,5일+10일,37.95460991,126.9186679,82.0,농산물+축산물+수산물+가공식품+의류+신발+가정용품+음식점,2013.0,031-958-8662,,,,,
MKT000592,봉천중앙시장,상설장,서울특별시 관악구 관악로 211,서울특별시 관악구 봉천동 32-2,매일,37.48419585,126.954344,24.0,농산물+축산물+수산물+가공식품+가정용품+음식점,1969.0,,,,,,
MKT000593,인헌시장,상설장,서울특별시 관악구 남부순환로246나길 14,서울특별시 관악구 봉천동 1636-4,매일,37.47486452,126.9647731,54.0,농산물+축산물+수산물+가공식품+의류+신발+가정용품+음식점,1980.0,02-877-2665,,,,,
MKT000594,봉일시장,상설장,서울특별시 관악구 은천로 28,서울특별시 관악구 봉천동 951-25,매일,37.48590008,126.9383891,27.0,농산물+축산물+수산물+가공식품+의류+가정용품+음식점,1971.0,,,,,,
MKT000595,문산자유시장,상설장+4일장,경기도 파주시 문산읍 문향로 57,경기도 파주시 문산읍 문산리 10-23,4일+9일,37.85673243,126.7839395,113.0,농산물+축산물+수산물+가공식품+의류+신발+가정용품+음식점,2005.0,031-952-3233,,,,,
MKT000596,화곡중앙시장,상설장,서울특별시 강서구 월정로 30길 66,서울특별시 강서구 화곡동 362-144,매일,37.53488481,126.8395077,59.0,농산물+축산물+수산물+가공식품+의류+신발+가정용품+음식점,1979.0,,,,,,
MKT000597,신월중앙시장,상설장,서울특별시 강서구 강서로 5나길 109,서울특별시 강서구 화곡동 929-1,매일,37.52796836,126.8419096,22.0,축산물+수산물+가공식품+음식점,1978.0,,,,,,
MKT000598,남부골목시장,상설장,서울특별시 강서구 등촌로5길 62-4,서울특별시 강서구 화곡동 801-9,매일,37.53318098,126.8600236,148.0,농산물+축산물+수산물+가공식품+의류+신발+가정용품+음식점,1970.0,,,,,,
MKT000599,남부화곡시장,상설장,서울특별시 강서구 등촌로5길 80,서울특별시 강서구 화곡동 830-1,매일,37.53307159,126.858949,20.0,수산물+가공식품+의류+가정용품+음식점,1978.0,,,,,,
MKT000600,까치산시장,상설장,서울특별시 강서구 강서로 12길 14,서울특별시 강서구 화곡동 342-16,매일,37.53152613,126.8478644,138.0,농산물+축산물+수산물+의류+신발+가정용품+음식점,1970.0,02-2606-4500,,,,,
MKT000601,대원종합시장,상설장,서울특별시 강서구 화곡로21길 78(건물형),서울특별시 강서구 화곡동 1023,매일,37.54448531,126.8364885,30.0,농산물+축산물+수산물+가공식품+의류+신발+가정용품+음식점,1978.0,,,,,,
MKT000602,구미새마을중앙시장,상설장,경상북도 구미시 구미중앙로9길 11,경상북도 구미시 원평동 117-20,1일+6일,36.13085045,128.3297934,96.0,농산물+축산물+수산물+가공식품+의류+신발+가정용품+음식점,1975.0,054-452-3611,,,,,
MKT000603,답십리시장,상설장,서울특별시 동대문구 답십리로51길 4-1,서울특별시 동대문구 답십리동 66-17,매일,37.57315455,127.0586943,79.0,농산물+축산물+수산물+가공식품+의류+신발+가정용품+음식점,1970.0,02-2216-9888,,,,,
MKT000604,창동골목시장,상설장,서울특별시 도봉구 덕릉로58길 16,서울특별시 도봉구 창동 557-45,매일,37.63840333,127.0391448,59.0,농산물+축산물+수산물+가공식품+의류+신발+가정용품+음식점,1970.0,02-900-4900,,,,,
MKT000605,창동신창시장,상설장,서울특별시 도봉구 덕릉로 57길 17,서울특별시 도봉구 창동 578-47,매일,37.639431,127.0374459,76.0,농산물+축산물+수산물+가공식품+의류+신발+가정용품+음식점,1978.0,02-990-0400,,,,,
MKT000606,백운시장,상설장,서울특별시 도봉구 삼양로154길 30,서울특별시 도봉구 쌍문동 495-80,매일,37.65549577,127.0148796,64.0,농산물+축산물+수산물+가공식품+의류+신발+가정용품+음식점,1970.0,02-903-1588,https://blog.naver.com/bw_market,,,,
MKT000607,쌍문시장,상설장,서울특별시 도봉구 도봉로113길 20,서울특별시 도봉구 쌍문동 94-29,매일,37.6483701,127.0329744,68.0,농산물+축산물+수산물+가공식품+의류+신발+가정용품+음식점,1983.0,,,,,,
MKT000608,방학동도깨비시장,상설장,서울특별시 도봉구 도당로13가길 17,서울특별시 도봉구 방학동 633-15,매일,37.6659383,127.0362011,88.0,농산물+축산물+수산물+가공식품+의류+신발+가정용품+음식점,1982.0,02-954-1225,,,,,
MKT000609,신도봉시장,상설장,서울특별시 도봉구 도당로19길 68,서울특별시 도봉구 도봉동 610-15,매일,37.67001862,127.0397055,160.0,농산물+축산물+수산물+가공식품+의류+신발+가정용품+음식점,1974.0,,,,,,
MKT000610,신평전통시장,상설장,경상북도 구미시 칠성로6길 48,경상북도 구미시 신평동 150-4,매일,36.12315363,128.361175,65.0,농산물+축산물+수산물+가공식품+의류+가정용품+음식점+근린생활서비스,2015.0,,,,,,
MKT000611,경산공설시장,상설장+5일장,경상북도 경산시 경안로31길 19,경상북도 경산시 서상동 10,5일+10일,35.82052133,128.735749,187.0,농산물+축산물+수산물+가공식품+의류+신발+음식점,1956.0,053-816-9933,https://gyeongsan.wizweb.kr,,,,
MKT000612,대명여울빛거리시장,상설장,서울특별시 금천구 시흥대로 212,서울특별시 금천구 시흥동 889-13,매일,37.45277209,126.9016513,229.0,농산물+축산물+수산물+가공식품+의류+신발+가정용품+음식점,1977.0,02-808-0811,,,,,
MKT000613,장유전통시장(장유중앙시장),상설장+3일장,경상남도 김해시 장유로 287-22,경상남도 김해시 무계동 189-3,3일+8일,35.20056341,128.8148125,98.0,농산물+축산물+수산물+가공식품+의류+신발+가정용품+음식점,1960.0,055-312-3830,,,,,
MKT000614,비단길현대시장,상설장,서울특별시 금천구 독산로 27길 52,서울특별시 금천구 시흥동 848-31,매일,37.45772129,126.9048774,195.0,농산물+축산물+수산물+가공식품+의류+신발+가정용품+음식점+근린생활서비스,2007.0,02-802-7720,,,,,
MKT000615,별빛남문시장,상설장,서울특별시 금천구 시흥대로 144길 17,서울특별시 금천구 독산동 984-10,매일,37.47374661,126.9004255,114.0,농산물+축산물+수산물+가공식품+의류+신발+가정용품+음식점,1970.0,02-868-9727,,,,,
MKT000616,구로시장,상설장,서울특별시 구로구 구로동로22길 17-4,서울특별시 구로구 구로동 734-17,매일,37.48963599,126.8856144,154.0,농산물+의류+근린생활서비스,1962.0,02-868-1452,,,,,
MKT000617,남구로시장,상설장,서울특별시 구로구 구로동로26길 41,서울특별시 구로구 구로동 730-52,매일,37.49020442,126.8864389,184.0,농산물+축산물+가공식품,1970.0,02-855-8509,,,,,
MKT000618,고척골목시장상점가,상설장,서울특별시 구로구 중앙로10길 8,서울특별시 구로구 고척동 51-10,매일,37.50336999,126.862737,69.0,농산물+축산물,1980.0,,,,,,
MKT000619,고척근린시장,상설장,서울특별시 구로구 고척로 40길 19,서울특별시 구로구 고척동 269-1,매일,37.50195711,126.8511138,68.0,농산물+가공식품,1990.0,02-2060-7504,,,,,
MKT000620,가리봉시장,상설장,서울특별시 구로구 우마3길 15,서울특별시 구로구 가리봉동 123-62,매일,37.48167439,126.8890749,65.0,농산물+축산물+수산물+가공식품+의류+신발+가정용품+음식점,1970.0,02-830-4240,,,,,
MKT000621,신성골목시장,상설장,서울특별시 광진구 영화사로 16,서울특별시 광진구 중곡동 79-12,매일,37.55776458,127.0890249,19.0,농산물+축산물+수산물+가공식품+의류+신발+가정용품+음식점,1972.0,,,,,,
MKT000622,화양제일골목시장,상설장,서울특별시 광진구 아차산로29길 59,서울특별시 광진구 화양동 34-72,매일,37.54348798,127.0692963,81.0,농산물+축산물+수산물+가공식품+의류+신발+가정용품+음식점,1980.0,,,,,,
MKT000623,중곡제일전통시장(중곡제일시장),상설장,서울특별시 광진구 긴고랑로11길 14,서울특별시 광진구 중곡동 221-6,매일,37.56387861,127.081743,228.0,농산물+축산물+수산물+가공식품+의류+신발+가정용품+음식점,1970.0,02-466-5003,,,,,
MKT000624,자양전통시장,상설장,서울특별시 광진구 뚝섬로47길 45-2,서울특별시 광진구 자양동 613-11,매일,37.53438165,127.0791991,126.0,농산물+축산물+수산물+가공식품+의류+신발+가정용품+음식점,1972.0,02-458-1624,,,,,
MKT000625,영동교골목시장,상설장,서울특별시 광진구 동일로10길 47,서울특별시 광진구 자양동 40-38,매일,37.53751723,127.0642105,57.0,농산물+축산물+수산물+가공식품+의류+신발+가정용품+음식점,1970.0,,,,,,
MKT000626,노룬산골목시장,상설장,서울특별시 광진구 뚝섬로25길 6,서울특별시 광진구 자양동 553-60,매일,37.53636333,127.065341,34.0,농산물+축산물+수산물+가공식품+의류+신발+가정용품+음식점,1970.0,,,,,,
MKT000627,한아름시장,상설장,서울특별시 광진구 능동로13길 39,서울특별시 광진구 화양동 10-1,매일,37.54396524,127.0697607,32.0,농산물+축산물+수산물+가공식품+의류+신발+가정용품+음식점,1980.0,02-465-7965,,,,,
MKT000628,연희사러가,상설장,서울특별시 서대문구 연희맛로 23,서울특별시 서대문구 연희동 131-1,매일,37.56714756,126.9296631,28.0,농산물+축산물+수산물+가공식품+의류+신발+가정용품+음식점,1971.0,,,,,,
MKT000629,안동구시장,상설장,경상북도 안동시 번영1길 55,경상북도 안동시 서부동 181-1,매일,36.56583641,128.7278869,269.0,농산물+축산물+수산물+가공식품+의류+신발+가정용품+음식점,1946.0,054-858-9002,,,,,
MKT000630,아현시장,상설장,서울특별시 마포구 굴레방로7길 8,서울특별시 마포구 아현동 327-40,매일,37.55640684,126.9550922,148.0,농산물+축산물+수산물+가공식품+가정용품+음식점,2013.0,02-364-3600,,,,,
MKT000631,마포농수산물시장,상설장,서울특별시 마포구 월드컵로 235,서울특별시 마포구 성산동 533-1,매일,37.56519673,126.8984816,139.0,농산물+축산물+수산물+가공식품,1998.0,02-300-5072,,,,,
MKT000632,형곡중앙시장,상설장,경상북도 구미시 형곡로 186,경상북도 구미시 형곡동 321,매일,36.10639921,128.336566,77.0,농산물+축산물+수산물+가공식품+의류+가정용품+음식점+근린생활서비스,1993.0,054-456-3580,,,,,
MKT000633,망원동월드컵시장,상설장,서울특별시 마포구 망원로7길 31,서울특별시 마포구 망원동 424-7,매일,37.55873145,126.9050809,41.0,농산물+축산물+수산물+가공식품+가정용품+음식점,2006.0,02-332-6656,,,,,
MKT000634,마포시장,상설장,서울특별시 마포구 마포대로6길 26-1,서울특별시 마포구 공덕동 256-5,매일,37.54514325,126.9538313,100.0,농산물+수산물+가공식품+가정용품+음식점,1977.0,02-719-5060,,,,,
MKT000635,공덕시장,상설장,서울특별시 마포구 만리재로 19,서울특별시 마포구 공덕동 256-10,매일,37.54478749,126.9532661,35.0,가공식품+신발+음식점,1974.0,02-719-5060,,,,,
MKT000636,성대전통시장,상설장,서울특별시 동작구 국사봉1길 41,서울특별시 동작구 상도동 324-68,매일,37.4992128,126.9308577,104.0,농산물+축산물+수산물,1979.0,02-822-4456,,,,,
MKT000637,성대시장,상설장,서울특별시 동작구 상도로102,서울특별시 동작구 상도동 320-21,매일,37.499747,126.9319148,47.0,의류+가정용품,,,,,,,
MKT000638,상도전통시장,상설장,서울특별시 동작구 상도로 37길 62,서울특별시 동작구 상도동 467-2,매일,37.49874579,126.9521073,73.0,농산물+축산물,1970.0,02-824-3747,,,,,
MKT000639,남성역골목시장,상설장,서울특별시 동작구 사당로 16가길 19,서울특별시 동작구 사당동 267-4,매일,37.48297561,126.9723106,66.0,농산물+축산물+수산물,1960.0,070-4015-8396,,,,,
MKT000640,구미산업유통단지,상설장,경상북도 구미시 3공단1로 302-7,경상북도 구미시 임수동 92-9,매일,36.10987904,128.4026465,736.0,음식점+근린생활서비스,1995.0,054-473-8089,www.kumitool.co.kr,,,,
MKT000641,회기시장,상설장,서울특별시 동대문구 회기로25길 11,서울특별시 동대문구 회기동 57-22,매일,37.59096898,127.0549831,65.0,농산물+가공식품+의류+신발+가정용품+음식점,1980.0,,,,,,
MKT000642,청량리전통시장,상설장,서울특별시 동대문구 경동시장로2길 49-3,서울특별시 동대문구 청량리동 773,매일,37.58061231,127.043609,66.0,농산물+축산물+수산물+가공식품+의류+신발+가정용품+음식점,2003.0,02-2295-4555,,,,,
MKT000643,청량리농수산물시장,상설장,서울특별시 동대문구 경동시장로 22,서울특별시 동대문구 제기동 629-2,매일,37.58091962,127.0408808,123.0,농산물+수산물,1970.0,02-963-3214,,,,,
MKT000644,청량리청과물시장,상설장,서울특별시 동대문구 왕산로33길 16,서울특별시 동대문구 제기동 635-12,매일,37.58021633,127.0424243,154.0,농산물+수산물+가공식품+음식점,1960.0,070-7722-1650,,,,,
MKT000645,청량리종합시장,상설장,서울특별시 동대문구 홍릉로 1길 68-3,서울특별시 동대문구 제기동 647-11,매일,37.58015373,127.0410276,154.0,농산물+축산물+수산물+가공식품+의류+신발+가정용품+음식점,1960.0,02-962-7100,,,,,
MKT000646,청량종합도매시장(깡통시장),상설장,서울특별시 동대문구 경동시장로30-7,서울특별시 동대문구 제기동 620-44,매일,37.58194677,127.0408474,45.0,가공식품,1993.0,02-966-4978,,,,,
MKT000647,동서시장,상설장,서울특별시 동대문구 왕산로33길 13,서울특별시 동대문구 제기동 650,매일,37.57972118,127.0412198,52.0,농산물,1972.0,,,,,,
MKT000648,경동시장,상설장,서울특별시 동대문구 고산자로36길 3,서울특별시 동대문구 제기동 1019,매일,37.57903713,127.0391477,682.0,농산물+축산물+수산물+가공식품+의류+가정용품+음식점,1960.0,02-969-7218,,,,,
MKT000649,경동광성상가,상설장,서울특별시 동대문구 고산자로38길 5,서울특별시 동대문구 제기동 1028,매일,37.5801094,127.0388992,88.0,농산물+축산물+수산물+가공식품,1960.0,,,,,,
MKT000650,서울약령시장,상설장,서울특별시 동대문구 약령중앙로26,서울특별시 동대문구 제기동 1082,매일,37.58060041,127.0375866,976.0,농산물+가공식품,1960.0,02-969-4793,,,,,
MKT000651,전농로터리시장,상설장,서울특별시 동대문구 전농로 15길 7,서울특별시 동대문구 전농동 295-52,매일,37.57814687,127.057034,100.0,농산물+축산물+수산물+가공식품+의류+신발+가정용품+음식점,1974.0,02-2217-1231,,,,,
MKT000652,전곡시장,상설장,서울특별시 동대문구 한천로 190,서울특별시 동대문구 장안동 108-5,매일,37.57789747,127.0684698,23.0,농산물+축산물+수산물+가공식품+의류+신발+가정용품+음식점,1975.0,,,,,,
MKT000653,종합제일시장,상설장,경상북도 구미시 구미중앙로9길 7,경상북도 구미시 원평동 118-31,매일,36.13031135,128.329651,57.0,농산물+축산물+수산물+가공식품+의류+가정용품+음식점,2006.0,,,,,,
MKT000654,답십리건축자재시장,상설장,서울특별시 동대문구 고미술로 49,서울특별시 동대문구 답십리동 530-11,매일,37.56746274,127.053483,117.0,근린생활서비스,2019.0,02-2389-3320,,,,,
MKT000655,신곡종합시장,상설장,서울특별시 양천구 남부순환로79길 37,서울특별시 양천구 신월동 575-17,매일,37.5183654,126.8431968,36.0,농산물+축산물+가공식품+신발,1976.0,,,,,,
MKT000656,우성상가시장,상설장,서울특별시 양천구 지양로 78,서울특별시 양천구 신월동 928-1,매일,37.52266806,126.8335949,11.0,농산물+축산물+수산물+의류+신발,1988.0,,,,,,
MKT000657,목동깨비시장 (목3동시장),상설장,서울특별시 양천구 목동중앙북로6길 5,서울특별시 양천구 목동 617-13,매일,37.54818867,126.8652236,90.0,농산물+축산물+수산물+가공식품+의류+음식점,1970.0,02-2644-3238,,,,,
MKT000658,목2동시장,상설장,서울특별시 양천구 목동중앙북로 16길3,서울특별시 양천구 목동 526,매일,37.54602681,126.8738616,82.0,농산물+축산물+음식점,1970.0,,,,,,
MKT000659,목사랑시장 (목4동시장),상설장,서울특별시 양천구 목동중앙남로7길 8,서울특별시 양천구 목동 726-18,매일,37.53762108,126.8662157,84.0,농산물+축산물+수산물+가공식품+의류+가정용품+음식점,1972.0,02-2647-9191,,,,,
MKT000660,영주소백쇼핑몰,상설장,경상북도 영주시 중앙로 80번길 33-12,경상북도 영주시 하망동 364-30,매일,36.8234917,128.6261751,80.0,가공식품+의류+가정용품,2005.0,054-631-4603,,,,,
MKT000661,새마을시장,상설장,서울특별시 송파구 석촌호수로12길 3-9,서울특별시 송파구 잠실동 210-33,매일,37.50876138,127.0859863,116.0,농산물+축산물+수산물+가공식품+의류+신발+가정용품+음식점,1976.0,02-413-5757,,,,,
MKT000662,석촌시장,상설장,서울특별시 송파구 송파대로37길 52,서울특별시 송파구 석촌동 274-8,매일,37.5001761,127.1065307,72.0,농산물+축산물+의류+음식점,1970.0,02-414-8784,,,,,
MKT000663,방이시장,상설장,서울특별시 송파구 가락로 243,서울특별시 송파구 방이동 124-20,매일,37.50995926,127.1178663,138.0,농산물+축산물+수산물+가공식품+의류+신발+가정용품+음식점,1986.0,02-413-2100,,,,,
MKT000664,마천중앙시장,상설장,서울특별시 송파구 마천로45길 14,서울특별시 송파구 마천동 135-4,매일,37.49720945,127.1501548,141.0,농산물+축산물+수산물+가공식품+의류+신발+가정용품+음식점+근린생활서비스,1968.0,02-448-2808,,,,,
MKT000665,마천시장,상설장,서울특별시 송파구 마천로45길 29,서울특별시 송파구 마천동 140-2,매일,37.49837418,127.1508638,65.0,농산물+축산물+수산물+가공식품+의류+신발+가정용품+음식점,1973.0,02-209-6500,,,,,
MKT000666,정릉시장,상설장,서울특별시 성북구 보국문로11길 18-19 (정릉시장 고객편의시설),서울특별시 성북구 정릉동 397-9,매일,37.60946076,127.0090604,114.0,농산물+축산물+수산물+가공식품,1970.0,070-4126-0098,,,,,
MKT000667,정릉아리랑시장,상설장,서울특별시 성북구 정릉로26가길 32,서울특별시 성북구 정릉동 445-4,매일,37.60281126,127.0112339,52.0,농산물+축산물+수산물+가공식품+음식점,1960.0,,,,,,
MKT000668,장위전통시장,상설장,서울특별시 성북구 장위로38길 46-1,서울특별시 성북구 장위동 68-88,매일,37.61128809,127.051034,61.0,농산물+축산물+수산물+가공식품+신발,1960.0,,,,,,
MKT000669,돌곶이시장(구 석관황금시장),상설장,서울특별시 성북구 한천로73길 22,서울특별시 성북구 석관동 282-8,매일,37.60977806,127.062234,82.0,농산물+축산물+수산물+가공식품+의류+신발+가정용품+음식점,1970.0,070-8952-5598,,,,,
MKT000670,영주중앙시장,상설장,경상북도 영주시 영주로 192번길 10-1,경상북도 영주시 영주동 547,매일,36.82573412,128.6209774,58.0,농산물+축산물+가공식품,2006.0,,,,,,
MKT000671,길음시장,상설장,서울특별시 성북구 동소문로 227,서울특별시 성북구 길음동 535-8,매일,37.60278279,127.0215958,86.0,농산물+축산물+수산물+가공식품+의류,1960.0,02-909-0926,,,,,
MKT000672,용답상가시장,상설장,서울특별시 성동구 용답중앙길 59,서울특별시 성동구 용답동 57-17,매일,37.56417453,127.0525299,167.0,농산물+축산물+수산물+가공식품+의류+신발+가정용품+음식점,2011.0,02-2214-4326,,,,,
MKT000673,뚝도시장,상설장,서울특별시 성동구 성수이로 32-15,서울특별시 성동구 성수동2가 335-16,매일,37.53780127,127.0548196,141.0,농산물+축산물+수산물+가공식품+의류+신발+가정용품+음식점,1962.0,02-464-4426,,,,,
MKT000674,마장축산물시장,상설장,서울특별시 성동구 마장로35길 68,서울특별시 성동구 마장동 439-1,매일,37.57068419,127.0412827,847.0,농산물+축산물+수산물+가공식품+의류+신발+가정용품+음식점,1963.0,02-2281-4446,,,,,
MKT000675,금남시장,상설장,서울특별시 성동구 금호산2길 32,서울특별시 성동구 금호동3가 308,매일,37.54862374,127.02304,116.0,농산물+축산물+수산물+가공식품+의류+신발+가정용품+음식점,1962.0,02-2252-5302,,,,,
MKT000676,양재시장,상설장,서울특별시 서초구 남부순환로356길 15,서울특별시 서초구 양재동 1-7,매일,37.48430625,127.0379675,35.0,축산물+가공식품+의류+신발,1978.0,,,,,,
MKT000677,남부종합시장,상설장,서울특별시 서초구 방배중앙로 27길 17,서울특별시 서초구 방배동 767-1,매일,37.49499219,126.9848583,133.0,농산물+가공식품+가정용품+음식점,1978.0,,,,,,
MKT000678,인왕시장,상설장,서울특별시 서대문구 인왕시장길 36,서울특별시 서대문구 홍제동 298-7,매일,37.59139941,126.9439326,96.0,농산물+축산물+수산물+가공식품+음식점,1972.0,02-388-8989,https://www.instagram.com/inwang_sijang/,,,,
MKT000679,풍기인삼시장,상설장,경상북도 영주시 풍기읍인삼로8,경상북도 영주시 풍기읍 서부리 145-3,매일,36.87302772,128.5236126,49.0,농산물+가공식품,2003.0,054-636-7948,,,,,
MKT000680,유진상가,상설장,서울특별시 서대문구 홍은동 통일로 484,서울특별시 서대문구 홍은동 48-84,매일,37.59159869,126.9429557,61.0,농산물+가공식품+의류+신발+가정용품+음식점+근린생활서비스,1970.0,02-2217-9885,,,,,
MKT000681,풍산공설시장,3일장,경상북도 안동시 풍산읍 하리들길 7-1,경상북도 안동시 풍산읍 하리리 234-6,3일+8일,36.57720568,128.5765756,33.0,농산물+축산물+수산물+가공식품+의류+신발+가정용품+음식점,1917.0,,,,,,
MKT000682,광장시장,상설장,서울특별시 종로구 창경궁로 88,서울특별시 종로구 예지동 2-1,매일,37.57011251,126.9997072,1300.0,농산물+의류+음식점,1905.0,02-2272-0967,,,,,
MKT000683,신설종합시장,상설장,서울특별시 종로구 난계로27길 51,서울특별시 종로구 숭인동 206-9,매일,37.57266283,127.0203419,151.0,근린생활서비스,1971.0,02-2234-7151,,,,,
MKT000684,대림골목시장,상설장,서울특별시 은평구 응암로 12길 8,서울특별시 은평구 응암동 602-1,매일,37.58793463,126.9175061,72.0,농산물+축산물+수산물+가공식품+의류+신발+가정용품+음식점,1979.0,02-2053-3545,,,,,
MKT000685,증산종합시장,상설장,서울특별시 은평구 증산로3길 12,서울특별시 은평구 증산동 184-9,매일,37.58145616,126.9050711,56.0,농산물+축산물+가공식품+의류+신발+가정용품+음식점,1971.0,02-373-5990,,,,,
MKT000686,신응암시장,상설장,서울특별시 은평구 응암로22길3-1,서울특별시 은평구 응암동 427-130,매일,37.59391806,126.9186943,32.0,농산물+축산물+수산물+가공식품+의류+신발+가정용품+음식점,2011.0,02-389-3330,,,,,
MKT000687,대림시장,상설장+5일장,서울특별시 은평구 응암로4길 22,서울특별시 은평구 응암동 754-1,5일+10일,37.58679054,126.9177451,61.0,농산물+축산물+수산물+가공식품+의류+신발+가정용품+음식점,1954.0,,,,,,
MKT000688,청도공설시장,4일장,경상북도 청도군 청도읍 청도시장1길 21,경상북도 청도군 청도읍 고수리 778,4일+9일,35.64393806,128.7460405,115.0,농산물+축산물+수산물+가공식품+의류+신발+가정용품+음식점,1912.0,054-371-0510,,,,,
MKT000689,영주종합시장,상설장,경상북도 영주시 선비로79번길 40-12,경상북도 영주시 휴천동 305,매일,36.81360395,128.6221385,68.0,농산물+축산물+수산물+의류,2006.0,054-633-6181,,,,,
MKT000690,제일시장,상설장,서울특별시 은평구 통일로 731,서울특별시 은평구 대조동 14-1,매일,37.61062032,126.9294636,50.0,의류+신발,1970.0,02-352-1993,,,,,
MKT000691,신영주번개시장,상설장,경상북도 영주시 선비로79번길,,매일,36.812877347235,128.621970231569,37.0,농산물+축산물+수산물+의류,2013.0,054-633-6181,,Kakao_주소검색,경상북도 영주시 선비로79번길,,
MKT000692,후암시장,상설장,서울특별시 용산구 한강대로104길 77,서울특별시 용산구 후암동 103-6,매일,37.55038071,126.9766339,43.0,농산물+축산물+수산물+가공식품+의류+신발+가정용품+음식점,1954.0,02-754-5114,,,,,
MKT000693,이태원시장,상설장,서울특별시 용산구 이태원로14길 6,서울특별시 용산구 이태원동 56-9,매일,37.53382214,126.9900549,100.0,의류,1960.0,,,,,,
MKT000694,이촌종합시장,상설장,서울특별시 용산구 이촌로75길 16-9,서울특별시 용산구 이촌동 301-154,매일,37.52073732,126.9747853,91.0,농산물+축산물+수산물+가공식품+의류+신발+가정용품+음식점,1967.0,,,,,,
MKT000695,신흥시장,상설장,서울특별시 용산구 신흥로 95-9,서울특별시 용산구 용산동2가 1-480,매일,37.54531838,126.9850858,64.0,농산물+축산물+수산물+가공식품+의류+신발+가정용품+음식점,1969.0,02-754-7389,,,,,
MKT000696,만리시장,상설장,서울특별시 용산구 효창원로 270,서울특별시 용산구 서계동 260-1,매일,37.55133241,126.963696,35.0,농산물+축산물+수산물+가공식품+의류+신발+가정용품+음식점,1968.0,,,,,,
MKT000697,보광시장,상설장,서울특별시 용산구 보광로 30,서울특별시 용산구 보광동 260-8,매일,37.52719119,127.0002941,9.0,농산물+축산물+수산물+가공식품+의류+가정용품+음식점,1975.0,,,,,,
MKT000698,영신상가,상설장,서울특별시 영등포구 영등포로 225,서울특별시 영등포구 영등포동5가 18-1,매일,37.51991925,126.9066537,86.0,가공식품+의류+신발+가정용품+음식점+근린생활서비스,1970.0,02-2634-0602,,,,,
MKT000699,삼구시장,상설장,서울특별시 영등포구 영등포로 219,서울특별시 영등포구 영등포동5가 20-62,매일,37.52014379,126.9057597,52.0,의류+신발+음식점+근린생활서비스,1975.0,02-2634-0536,,,,,
MKT000700,동남상가,상설장,서울특별시 영등포구 영등포로 37길4,서울특별시 영등포구 영등포동5가 24,매일,37.52059746,126.9056573,63.0,가공식품+음식점+근린생활서비스,1971.0,02-2635-4846,,,,,
MKT000701,영일시장,상설장,서울특별시 영등포구 문래로30길 27,서울특별시 영등포구 문래동3가 10,매일,37.51613921,126.9007199,117.0,농산물+수산물,1970.0,02-2679-6832,,,,,
MKT000702,대림중앙시장,상설장,서울특별시 영등포구 디지털로53길 25-17,서울특별시 영등포구 대림동 1037-30,매일,37.49190098,126.8995307,93.0,농산물+축산물+가공식품+의류+신발+가정용품+음식점,1970.0,02-833-8113,,,,,
MKT000703,영등포유통상가,상설장,서울특별시 영등포구 영등포로 109,서울특별시 영등포구 당산동2가 30-2,매일,37.52241744,126.8939303,1553.0,근린생활서비스,1985.0,02-2635-7300,,,,,
MKT000704,오목교중앙시장,상설장,서울특별시 양천구 신목로4길 25,서울특별시 양천구 신정동 120-18,매일,37.52026919,126.8757375,62.0,농산물+축산물+수산물+가공식품+의류+신발+가정용품+음식점,,,,,,,
MKT000705,신정제일시장,상설장,서울특별시 양천구 중앙로34길 30,서울특별시 양천구 신정동 1030-6,매일,37.52084193,126.8536894,55.0,농산물+축산물+수산물+가공식품+의류+신발+가정용품+음식점,1974.0,,,,,,
MKT000706,경창시장,상설장,서울특별시 양천구 오목로9길 31,서울특별시 양천구 신월동 447-8,매일,37.52493227,126.8421197,49.0,농산물+축산물+수산물+가공식품+의류+신발+가정용품+음식점,1983.0,02-2060-5980,,,,,
MKT000707,신영시장,상설장,서울특별시 양천구 월정로 161-5,서울특별시 양천구 신월동 114-18,매일,37.53301495,126.836027,108.0,농산물+축산물+수산물+가공식품+의류+신발+가정용품+음식점,1981.0,02-2604-3319,,,,,
MKT000708,신중앙시장,상설장,서울특별시 중구 퇴계로85길 36,서울특별시 중구 황학동 442,매일,37.56738265,127.0197632,90.0,농산물+축산물+수산물+가공식품+의류+신발+가정용품+음식점,1962.0,,,,,,
MKT000709,서울중앙시장,상설장,서울특별시 중구 퇴계로85길 36,서울특별시 중구 황학동 442,매일,37.56738265,127.0197632,65.0,농산물+축산물+수산물+가공식품+가정용품+음식점+근린생활서비스,1962.0,02-2232-9559,,,,,
MKT000710,방산종합시장,상설장,서울특별시 중구 동호로37길 20,서울특별시 중구 주교동 19-1,매일,37.56872723,127.0008037,681.0,가정용품+근린생활서비스,1976.0,02-2268-6691,,,,,
MKT000711,평화시장,상설장,서울특별시 중구 청계천로 274,서울특별시 중구 을지로6가 17-48,매일,37.56942974,127.0080481,2070.0,의류+가정용품,1961.0,02-2279-2193,,,,,
MKT000712,통일상가,상설장,서울특별시 중구 청계천로 260-6,서울특별시 중구 을지로6가 17-11,매일,37.56915955,127.006203,705.0,의류+근린생활서비스,1969.0,02-2269-1969,http://tongil55.com/,,,,
MKT000713,동화상가,상설장,서울특별시 중구 장충단로13길 34,서울특별시 중구 을지로6가 17-415,매일,37.5686099,127.0069161,900.0,의류+음식점,1968.0,,,,,,
MKT000714,중부시장,상설장,서울특별시 중구 을지로36길 35,서울특별시 중구 오장동 139-11,매일,37.56506017,127.0019016,500.0,농산물+수산물+음식점+근린생활서비스,1957.0,02-2267-5617,,,,,
MKT000715,신중부시장,상설장,서울특별시 중구 을지로30길 29,서울특별시 중구 오장동 44-8,매일,37.56554672,126.9994114,213.0,근린생활서비스,2005.0,02-2273-0006,,,,,
MKT000716,Team204,상설장,서울특별시 중구 마장로 30,서울특별시 중구 신당동 204-48,매일,37.56771738,127.0131982,225.0,의류+신발,1996.0,,,,,,
MKT000717,테크노상가,상설장,서울특별시 중구 마장로1가길 17,서울특별시 중구 신당동 213-51,매일,37.56884362,127.0132437,334.0,의류,1996.0,02-2232-4821,,,,,
MKT000718,청평화시장,상설장,서울특별시 중구 청계천로 334,서울특별시 중구 신당동 217-91,매일,37.5694651,127.0149417,1237.0,의류,1983.0,02-2252-8036,,,,,
MKT000719,제일평화시장,상설장,서울특별시 중구 마장로 13,서울특별시 중구 신당동 775,매일,37.56851044,127.0114021,780.0,의류+신발+근린생활서비스,1981.0,02-2252-0323,jeilpyunghwa.com,,,,
MKT000720,벨포스트,상설장,서울특별시 중구 마장로 19,서울특별시 중구 신당동 776,매일,37.56814098,127.0119871,370.0,의류+신발+근린생활서비스,1980.0,02-2231-4674,,,,,
MKT000721,신평화패션타운,상설장,서울특별시 중구 청계천로 298,서울특별시 중구 신당동 217-1,매일,37.56945652,127.0110704,1385.0,의류+신발+가정용품+음식점+근린생활서비스,1968.0,02-2253-0714,,,,,
MKT000722,동평화시장,상설장,서울특별시 중구 청계천로 318,서울특별시 중구 신당동 217-92,매일,37.56933911,127.0137758,1115.0,의류,1969.0,02-2285-5881,,,,,
MKT000723,남평화시장,상설장,서울특별시 중구 장충단로 282-10,서울특별시 중구 신당동 772,매일,37.56917723,127.0108327,547.0,의류+근린생활서비스,1979.0,02-2237-0620,,,,,
MKT000724,광희패션몰,상설장,서울특별시 중구 마장로1길 21,서울특별시 중구 신당동 777,매일,37.56867257,127.0119193,1360.0,의류+신발+근린생활서비스,1979.0,02-2238-9889,http://www.kwangheesijang.com/,,,,
MKT000725,청계상가,상설장,서울특별시 중구 청계천로 160,서울특별시 중구 산림동 207-1,매일,37.56797977,126.9953591,180.0,근린생활서비스,1972.0,02-2279-6513,,,,,
MKT000726,대림상가,상설장,서울특별시 중구 을지로 157,서울특별시 중구 산림동 207-2,매일,37.5671459,126.9954271,369.0,근린생활서비스,1972.0,,,,,,
MKT000727,삼익패션타운,상설장,서울특별시 중구 남대문시장8길 7,서울특별시 중구 남창동 5,매일,37.56043619,126.9789484,1116.0,의류+신발+가정용품,1985.0,02-774-1531,,,,,
MKT000728,숭례문수입상가,상설장,서울특별시 중구 소월로 3,서울특별시 중구 남창동 51-1,매일,37.5593725,126.9762097,565.0,가공식품+의류+신발+가정용품+근린생활서비스,1980.0,02-779-2951,,,,,
MKT000729,남대문시장,상설장,서울특별시 중구 남대문시장4길 21,서울특별시 중구 남창동 49-1,매일,37.55918357,126.9776585,5111.0,농산물+축산물+수산물+가공식품+의류+신발+가정용품+음식점+근린생활서비스,1964.0,02-779-8658,www.namdaemunmarket.co.kr,,,,
MKT000730,통인시장,상설장,서울특별시 종로구 자하문로 15길 18,서울특별시 종로구 통인동 10-3,매일,37.5807607,126.9699423,74.0,농산물+축산물+가공식품+음식점,1960.0,02-722-0911,,,,,
MKT000731,동문시장㈜,상설장,서울특별시 종로구 종로44길 14,서울특별시 종로구 창신동 436-41,매일,37.57051095,127.011128,320.0,가공식품+신발+가정용품+음식점,1969.0,,,,,,
MKT000732,동대문종합시장 신관(동대문쇼핑타운),상설장,서울특별시 종로구 종로 272,서울특별시 종로구 종로6가 289-57,매일,37.57081727,127.0080936,311.0,의류,1987.0,,,,,,
MKT000733,동대문종합시장D동상가,상설장,서울특별시 종로구 종로 266,서울특별시 종로구 종로6가 262-1,매일,37.57070019,127.0073238,1050.0,근린생활서비스,1976.0,,,,,,
MKT000734,동대문종합시장,상설장,서울특별시 종로구 종로 266,서울특별시 종로구 종로6가 262-1,매일,37.57070019,127.0073238,3400.0,의류,1969.0,,,,,,
MKT000735,한일상가,상설장,서울특별시 종로구 청계천로 229,서울특별시 종로구 종로5가 314-7,매일,37.57013275,127.0030223,325.0,근린생활서비스,1984.0,02-2266-3242,,,,,
MKT000736,종로신진시장,상설장,서울특별시 종로구 종로38길 16,서울특별시 종로구 종로5가 225-21,매일,37.57023179,127.0049467,67.0,농산물+축산물+수산물+가공식품+의류+신발+가정용품+음식점,1952.0,02-2272-6001,,,,,
MKT000737,수암종합시장,상설장,울산광역시 남구 수암로 128-1,울산광역시 남구 야음동 698-1,매일,35.52750443,129.3210053,53.0,농산물+의류+신발+음식점+근린생활서비스,2005.0,052-266-5863,,,,,
MKT000738,울산번개시장,상설장,울산광역시 남구 신선로184번길 46-1,울산광역시 남구 야음동 375-55,매일,35.52023662,129.3367723,93.0,농산물+축산물+수산물+가공식품+의류+신발+가정용품+음식점+근린생활서비스,2005.0,052-267-4080,,,,,
MKT000739,야음상가시장,상설장,울산광역시 남구 수암로 244-6,울산광역시 남구 야음동 815-10,매일,35.52361147,129.3318662,51.0,농산물+축산물+수산물+가공식품+의류+신발+가정용품+음식점+근린생활서비스,2005.0,052-265-0338,,,,,
MKT000740,봉선시장,상설장,광주광역시 남구 봉선중앙로91번길 7,광주광역시 남구 봉선동 997-1,매일,35.12904439,126.9100112,48.0,농산물+축산물+수산물+가공식품+의류+가정용품+음식점,2009.0,062-671-4808,,,,,
MKT000741,신정평화시장,상설장,울산광역시 남구 봉월로 67번길 17,울산광역시 남구 신정동 1600-3,매일,35.5383388,129.3035418,57.0,농산물+축산물+가공식품+의류+음식점+근린생활서비스,2005.0,052-275-4041,,,,,
MKT000742,월곡시장,상설장,광주광역시 광산구 사암로 300,광주광역시 광산구 월곡동 687-3,매일,35.17129717,126.8096437,67.0,농산물+축산물+수산물+가공식품+음식점,1998.0,,http://blog.naver.com/wgmarket,,,,
MKT000743,(주)신정시장,상설장,울산광역시 남구 월평로47번길 7,울산광역시 남구 신정동 630-1,매일,35.54233666,129.310282,92.0,농산물+축산물+수산물+가공식품+의류+음식점+근린생활서비스,1998.0,052-272-2085,,,,,
MKT000744,울산산업공구월드,상설장,울산광역시 남구 갈밭로 24,울산광역시 남구 삼산동 1591-4,매일,35.53578321,129.342636,288.0,근린생활서비스,1998.0,052-266-8796,,,,,
MKT000745,세종전통시장,상설장+4일장,세종특별자치시 조치원읍 조치원8길 42,세종특별자치시 조치원읍 정리 19-1,4일+9일,36.59978855,127.3006053,333.0,농산물+축산물+수산물+가공식품+의류+신발+음식점,1931.0,044-868-4209,,,,,
MKT000746,1913송정역시장(송정역전매일시장),상설장,광주광역시 광산구 송정로 8번길 33,광주광역시 광산구 송정동 971-1,매일,35.13555958,126.7915346,73.0,농산물+축산물+수산물+가공식품+신발+음식점,1913.0,,,,,,
MKT000747,부강전통시장,상설장+5일장,세종특별자치시 부강면 부강5길 18,세종특별자치시 부강면 부강리 475-1,5일+10일,36.52850118,127.3688876,92.0,농산물+축산물+가공식품+의류+신발+가정용품+음식점,1964.0,044-863-4251,,,,,
MKT000748,세종대평시장,상설장+5일장,세종특별자치시 금남면 대평시장1길 17-2,세종특별자치시 금남면 용포리 205-42,5일+10일,36.46727471,127.2820631,62.0,농산물+축산물+가공식품+의류+신발+가정용품+음식점+근린생활서비스,1946.0,044-867-3838,,,,,
MKT000749,장미제일시장,상설장,서울특별시 중랑구 동일로143길 36,서울특별시 중랑구 묵동 249-109,매일,37.60518362,127.0765334,57.0,농산물+음식점,1970.0,02-2348-2224,,,,,
MKT000750,태능엔터피아,상설장,서울특별시 중랑구 동일로129길 35,서울특별시 중랑구 중화동 314-1,매일,37.59926352,127.0775053,41.0,음식점,1975.0,,,,,,
MKT000751,신아타운,상설장,서울특별시 중랑구 봉화산로 194,서울특별시 중랑구 신내동 666,매일,37.60645884,127.0947115,165.0,의류,1999.0,,,,,,
MKT000752,동성타워프라자,상설장,서울특별시 중랑구 봉화산로 221,서울특별시 중랑구 신내동 786,매일,37.60804247,127.0972055,75.0,의류,1996.0,,,,,,
MKT000753,중랑교종합상가,상설장,서울특별시 중랑구 망우로 32길 23,서울특별시 중랑구 상봉동 129-9,매일,37.59294778,127.077121,64.0,의류,1971.0,,,,,,
MKT000754,사가정시장,상설장,서울특별시 중랑구 면목로44길 16,서울특별시 중랑구 면목동 472-45,매일,37.58108117,127.0893792,137.0,농산물+가공식품+음식점,1970.0,02-433-8502,,,,,
MKT000755,면목골목시장,상설장,서울특별시 중랑구 사가정로50길 84,서울특별시 중랑구 면목동 666-15,매일,37.57749074,127.0844409,96.0,농산물+축산물+수산물+음식점,1970.0,02-496-5665,,,,,
MKT000756,면목시장,상설장,서울특별시 중랑구 면목로39길 11,서울특별시 중랑구 면목동 650,매일,37.57954367,127.0862998,33.0,가공식품+음식점,1968.0,,,,,,
MKT000757,동원시장,상설장,서울특별시 중랑구 면목로74길 45,서울특별시 중랑구 면목동 101-1,매일,37.58983934,127.0898896,14.0,가공식품+의류,1971.0,,,,,,
MKT000758,동원전통종합시장,상설장,서울특별시 중랑구 상봉로11길 27-3,서울특별시 중랑구 면목동 74-58,매일,37.58982861,127.0921089,114.0,농산물+축산물+수산물+음식점,1970.0,02-2209-0220,,,,,
MKT000759,중랑동부시장(동부골목시장),상설장,서울특별시 중랑구 동일로109길 31-5,서울특별시 중랑구 면목동 183-118,매일,37.59150529,127.0784896,105.0,농산물+가공식품,1970.0,02-437-8155,,,,,
MKT000760,우림골목시장,상설장,서울특별시 중랑구 망우로62길 52-4,서울특별시 중랑구 망우동 463-44,매일,37.59677029,127.0982661,123.0,농산물+축산물+수산물+가공식품,1970.0,02-436-3598,http://urimsijang.co.kr/,,,,
MKT000761,아트프라자,상설장,서울특별시 중구 마장로1길 28,서울특별시 중구 신당동 213-67,매일,37.56918604,127.0128249,391.0,의류+신발+가정용품+근린생활서비스,1990.0,02-2236-1768,,,,,
MKT000762,자유상가,상설장,서울특별시 중구 남대문로 36,서울특별시 중구 회현동1가 202-1,매일,37.56095891,126.9797744,71.0,가정용품+근린생활서비스,1973.0,02-753-0787,,,,,
MKT000763,황학시장,상설장,서울특별시 중구 퇴계로85길 36,서울특별시 중구 황학동 442,매일,37.56738265,127.0197632,110.0,축산물+수산물+가공식품+음식점,2017.0,02-2235-3040,,,,,
MKT000764,우정시장,상설장,울산광역시 중구 당산5길 10,울산광역시 중구 우정동 285-1,매일,35.5546219,129.3100695,96.0,농산물+축산물+수산물+가공식품+의류+신발+가정용품+음식점,1976.0,,,,,,
MKT000765,옥골시장,상설장,울산광역시 중구 중앙시장길17-7,울산광역시 중구 옥교동 125-13,매일,35.55522127,129.3229683,78.0,농산물+축산물+수산물+가공식품+의류+신발+가정용품+음식점,2010.0,052-242-0015,,,,,
MKT000766,중앙전통시장,상설장,울산광역시 중구 중앙시장길 2,울산광역시 중구 옥교동 275-4,매일,35.55518019,129.3222945,301.0,농산물+축산물+수산물+가공식품+의류+신발+가정용품+음식점,1974.0,052-246-6660,,,,,
MKT000767,웰컴시티,상설장,울산광역시 중구 젊음의2거리 29,울산광역시 중구 성남동 219-119,매일,35.5532821,129.319792,119.0,가공식품+의류+신발+가정용품+음식점+근린생활서비스,2021.0,052-716-2560,,,,,
MKT000768,성남프라자,상설장,울산광역시 중구 중앙3길 6,울산광역시 중구 성남동 190-239,매일,35.55451452,129.3175561,123.0,축산물+의류+신발+가정용품+음식점,1992.0,052-243-5678,,,,,
MKT000769,서동시장,상설장,울산광역시 중구 동천5길 12,울산광역시 중구 서동 38-6,매일,35.58134597,129.3469851,79.0,농산물+축산물+수산물+가공식품+의류+신발+가정용품+음식점,2009.0,,,,,,
MKT000770,반구시장,상설장,울산광역시 중구 반구정14길 13,울산광역시 중구 반구동 448-9,매일,35.55838456,129.3434151,82.0,농산물+축산물+수산물+가공식품+의류+신발+가정용품+음식점,2012.0,052-293-0879,,,,,
MKT000771,신울산종합시장,상설장,울산광역시 중구 서원6길 11,울산광역시 중구 반구동 100-1,매일,35.56123791,129.3373619,67.0,농산물+축산물+수산물+가공식품+의류+신발+가정용품+음식점,1984.0,,,,,,
MKT000772,선우시장,상설장,울산광역시 중구 곽남14길 37,울산광역시 중구 남외동 385-3,매일,35.57119003,129.3421705,63.0,농산물+축산물+수산물+가공식품+의류+신발+가정용품+음식점,1981.0,,,,,,
MKT000773,병영시장,상설장,울산광역시 중구 병영로14,울산광역시 중구 남외동 257-1,매일,35.57055602,129.3462842,81.0,농산물+축산물+수산물+가공식품+의류+신발+가정용품+음식점+근린생활서비스,1970.0,,,,,,
MKT000774,덕하시장(덕하공설시장),상설장,울산광역시 울주군 청량읍 덕하장터길 9,울산광역시 울주군 청량읍 상남리 574-4,2일+7일,35.49170116,129.3059222,51.0,농산물+수산물+의류+가정용품+음식점,1916.0,,,,,,
MKT000775,곡천공설시장,상설장,울산광역시 울주군 웅촌면 곡천동문길 20-22,울산광역시 울주군 웅촌면 곡천리320-2,1일+6일,35.46589516,129.2099662,,농산물+수산물,,,,,,,
MKT000776,명덕시장,상설장,대구광역시 남구 대명로 57길 10-46,대구광역시 남구 대명동 141-1,매일,35.84479169,128.5882688,40.0,농산물+축산물+가공식품+의류+신발+가정용품+음식점,1967.0,053-651-9810,,,,,
MKT000777,덕신1차시장,상설장+5일장,,울산광역시 울주군 온산읍 덕신리 1280-21,5일+10일,35.43524428,129.3093532,36.0,농산물+수산물+가공식품,1991.0,,,,,,
MKT000778,덕신2차시장,상설장+5일장,울산광역시 울주군 온산읍 신온7길 69,울산광역시 울주군 온산읍 덕신리 429,5일+10일,35.42934746,129.3100214,23.0,농산물+수산물+가공식품+의류+가정용품+음식점,1992.0,,,,,,
MKT000779,언양알프스시장,상설장,울산광역시 울주군 언양읍 장터1길 12-1,울산광역시 울주군 언양읍 남부리 174-1,2일+7일,35.5637023,129.1252974,173.0,농산물+축산물+수산물+가공식품+의류+신발+가정용품+음식점+근린생활서비스,2011.0,052-254-5728,,,,,
MKT000780,언양종합상가시장,상설장,울산광역시 울주군 언양읍 장터1길22,울산광역시 울주군 언양읍 남부리 124-2,매일,35.56370129,129.1256944,90.0,농산물+수산물+가공식품+의류+신발+가정용품+음식점+근린생활서비스,1984.0,052-254-0896,,,,,
MKT000781,언양공설시장,상설장,,울산광역시 울주군 언양읍 남부리 336-20,2일+7일,35.56280807,129.1258239833,57.0,농산물+수산물+가공식품+의류+신발+가정용품+음식점,1915.0,,,,,,
MKT000782,봉계공설시장,상설장+4일장,울산광역시 울주군 두동면 계명3길 9,울산광역시 울주군 두동면 봉계리 525,4일+9일,35.71338448,129.1991813,18.0,농산물+가공식품+음식점+근린생활서비스,1941.0,,,,,,
MKT000783,화봉시장(화봉종합시장),상설장,울산광역시 북구 상방로 94,울산광역시 북구 화봉동 448-2,매일,35.5888166,129.3658234,47.0,농산물+축산물+수산물+가공식품+의류+가정용품+음식점,1996.0,,,,,,
MKT000784,호계공설시장,상설장,울산광역시 북구 호계3길 17-11,울산광역시 북구 호계동 869-1,1일+6일,35.62361423,129.3557466,73.0,농산물+축산물+수산물+가공식품+의류+신발+가정용품+음식점,2000.0,052-295-7398,,,,,
MKT000785,월봉시장,상설장,울산광역시 동구 화정6길 16,울산광역시 동구 화정동 640-17,매일,35.4949801,129.4248453,136.0,농산물+축산물+수산물+가공식품+의류+신발+가정용품+음식점,1980.0,052-234-8997,,,,,
MKT000786,대송시장,상설장,울산광역시 동구 대송1길 49,울산광역시 동구 화정동 167-15,매일,35.49947701,129.4212232,83.0,농산물+축산물+수산물+가공식품+의류+신발+가정용품+음식점,1991.0,052-252-7344,,,,,
MKT000787,전하시장 상점가,상설장,울산광역시 동구 녹수7길 32,울산광역시 동구 전하동 450-32,매일,35.51378343,129.4307337,82.0,농산물+축산물+수산물+가공식품+의류+신발+가정용품+음식점,1978.0,052-252-8100,,,,,
MKT000788,동울산종합시장,상설장,울산광역시 동구 진성14길 77,울산광역시 동구 전하동 661-1,매일,35.50883546,129.4254273,68.0,농산물+축산물+수산물+가공식품+의류+가정용품+음식점,1983.0,052-232-7337,,,,,
MKT000789,남목마성시장,상설장,울산광역시 동구 남목17길 9,울산광역시 동구 동부동 310-2,매일,35.54272923,129.427385,126.0,농산물+축산물+수산물+가공식품+의류+신발+가정용품+음식점,1980.0,052-234-5530,,,,,
MKT000790,자유시장,상설장,강원특별자치도 원주시 중앙시장길 11,강원특별자치도 원주시 중앙동 57,매일,37.35023035,127.9486266,438.0,가공식품+의류+신발+가정용품+음식점,1965.0,033-746-5037,,,,,
MKT000791,양동경열로시장,상설장,광주광역시 서구 경열로 140-1,광주광역시 서구 양동 307-28,매일,35.15367146,126.900842,75.0,농산물+축산물+수산물+가공식품+의류+신발+가정용품+음식점,2012.0,062-368-5247,,,,,
MKT000792,양동산업용품시장,상설장,광주광역시 서구 독립로 205,광주광역시 서구 양동 62-1,매일,35.15117026,126.9066176,135.0,근린생활서비스,2008.0,,,,,,
MKT000793,양동수산전통시장,상설장,광주광역시 서구 천변좌로 246번길 16,광주광역시 서구 양동 5-254,매일,35.15323947,126.9016656,107.0,축산물+수산물+가공식품+음식점,2005.0,,,,,,
MKT000794,양동복개상가,상설장,광주광역시 서구 천변좌로 243,광주광역시 서구 양동 441,매일,35.15359895,126.903926,268.0,의류+신발+가정용품+음식점+근린생활서비스,1971.0,062-364-3702,,,,,
MKT000795,북평민속시장,상설장+3일장,강원특별자치도 동해시 오일장길 32,강원특별자치도 동해시 북평동 15-5,3일+8일,37.48246871,129.1260256,140.0,농산물+수산물+가공식품+의류+신발+가정용품+음식점,1930.0,033-522-1141,,,,,
MKT000796,양동닭전길시장,상설장,광주광역시 서구 천변좌로 262번길 4,광주광역시 서구 양동 5-56,매일,35.1528177,126.9039928,151.0,농산물+축산물+의류+신발+가정용품+음식점+근린생활서비스,2005.0,062-365-0239,,,,,
MKT000797,광주양동시장,상설장,광주광역시 서구 천변좌로 238,광주광역시 서구 양동 5-101,매일,35.15390747,126.9025538,116.0,농산물+축산물+수산물+가공식품+의류+신발+가정용품+음식점,1969.0,062-363-0815,,,,,
MKT000798,중흥시장,상설장,광주광역시 북구 중흥로 154,광주광역시 북구 중흥동 684,매일,35.1616112,126.9108534,51.0,농산물+축산물+수산물+가공식품+근린생활서비스,1977.0,062-515-8504,,,,,
MKT000799,동부시장,상설장,광주광역시 북구 중문로9번길 39,광주광역시 북구 중흥동 272-6,매일,35.1738826,126.9163398,36.0,농산물+음식점+근린생활서비스,1981.0,062-264-3430,,,,,
MKT000800,운암시장,상설장,광주광역시 북구 대자로 87,광주광역시 북구 운암동 94-7,매일,35.1733763,126.8820026,64.0,농산물+축산물+수산물+가공식품+의류+가정용품+음식점,1981.0,062-527-1719,,,,,
MKT000801,말바우시장,상설장+4일장,광주광역시 북구 동문대로97번길 55,광주광역시 북구 우산동 190-1,2일+4일+7일+9일,35.1729756,126.9213684,441.0,농산물+축산물+수산물+음식점,2005.0,062-262-4082,,,,,
MKT000802,두암시장,상설장,광주광역시 북구 금녕길 23,광주광역시 북구 두암동 856-5,매일,35.17157442,126.9293831,26.0,농산물+축산물+수산물+가공식품,1981.0,,,,,,
MKT000803,남광주시장,상설장,광주광역시 동구 제봉로17번길 18-6,광주광역시 동구 학동 84-23,매일,35.13929961,126.9208082,197.0,농산물+축산물+수산물+가공식품+의류+신발+가정용품+음식점,1975.0,,,,,,
MKT000804,남광주해뜨는시장,상설장,광주광역시 동구 제봉로17번길 13-6,광주광역시 동구 학동 55-57,매일,35.13896721,126.9212584,50.0,농산물+축산물+수산물,1975.0,,,,,,
MKT000805,산수시장,상설장,광주광역시 동구 필문대로192번길 17-1,광주광역시 동구 산수동 558-58,매일,35.15348435,126.929739,80.0,농산물+축산물+수산물+가공식품+의류+신발+가정용품+음식점+근린생활서비스,2014.0,,,,,,
MKT000806,대인시장,상설장,광주광역시 동구 제봉로194번길 10,광주광역시 동구 대인동 309-3,매일,35.15409833,126.917243,289.0,농산물+축산물+수산물+가공식품+의류+신발+가정용품+음식점,1976.0,062-223-3001,,,,,
MKT000807,밤고개자연시장(구 내덕자연시장),상설장,충청북도 청주시 청원구 공항로 58번길 14,충청북도 청주시 청원구 내덕동 396-7,매일,36.66241616,127.4886473,43.0,농산물+축산물+수산물+가공식품+의류+신발+가정용품+음식점,1985.0,043-217-1112,,,,,
MKT000808,무등시장,상설장,광주광역시 남구 군분로27,광주광역시 남구 주월동 974-107,매일,35.13592608,126.8945422,89.0,농산물+축산물+수산물+가공식품+의류+신발+가정용품+음식점,1978.0,062-651-4584,,,,,
MKT000809,덕산면전통시장,상설장+4일장,충청북도 제천시 덕산면 약초로 3길 24,충청북도 제천시 덕산면 도전리 431-2,4일+9일,36.90858319,128.1679776,44.0,가공식품+음식점,2007.0,043-651-9417,,,,,
MKT000810,우산매일시장,상설장,광주광역시 광산구 우산로,광주광역시 광산구 우산동 1612- 1,매일,35.16218922,126.8035258,44.0,농산물+축산물+수산물+가공식품+의류+신발+가정용품+음식점,1991.0,,,,,,
MKT000811,샘고을시장,상설장,전북특별차치도 정읍시 태평6길 25,전북특별차치도 정읍시 시기동 280-4,매일,35.56288287,126.8551048,250.0,농산물+축산물+수산물+가공식품+의류+신발+가정용품+음식점,1914.0,063-534-6661,,,,,
MKT000812,송정매일시장,상설장,광주광역시 광산구 송정로 29번길 64,광주광역시 광산구 송정동 813-1,매일,35.13745243,126.7968406,41.0,농산물+축산물+수산물+가공식품+의류+신발+가정용품+음식점,1982.0,,,,,,
MKT000813,송정5일시장,3일장,광주광역시 광산구 광산로30번길 65,광주광역시 광산구 송정동 884-1,3일+8일,35.13708297,126.7969059,147.0,농산물+축산물+수산물+가공식품+의류+신발+가정용품+음식점,1964.0,,,,,,
MKT000814,비아5일시장,상설장,광주광역시 광산구 비아중앙로 26-1,광주광역시 광산구 비아동 83-5,1일+6일,35.22135885,126.8252669,49.0,농산물+축산물+수산물+가공식품+의류+신발+가정용품+음식점,1964.0,,,,,,
MKT000815,죽도농산물시장,상설장,경상북도 포항시 북구 죽도시장2길 18,경상북도 포항시 북구 죽도동 5-22,매일,36.03457995,129.3679641,458.0,농산물+축산물+수산물+가공식품+의류+신발+가정용품+음식점,1971.0,054-247-7888,,,,,
MKT000816,청하시장,상설장,경상북도 포항시 북구 청하면 청하로 200번길 4,경상북도 포항시 북구 청하면 미남리 382-3,1일+6일,36.19707872,129.33967,34.0,농산물+축산물+수산물+가공식품+의류+신발+가정용품+음식점,1965.0,,,,,,
MKT000817,민락회타운시장,상설장,부산광역시 수영구 민락수변로 1,부산광역시 수영구 민락동 181-84,매일,35.15555236,129.1238191,60.0,축산물+수산물,1990.0,051-757-3000,,,,,
MKT000818,두류종합시장,상설장,대구광역시 달서구 당산동길 9,대구광역시 달서구 성당동 704-5,매일,35.84548989,128.5451496,32.0,가공식품+의류+가정용품+음식점+근린생활서비스,1984.0,,,,,,
MKT000819,상원시장,상설장,대구광역시 달서구 상인로9,대구광역시 달서구 상인동 1582-4,매일,35.80903113,128.5512909,70.0,농산물+축산물+수산물+가공식품+의류+가정용품,2008.0,,,,,,
MKT000820,대동시장,상설장,대구광역시 달서구 상원로 22-24,대구광역시 달서구 상인동 1472-1,매일,35.81166479,128.5377894,104.0,농산물+축산물+수산물+가공식품+의류+음식점,2007.0,,,,,,
MKT000821,상인영남화성상가,상설장,대구광역시 달서구 상인서로 76,대구광역시 달서구 상인동 1517,매일,35.81651479,128.5425742,62.0,농산물+축산물+수산물+가공식품+가정용품+음식점+근린생활서비스,1993.0,,,,,,
MKT000822,보성은하상가,상설장,대구광역시 달서구 월곡로 320,대구광역시 달서구 상인동 42,매일,35.82357763,128.5342978,32.0,농산물+가공식품+가정용품+음식점+근린생활서비스,1994.0,,,,,,
MKT000823,춘천동부시장,상설장,강원특별자치도 춘천시 동부시장길8,강원특별자치도 춘천시 운교동 183,매일,37.87723546,127.7341739,142.0,가공식품+의류+음식점,1988.0,033-254-2235,,,,,
MKT000824,달서송림시장,상설장,대구광역시 달서구 구마로 176,대구광역시 달서구 본동 225-1,매일,35.83685925,128.5470628,50.0,농산물+의류+신발+음식점+근린생활서비스,1983.0,,,,,,
MKT000825,대구예전우시장,상설장,대구광역시 달서구 야외음악당로47길 111,대구광역시 달서구 두류동 136-6,매일,35.85853653,128.5620298,56.0,가공식품+가정용품+음식점,2011.0,,,,,,
MKT000826,신내당시장,상설장,대구광역시 달서구 야외음악당로39길 62,대구광역시 달서구 두류동 486-1,매일,35.85461519,128.5538543,87.0,가공식품+가정용품+음식점,1981.0,,,,,,
MKT000827,서대구시장,상설장,대구광역시 달서구 명덕로2길 30,대구광역시 달서구 두류동 1216-1,매일,35.86059821,128.5706868,77.0,농산물+축산물+가공식품,1970.0,,,,,,
MKT000828,도원시장,상설장,대구광역시 달서구 도원로동길 8,대구광역시 달서구 도원동 1437-1,매일,35.80756953,128.5367189,56.0,농산물+축산물+수산물+가공식품,2007.0,,,,,,
MKT000829,대곡시장,상설장,대구광역시 달서구 도원로24,대구광역시 달서구 도원동 1432,매일,35.80758537,128.535454,95.0,가공식품+음식점,2007.0,,,,,,
MKT000830,월성청구시장,상설장,,대구광역시 달서구 월성동 89-2,매일,35.82752932,128.5311131,185.0,의류+가정용품,1993.0,053-633-1162,,,,,
MKT000831,서남신시장,상설장,대구광역시 달서구 달구벌대로329길 10,대구광역시 달서구 감삼동 62-4,매일,35.85400583,128.5459007,130.0,농산물+축산물+수산물+가공식품+의류+신발+가정용품+음식점,2006.0,053-562-1222,https://blog.naver.com/seonam5659,,,,
MKT000832,서남시장,상설장,대구광역시 달서구 달구벌대로 329길 17,대구광역시 달서구 감삼동 55-5,매일,35.85436588,128.5451779,46.0,농산물+축산물+수산물+가공식품+의류+신발+음식점,1984.0,053-565-3226,,,,,
MKT000833,대명신시장,상설장,대구광역시 남구 성당로60길 46,대구광역시 남구 대명동 2282-2,매일,35.85774192,128.5766374,58.0,농산물+축산물+수산물+가공식품+의류+신발+가정용품+음식점,2011.0,053-621-5380,,,,,
MKT000834,봉덕시장,상설장,대구광역시 남구 대봉로17길5-3,대구광역시 남구 봉덕동 961-39,매일,35.84571394,128.6036931,87.0,농산물+축산물+수산물+가공식품+의류+신발+가정용품+음식점,1972.0,053-472-8922,,,,,
MKT000835,춘천풍물시장,상설장,강원특별자치도 춘천시 영서로 2352-54,강원특별자치도 춘천시 온의동 148-1,2일+7일,37.86622785,127.7195853,145.0,농산물+수산물+음식점,2010.0,033-253-5814,,,,,
MKT000836,영선신시장,상설장,대구광역시 남구 중앙대로48길 36,대구광역시 남구 대명동 2014-204,매일,35.85230042,128.5929228,117.0,농산물+축산물+수산물+가공식품+의류+가정용품+음식점+근린생활서비스,2006.0,053-472-6001,,,,,
MKT000837,성당시장,상설장,대구광역시 남구 성당로 196,대구광역시 남구 대명동 3023-23,매일,35.85017533,128.5729677,90.0,농산물+축산물+수산물+가공식품+의류+신발+가정용품+음식점,1971.0,053-621-0433,,,,,
MKT000838,인제시장,상설장+4일장,강원특별자치도 인제군 인제읍 인제로 178번길 14,강원특별자치도 인제군 인제읍 상동리 264-20,4일+9일,38.06709944,128.1710826,92.0,농산물+축산물+가공식품+의류+신발+가정용품+음식점+근린생활서비스,1955.0,033-463-3336,,,,,
MKT000839,대명시장,상설장,대구광역시 남구 명덕로 60,대구광역시 남구 대명동 2276-5,매일,35.85840896,128.5771586,110.0,농산물+축산물+수산물+가공식품+의류+신발+가정용품+음식점,1975.0,053-621-5380,,,,,
MKT000840,남부시장,상설장,대구광역시 남구 현충로 19길43,대구광역시 남구 대명동 797-1,매일,35.84140021,128.5769336,106.0,가공식품+음식점+근린생활서비스,1971.0,,,,,,
MKT000841,광덕시장,상설장,대구광역시 남구 자유6길50,대구광역시 남구 대명동 460-1,매일,35.83719185,128.582417,88.0,농산물+축산물+수산물+가공식품+의류+음식점,1971.0,,,,,,
MKT000842,관문시장,상설장,대구광역시 남구 관문시장2길 43,대구광역시 남구 대명동 1160,매일,35.83553597,128.5590519,122.0,농산물+축산물+수산물+가공식품+의류+신발+가정용품+음식점,1972.0,,,,,,
MKT000843,관문상가시장,상설장,대구광역시 남구 월배로 494,대구광역시 남구 대명동 1135-4,매일,35.836547,128.5572825,211.0,농산물+축산물+수산물+가공식품+의류+신발+가정용품+음식점,2005.0,053-627-0021,,,,,
MKT000844,대명중앙시장,상설장,대구광역시 남구 대명로20길 56,대구광역시 남구 대명동 1040-1,매일,35.83680695,128.5677124,77.0,농산물+축산물+수산물+가공식품+음식점,1976.0,,,,,,
MKT000845,복현전통신시장,상설장,대구광역시 북구 경진로1길 68,대구광역시 북구 복현동 457-8,매일,35.89327545,128.619193,66.0,음식점,2011.0,,,,,,
MKT000846,동대구신시장,상설장,대구광역시 북구 대현로 100,대구광역시 북구 대현동 270-8,매일,35.88219175,128.6097877,98.0,음식점,2010.0,053-939-7721,,,,,
MKT000847,동대구시장,상설장,대구광역시 북구 대현로20길 30,대구광역시 북구 대현동 390,매일,35.88107854,128.6090909,77.0,농산물+음식점,1969.0,,,,,,
MKT000848,팔달신시장,상설장,대구광역시 북구 팔달로33길59,대구광역시 북구 노원동3가 750,매일,35.89068549,128.5659616,520.0,농산물+축산물+수산물,1976.0,053-357-4953,,,,,
MKT000849,팔달시장,상설장,대구광역시 북구 팔달로 37길11,대구광역시 북구 노원동2가 375,매일,35.88904235,128.5708569,53.0,음식점,1969.0,,,,,,
MKT000850,구암시장,상설장,대구광역시 북구 태암남로11길 18,대구광역시 북구 구암동 693,매일,35.926612,128.5541609,40.0,가공식품,2010.0,,,,,,
MKT000851,관음시장,상설장,대구광역시 북구 관음중앙로 28길1,대구광역시 북구 관음동 1284,매일,35.94492263,128.5472275,32.0,농산물,2009.0,,,,,,
MKT000852,동구시장,상설장,대구광역시 동구 효목로 8,대구광역시 동구 효목동 533,매일,35.87405704,128.6395727,125.0,농산물+축산물+수산물+가공식품+의류+신발+가정용품+음식점,1977.0,053-744-6565,,,,,
MKT000853,공항시장,상설장,대구광역시 동구 해동로3길 6,대구광역시 동구 지저동 694-41,매일,35.8963962,128.6382503,26.0,농산물+축산물+수산물+가공식품+의류+가정용품+음식점,1985.0,,,,,,
MKT000854,송라시장,상설장,대구광역시 동구 동부로5길 10,대구광역시 동구 신천동 537-13,매일,35.87448493,128.6153117,47.0,농산물+축산물+수산물+가공식품+가정용품+음식점,1963.0,,,,,,
MKT000855,동대구역전시장,상설장,대구광역시 동구 동부로 16길 18,대구광역시 동구 신천동 278,매일,35.87430058,128.6205438,35.0,농산물+축산물+가정용품,1974.0,,,,,,
MKT000856,평화시장,상설장,대구광역시 동구 아양로 9길 6-6,대구광역시 동구 신암동 597-14,매일,35.88259424,128.6193963,72.0,농산물+축산물+수산물+가공식품+의류+가정용품+음식점,1974.0,053-942-1101,,,,,
MKT000857,동서시장,상설장,대구광역시 동구 아양로 37길51-1,대구광역시 동구 신암동 94-14,매일,35.88820415,128.6333749,75.0,농산물+축산물+수산물+가공식품+의류+신발+가정용품+음식점,1970.0,053-951-3467,,,,,
MKT000858,목련시장,상설장,대구광역시 동구 반야월로30길 61-1,대구광역시 동구 신기동 271-2,매일,35.86998779,128.7046656,36.0,농산물+축산물+가공식품+의류+가정용품+음식점,1990.0,,,,,,
MKT000859,반야월종합시장,상설장,대구광역시 동구 율하동로 143,대구광역시 동구 신기동 174-1,1일+6일,35.87240724,128.7024478,601.0,가공식품+의류+가정용품+음식점,1991.0,,,,,,
MKT000860,불로전통시장,상설장+5일장,대구광역시 동구 반야월로1길 7,대구광역시 동구 용계동 702-31,5일+10일,35.87460697,128.688976,87.0,농산물+축산물+수산물+가공식품+의류+가정용품+음식점,1930.0,,,,,,
MKT000861,방촌시장,상설장,대구광역시 동구 동촌로46길 2,대구광역시 동구 방촌동 1067-2,매일,35.88130271,128.6644257,98.0,농산물+축산물+수산물+가공식품+의류+신발+가정용품+음식점,1982.0,,,,,,
MKT000862,화원시장,상설장,대구광역시 달성군 화원읍 비슬로512길 66,대구광역시 달성군 화원읍 천내리 892-1,1일+6일,35.8012506,128.4997345,37.0,농산물+가공식품+의류+신발+음식점,1914.0,053-644-8840,,,,,
MKT000863,현풍백년도깨비시장,상설장+5일장,대구광역시 달성군 현풍읍 현풍로 6길 5,대구광역시 달성군 현풍읍 원교리 12-5,5일+10일,35.69475898,128.4422247,81.0,농산물+축산물+수산물+가공식품+의류+신발+가정용품+음식점,1918.0,,www.hyunpungmarket.com,,,,
MKT000864,논공중앙시장,상설장,대구광역시 달성군 논공읍 용호로2길 12,대구광역시 달성군 논공읍 북리 824-33,매일,35.72838389,128.4465885,37.0,농산물+축산물+수산물+가공식품+의류+음식점,1996.0,,,,,,
MKT000865,월배신시장,상설장,대구광역시 달서구 월배로28안길 54,대구광역시 달서구 진천동 239-23,매일,35.813256,128.5278755,58.0,농산물+의류+음식점,2013.0,,,,,,
MKT000866,월배시장,상설장,대구광역시 달서구 월배로24길 13,대구광역시 달서구 진천동 241-3,매일,35.81407718,128.5273978,98.0,농산물+축산물+수산물+가공식품+의류+신발+가정용품+음식점,1985.0,,,,,,
MKT000867,성서보성화성상가,상설장,대구광역시 달서구 계대동문로 99,대구광역시 달서구 이곡동 1191,매일,35.85566206,128.5041129,36.0,축산물+가공식품+음식점+근린생활서비스,1994.0,,,,,,
MKT000868,용산종합큰시장,상설장,대구광역시 달서구 달구벌대로 301길 187-11,대구광역시 달서구 용산동 933,매일,35.85805075,128.5311686,62.0,농산물+축산물+수산물+가공식품+의류+음식점,2010.0,053-561-3022,,,,,
MKT000869,성서용산시장,상설장,대구광역시 달서구 성지로 66-1,대구광역시 달서구 용산동 421-1,매일,35.85513834,128.5213714,106.0,농산물+축산물+수산물+가공식품+의류+신발+가정용품+음식점,2009.0,,,,,,
MKT000870,성서와룡시장,상설장,대구광역시 달서구 성서서로69길 7,대구광역시 달서구 신당동 1788-3,매일,35.85582107,128.4993227,142.0,농산물+축산물+수산물+가공식품+의류+신발+가정용품+음식점+근린생활서비스,2006.0,,,,,,
MKT000871,월촌역시장,상설장,대구광역시 달서구 송현로12안길 38,대구광역시 달서구 송현동 1948-3,매일,35.8227509,128.548172,56.0,농산물+축산물+가공식품,2007.0,053-653-8277,,,,,
MKT000872,두류신시장,상설장,대구광역시 달서구 당산동길 27,대구광역시 달서구 성당동 706-21,매일,35.84527773,128.5462301,80.0,농산물+축산물+수산물+가공식품+의류+신발+가정용품+음식점,2015.0,,,,,,
MKT000873,수성시장,상설장,대구광역시 수성구 들안로 285-56,대구광역시 수성구 수성동2가 39-76,매일,35.85565541,128.6170064,101.0,축산물,1971.0,,,,,,
MKT000874,동성시장,상설장,,대구광역시 수성구 수성2가 39-1,매일,35.85591488,128.6171376,69.0,농산물+가공식품,1971.0,,,,,,
MKT000875,수성현대시장,상설장,대구광역시 수성구 신천동로 280,대구광역시 수성구 수성동1가 649-76,매일,35.84946852,128.60939,36.0,농산물+축산물,1983.0,,,,,,
MKT000876,청구시장,상설장,대구광역시 수성구 만촌로 66,대구광역시 수성구 만촌동 984-1,매일,35.86482085,128.6440771,48.0,근린생활서비스,1980.0,,,,,,
MKT000877,중평시장,상설장,대구광역시 서구 서대구로 17길16,대구광역시 서구 평리동 1437-5,매일,35.8653642,128.5539271,73.0,농산물,1982.0,,,,,,
MKT000878,신평리시장,상설장,대구광역시 서구 국채보상로 52길 33,대구광역시 서구 평리동 1205,매일,35.86809726,128.5606785,150.0,농산물+축산물+수산물+가공식품+의류+신발+가정용품+음식점,1980.0,,,,,,
MKT000879,대평리시장,상설장,대구광역시 서구 문화로49길 25,대구광역시 서구 평리동 676-7,매일,35.87800549,128.5589352,66.0,농산물,1981.0,,,,,,
MKT000880,서구시장,상설장,대구광역시 서구 국채보상로45길 33,대구광역시 서구 평리동 1085-1,매일,35.87393821,128.5556896,99.0,음식점,1979.0,053-567-0395,,,,,
MKT000881,원대신시장,상설장,대구광역시 서구 달서로 54길 6,대구광역시 서구 원대동3가 1434-4,매일,35.88552266,128.5748006,45.0,농산물,1968.0,,,,,,
MKT000882,원고개시장,상설장,대구광역시 서구 통학로46길 48,대구광역시 서구 비산동 566-2,매일,35.88028056,128.5682981,131.0,농산물+음식점,2011.0,,,,,,
MKT000883,서부시장,상설장,대구광역시 서구 달서로 26길 7-2,대구광역시 서구 비산동 434-13,매일,35.87331075,128.5720521,135.0,음식점,1972.0,053-567-1544,,,,,
MKT000884,새길시장,상설장,대구광역시 서구 달서로 17-7,대구광역시 서구 내당2 3동 968-7,매일,35.86504457,128.5715677,70.0,농산물+축산물+수산물+가공식품+의류+신발+가정용품+음식점,1970.0,,,,,,
MKT000885,중앙시장,상설장,대구광역시 북구 태전로 15,대구광역시 북구 태전동 156-1,매일,35.9216581,128.5449019,49.0,음식점,2007.0,,,,,,
MKT000886,칠성전자주방시장,상설장,대구광역시 북구 칠성시장로 73-1,대구광역시 북구 칠성동2가 409-711,매일,35.88023823,128.6015542,132.0,근린생활서비스,2017.0,053-422-1481,,,,,
MKT000887,칠성상가시장,상설장,대구광역시 북구 칠성남로 230,대구광역시 북구 칠성동1가 150-2,매일,35.87561087,128.6053131,54.0,농산물+수산물,2020.0,053-423-3889,,,,,
MKT000888,칠성본시장,상설장,대구광역시 북구 칠성시장로 15-1,대구광역시 북구 칠성동1가 97-1,매일,35.87551455,128.6043822,80.0,축산물+수산물+가공식품,2015.0,,,,,,
MKT000889,칠성진시장,상설장,대구광역시 북구 칠성시장로 19,대구광역시 북구 칠성동1가 89,매일,35.87571704,128.6040652,87.0,농산물+수산물,2012.0,053-257-9558,,,,,
MKT000890,칠성시장,상설장,대구광역시 북구 칠성남로 229,대구광역시 북구 칠성동1가 276-163,매일,35.8763116,128.605428,220.0,농산물,1974.0,053-423-3480,,,,,
MKT000891,삼성시장,상설장,대구광역시 북구 칠성시장로 42,대구광역시 북구 칠성동1가 276-108,매일,35.87781555,128.6034764,90.0,농산물,1976.0,053-425-4073,,,,,
MKT000892,대구청과시장,상설장,대구광역시 북구 칠성시장로 34,대구광역시 북구 칠성동1가 276-102,매일,35.87703471,128.6039146,108.0,농산물,2005.0,053-255-8707,,,,,
MKT000893,대구능금시장,상설장,대구광역시 북구 칠성남로 197-15,대구광역시 북구 칠성동1가 234-9,매일,35.87715081,128.6019682,120.0,농산물,2008.0,053-424-8510,,,,,
MKT000894,봉평전통시장(봉평시장),상설장,강원특별자치도 평창군 봉평면 허생원장터길15,강원특별자치도 평창군 봉평면 창동리 397-34,2일+7일,37.61558646,128.3772728,70.0,농산물+축산물+수산물+가공식품+의류+신발+가정용품+음식점,1957.0,033-336-3369,,,,,
MKT000895,서변중앙시장,상설장,대구광역시 북구 호국로43길 27,대구광역시 북구 서변동 1751,2일+7일,35.92100516,128.596183,59.0,농산물,2009.0,,,,,,
MKT000896,전자상가,상설장,대구광역시 북구 유통단지로 25,대구광역시 북구 산격동 1626,매일,35.90545132,128.6049864,369.0,근린생활서비스,2017.0,053-604-2011,,,,,
MKT000897,전자관,상설장,대구광역시 북구 유통단지로 45,대구광역시 북구 산격동 1621,매일,35.90720316,128.6070266,360.0,근린생활서비스,2017.0,053-604-2000,,,,,
MKT000898,전기재료관,상설장,대구광역시 북구 유통단지로 38,대구광역시 북구 산격동 1665,매일,35.90506337,128.6077144,198.0,근린생활서비스,2017.0,053-604-4114,https://www.dgemc.com/,,,,
MKT000899,섬유제품관,상설장,대구광역시 북구 유통단지로 60,대구광역시 북구 산격동 1667,매일,35.90628079,128.6096663,699.0,근린생활서비스,2017.0,053-601-1500,,,,,
MKT000900,산업용재관,상설장,대구광역시 북구 유통단지로 16,대구광역시 북구 산격동 1629,매일,35.90497291,128.6063945,1038.0,근린생활서비스,2017.0,053-604-0700,,,,,
MKT000901,산격종합시장,상설장,대구광역시 북구 대동로1길 34,대구광역시 북구 산격동 1258,매일,35.8986391,128.6103422,160.0,음식점,1981.0,,,,,,
MKT000902,전기조명관,상설장,대구광역시 북구 유통단지로 50,대구광역시 북구 산격동 1666,매일,35.90569574,128.6082699,86.0,근린생활서비스,2017.0,053-604-6114,,,,,
MKT000903,경안시장,상설장+3일장,경기도 광주시 경안로25번길 14-1,경기도 광주시 경안동 33-16,3일+8일,37.40885235,127.2570231,91.0,농산물+축산물+수산물+가공식품+의류+신발+가정용품+음식점+근린생활서비스,2005.0,031-761-2800,,,,,
MKT000904,신중앙시장,상설장,대전광역시 동구 중앙로200번길 85,대전광역시 동구 원동 40-1,매일,36.32729269,127.4336344,83.0,의류+가정용품,1975.0,042-256-2157,,,,,
MKT000905,중앙종합시장,상설장,대전광역시 동구 중교로 119,대전광역시 동구 원동 65-7,매일,36.32858655,127.4322049,76.0,의류,1985.0,042-257-3713,,,,,
MKT000906,가평잣고을시장,상설장+5일장,경기도 가평군 가평읍 장터2길 12,경기도 가평군 가평읍 읍내리 405,5일+10일,37.82972123,127.5148873,116.0,음식점,2015.0,031-582-8181,,,,,
MKT000907,신도시장,상설장,대전광역시 동구 흥룡로37번길 12,대전광역시 동구 가양동 38-5,매일,36.3495206,127.447114,68.0,농산물+축산물,1982.0,042-622-7078,,,,,
MKT000908,중리시장,상설장,대전광역시 대덕구 중리북로31번길 26,대전광역시 대덕구 중리동 372-6,매일,36.3655916,127.4263925,171.0,농산물+축산물+수산물+가공식품+가정용품+음식점,2005.0,042-623-1040,,,,,
MKT000909,송촌시장,상설장,대전광역시 대덕구 동춘당로 83,대전광역시 대덕구 송촌동 476-1,매일,36.36463844,127.439864,35.0,음식점,2005.0,042-621-5520,,,,,
MKT000910,신탄진시장,상설장+3일장,대전광역시 대덕구 석봉로43번길 37,대전광역시 대덕구 석봉동 417-43,3일+8일,36.44915618,127.4265148,135.0,농산물+수산물+가공식품,2005.0,042-935-9195,,,,,
MKT000911,법동시장,상설장,대전광역시 대덕구 계족로608번길 23,대전광역시 대덕구 법동 200-7,매일,36.36622183,127.4315773,66.0,농산물+축산물,2005.0,043-627-2123,,,,,
MKT000912,중앙시장,상설장,대구광역시 중구 경상감영길101,대구광역시 중구 포정동 21-3,매일,35.87237538,128.5931143,30.0,농산물+축산물+가공식품+가정용품+음식점,1972.0,,,,,,
MKT000913,번개시장,상설장,대구광역시 중구 태평로 177-3,대구광역시 중구 태평로1가 1-152,매일,35.87508428,128.5981288,104.0,농산물+축산물+수산물+가공식품+의류+신발+가정용품+음식점,1988.0,053-423-3460,,,,,
MKT000914,약령시장,상설장,대구광역시 중구 남성로 27-1,대구광역시 중구 남성로 52-2,매일,35.86812814,128.5899293,241.0,농산물+가공식품+음식점,2015.0,,,,,,
MKT000915,서문시장4지구종합대체상가(베네시움),상설장,대구광역시 중구 달성로 18,대구광역시 중구 동산동 562,매일,35.86672736,128.5827273,1204.0,의류+신발+가정용품,2017.0,053-238-1100,,,,,
MKT000916,서문시장2지구종합상가,상설장,대구광역시 중구 큰장로26길25,대구광역시 중구 대신동 2105,매일,35.86881497,128.579536,1547.0,수산물+의류+신발+가정용품+음식점+근린생활서비스,2015.0,053-257-2289,,,,,
MKT000917,명품프라자상가,상설장,대구광역시 중구 큰장로 28길 27,대구광역시 중구 대신동 115-112,매일,35.86990532,128.5809084,118.0,농산물+가공식품+의류+신발+가정용품+음식점+근린생활서비스,2006.0,053-256-0023,,,,,
MKT000918,서문시장 제1지구1층(직물시장),상설장,대구광역시 중구 큰장로28길 10,대구광역시 중구 대신동 115-379,매일,35.86938777,128.5798352,214.0,의류+가정용품+근린생활서비스,1974.0,053-254-9870,,,,,
MKT000919,서문시장 제1지구2층(포목시장),상설장,대구광역시 중구 큰장로28길 10,대구광역시 중구 대신동 115-379,매일,35.86938777,128.5798352,205.0,근린생활서비스,1974.0,053-254-7923,,,,,
MKT000920,서문시장 아진상가,상설장,대구광역시 중구 큰장로 28길39,대구광역시 중구 대신동 115-381,매일,35.86995064,128.5815736,233.0,의류+신발+가정용품+음식점+근린생활서비스,2017.0,053-254-1254,,,,,
MKT000921,동산상가,상설장,대구광역시 중구 큰장로26길 65,대구광역시 중구 대신동 115-30,매일,35.86895745,128.5817199,844.0,의류+신발+가정용품,1977.0,053-257-3562,http://www.dongsansangga.com/,,,,
MKT000922,서문시장5지구,상설장,대구광역시 중구 큰장로26길 6,대구광역시 중구 대신동 115-400,매일,35.86808104,128.5784697,235.0,의류+신발+가정용품+음식점,1977.0,053-255-1059,,,,,
MKT000923,서문시장건해산물상가,상설장,대구광역시 중구 큰장로 26안길5,대구광역시 중구 대신동 265-5,매일,35.8681669,128.5794789,80.0,농산물+축산물+수산물+가공식품+의류+신발+가정용품+음식점,2005.0,053-254-7800,,,,,
MKT000924,방천시장,상설장,대구광역시 중구 달구벌대로450길16-3,대구광역시 중구 대봉동 4-9,매일,35.86113952,128.6072142,68.0,농산물+축산물+수산물+가공식품+의류+신발+가정용품+음식점,2005.0,053-256-6000,,,,,
MKT000925,교동시장,상설장,대구광역시 중구 교동길 40 (교동시장),대구광역시 중구 교동 67-12,매일,35.8732548,128.5967856,129.0,가공식품+의류+신발+가정용품+음식점,1971.0,053-427-0443,,,,,
MKT000926,염매시장,상설장,대구광역시 중구 종로 11-9,대구광역시 중구 계산동2가 252,매일,35.86686144,128.5916753,69.0,농산물+축산물+수산물+가공식품+의류+음식점,1962.0,053-252-3831,,,,,
MKT000927,황금시장,상설장,대구광역시 수성구 청솔로 19,대구광역시 수성구 황금동 746,매일,35.84839977,128.6199562,13.0,근린생활서비스,1981.0,,,,,,
MKT000928,지산목련시장(지산종합시장),상설장,대구광역시 수성구 용학로42길 9,대구광역시 수성구 지산동 1199-10,매일,35.82079684,128.631863,30.0,농산물+음식점+근린생활서비스,1990.0,,,,,,
MKT000929,신매시장,상설장,대구광역시 수성구 신매로16길 24-4,대구광역시 수성구 신매동 576-2,매일,35.83727706,128.70972,180.0,농산물+축산물+수산물+가공식품,2014.0,053-792-7924,,,,,
MKT000930,태백시장,상설장,,대구광역시 수성구 수성동2가 39-4,매일,35.85519908,128.6167578,46.0,축산물+가공식품,1974.0,,,,,,
MKT000931,원미종합시장,상설장,경기도 부천시 원미구 조종로49번길 21-3,경기도 부천시 원미구 원미동 97-12,매일,37.49368572,126.79018,108.0,농산물+축산물+수산물+가공식품,1985.0,032-655-6682,,,,,
MKT000932,장전상가시장,상설장,부산광역시 금정구 부산대학로49번길 13,부산광역시 금정구 장전동 421-7,매일,35.23085024,129.0861108,55.0,축산물+수산물+가정용품+음식점,1974.0,,,,,,
MKT000933,장성시장,상설장,부산광역시 금정구 수림로61번길 53,부산광역시 금정구 장전동 155-17,매일,35.23744721,129.0855549,22.0,음식점,1978.0,,,,,,
MKT000934,서동향토시장,상설장,부산광역시 금정구 서부로 21-1,부산광역시 금정구 서동 194-1,매일,35.21593515,129.1033531,159.0,농산물+가공식품,1980.0,,,,,,
MKT000935,서동전통골목시장,상설장,부산광역시 금정구 서동로 143,부산광역시 금정구 서동 340-27,매일,35.21527847,129.1022491,177.0,농산물+축산물+수산물+가공식품+의류+신발+음식점,1968.0,,,,,,
MKT000936,서동시장,상설장,부산광역시 금정구 서동로141번길 21,부산광역시 금정구 서동 302,매일,35.21641237,129.1023592,72.0,농산물+수산물+가공식품,1965.0,,,,,,
MKT000937,부곡상가시장,상설장,부산광역시 금정구 부곡로107,부산광역시 금정구 부곡동 304-1,매일,35.22548538,129.0915165,89.0,수산물+의류+신발+음식점,1979.0,,,,,,
MKT000938,금사제일상가시장,상설장,부산광역시 금정구 개좌로81,부산광역시 금정구 금사동 68-14,매일,35.22045187,129.1125513,41.0,농산물+음식점,1979.0,,,,,,
MKT000939,구서오시게시장,상설장,부산광역시 금정구 구서로12,부산광역시 금정구 구서동 87-9,매일,35.24734164,129.089741,95.0,농산물+수산물+의류+음식점,1981.0,,,,,,
MKT000940,명지시장,상설장,부산광역시 강서구 신포길 17번길 27,부산광역시 강서구 명지동 1-377,매일,35.11253967,128.931598,106.0,축산물+수산물+음식점,1945.0,051-271-2234,,,,,
MKT000941,태평전통시장,상설장,대전광역시 중구 수침로 55번길 56,대전광역시 중구 태평동 333-8,매일,36.32593972,127.3976994,142.0,농산물+축산물+수산물+가공식품+의류+신발+가정용품+음식점,1980.0,042-536-8260,,,,,
MKT000942,유천전통시장,상설장,대전광역시 중구 문화로 105번길 113,대전광역시 중구 유천동 303-10,매일,36.31724169,127.3954838,57.0,농산물+축산물+수산물+가공식품+의류+신발+가정용품+음식점,1982.0,,,,,,
MKT000943,용두전통시장,상설장,대전광역시 중구 계룡로 881번길 53,대전광역시 중구 용두동 12-2,매일,36.32341318,127.4145695,29.0,농산물+축산물+가공식품+의류+음식점,1962.0,,,,,,
MKT000944,오류전통시장,상설장,대전광역시 중구 계룡로882번길 72,대전광역시 중구 오류동 162-13,매일,36.32194898,127.407958,43.0,농산물+축산물+수산물+가공식품+의류+신발+가정용품+음식점,1985.0,,,,,,
MKT000945,산성뿌리전통시장,상설장,대전광역시 중구 대둔산로 420,대전광역시 중구 산성동 285-1,매일,36.30655402,127.3871238,54.0,농산물+축산물+수산물+가공식품+의류+신발+음식점,1991.0,042-583-3128,,,,,
MKT000946,부사전통시장,상설장,대전광역시 중구 대종로316번길 16,대전광역시 중구 부사동 148-6,매일,36.31413817,127.4353766,48.0,농산물+축산물+수산물+가공식품+의류+신발+가정용품+음식점,1990.0,,,,,,
MKT000947,강남시장,상설장,경기도 부천시 원미구 옥산로154번길 21,경기도 부천시 원미구 도당동 274-54,매일,37.50749709,126.7814665,113.0,농산물+축산물+수산물+가공식품+의류+신발+가정용품+음식점,1985.0,032-676-8000,,,,,
MKT000948,송강전통시장,상설장,대전광역시 유성구 구즉로 74-7,대전광역시 유성구 송강동 49-10,매일,36.43519975,127.386613,57.0,농산물+축산물+수산물+가공식품+의류+신발+가정용품+음식점,2008.0,042-932-3113,,,,,
MKT000949,산본시장,상설장,경기도 군포시 산본천로183번길 6,경기도 군포시 산본동 251-4,매일,37.37016452,126.938529,146.0,농산물+축산물+수산물+가공식품+의류+신발+가정용품+음식점,1985.0,031-399-4248,http:산본전통시장.kr,,,,
MKT000950,한민시장,상설장,대전광역시 서구 도솔로308번길 27,대전광역시 서구 괴정동 88-34,매일,36.33461781,127.3840015,232.0,농산물+축산물+수산물+가공식품+의류+신발+가정용품+음식점+근린생활서비스,1981.0,042-522-9094,hanmin-market.co.kr,,,,
MKT000951,중앙상가시장,상설장,대전광역시 동구 대전로791번길 38,대전광역시 동구 중동 28-45,매일,36.32961777,127.4311303,199.0,농산물+축산물+수산물+가공식품+의류+신발+가정용품+음식점,1962.0,,,,,,
MKT000952,대전도매시장,상설장,대전광역시 동구 대전로 785번길,,매일,36.3293259852937,127.43202423211,41.0,가정용품+근린생활서비스,1962.0,042-257-2410,,Kakao_주소검색,대전광역시 동구 대전로 785번길,,
MKT000953,인동시장,상설장,대전광역시 동구 대전천동로 452,대전광역시 동구 인동 30-2,매일,36.3225352,127.4359133,48.0,농산물+축산물+수산물+가공식품+의류+신발+가정용품+음식점,1973.0,,,,,,
MKT000954,대전상가시장,상설장,대전광역시 동구 충무로 185,대전광역시 동구 인동 52-1,매일,36.32178451,127.4366553,63.0,농산물,1973.0,042-284-6562,,,,,
MKT000955,정원시장,상설장,대전광역시 동구 중앙로 194번길 33,대전광역시 동구 원동 64-1,매일,36.32911119,127.4316621,91.0,농산물+축산물+수산물+가공식품+의류+신발+음식점,2017.0,042-233-9188,,,,,
MKT000956,전통중앙도매상가,상설장,대전광역시 동구 대전로 786,대전광역시 동구 원동 20-49,매일,36.32983375,127.4337042,141.0,가정용품,2011.0,042-226-4958,,,,,
MKT000957,중앙메가프라자,상설장,대전광역시 동구 중앙로 200번길 99,대전광역시 동구 원동 42-1,매일,36.3267328,127.4339543,154.0,근린생활서비스,1973.0,042-253-1550,,,,,
MKT000958,군포역전시장,상설장,경기도 군포시 군포로538번길 18,경기도 군포시 당동 750-9,매일,37.35386933,126.9476622,60.0,농산물+축산물+수산물+가공식품+의류+신발+가정용품+음식점+근린생활서비스,1985.0,031-455-3366,,,,,
MKT000959,민락어패류시장,상설장,부산광역시 수영구 광안해변로 278,부산광역시 수영구 민락동 181-8,매일,35.1556955,129.1243612,47.0,수산물,1989.0,,,,,,
MKT000960,충렬상가시장,상설장,부산광역시 동래구 충렬대로459번길 73-10,부산광역시 동래구 안락동 464-21,매일,35.19809586,129.1099534,27.0,농산물+축산물+수산물+가공식품+음식점,1983.0,051-522-6868,,,,,
MKT000961,안락상가시장,상설장,부산광역시 동래구 충렬대로410번길 21,부산광역시 동래구 안락동 603-1,매일,35.19547988,129.1033085,59.0,농산물+축산물+수산물+가공식품+의류+가정용품+음식점,1976.0,051-523-6587,,,,,
MKT000962,서원시장,상설장,부산광역시 동래구 충렬대로359번길 55,부산광역시 동래구 안락동 425-51,매일,35.20039365,129.0990109,45.0,농산물+축산물+수산물+가공식품+의류+신발+가정용품+음식점,1977.0,051-523-4426,,,,,
MKT000963,수안인정시장,상설장,부산광역시 동래구 충렬대로245번길 8,부산광역시 동래구 수안동 275-2,매일,35.20149174,129.0865781,160.0,농산물+축산물+수산물+가공식품+의류+신발+가정용품+음식점,2007.0,051-555-0073,,,,,
MKT000964,사직시장,상설장,부산광역시 동래구 사직북로34번길 48,부산광역시 동래구 사직동 49-1,매일,35.20005107,129.0623223,112.0,농산물+축산물+수산물+가공식품+의류+신발+가정용품+음식점,1978.0,051-506-8002,,,,,
MKT000965,국민시장,상설장,부산광역시 동래구 사직북로33번길 31,부산광역시 동래구 사직동 44-1,매일,35.19840108,129.0582405,78.0,농산물+축산물+수산물+가공식품+의류+신발+가정용품+음식점,1977.0,051-501-4122,,,,,
MKT000966,신정시장,상설장,부산광역시 동래구 아시아드대로134번길 62,부산광역시 동래구 사직동 128-1,매일,35.19679122,129.0694863,46.0,농산물+가공식품+의류+신발+가정용품+음식점,1977.0,,,,,,
MKT000967,원종종합시장,상설장,경기도 부천시 오정구 삼작로 394,경기도 부천시 오정구 원종동 372-1,매일,37.51974201,126.8055478,51.0,농산물+축산물+수산물,1987.0,032-681-0985,,,,,
MKT000968,명장시장,상설장,부산광역시 동래구 명장로64번길 12,부산광역시 동래구 명장동 145-9,매일,35.20403146,129.1074706,32.0,농산물+축산물+수산물+가공식품+의류+신발+가정용품+음식점,1980.0,,,,,,
MKT000969,초량전통시장,상설장,부산광역시 동구 초량로13번길 24,부산광역시 동구 초량동 308-1,매일,35.11804138,129.0396662,90.0,농산물+축산물+수산물+가공식품+의류+신발+가정용품+음식점,1960.0,051-442-5445,,,,,
MKT000970,초량상가시장,상설장,부산광역시 동구 초량로 15,부산광역시 동구 초량동 200,매일,35.11890115,129.0399838,99.0,농산물+수산물+의류+가정용품+음식점+근린생활서비스,1975.0,051-463-3305,,,,,
MKT000971,수정전통시장,상설장,부산광역시 동구 진성로21번길,,매일,35.1298115172195,129.046647448575,112.0,농산물+축산물+수산물+가공식품+의류+신발+가정용품+음식점+근린생활서비스,1960.0,,,Kakao_주소검색,부산광역시 동구 진성로21번길,,
MKT000972,수정시장,상설장,부산광역시 동구 고관로 106,부산광역시 동구 수정동 170-1,매일,35.12823716,129.0463919,60.0,농산물+축산물+수산물+가공식품+의류+신발+가정용품+음식점+근린생활서비스,1979.0,051-468-6176,,,,,
MKT000973,범일골목시장,상설장,부산광역시 동구 범곡북로 11,부산광역시 동구 범일동 1307-9,매일,35.14161538,129.0544611,75.0,농산물+축산물+수산물+가공식품+의류+신발+가정용품+음식점+근린생활서비스,1970.0,,,,,,
MKT000974,부산진시장,상설장,부산광역시 동구 진시장로 24,부산광역시 동구 범일동 290-1,매일,35.13642531,129.0588399,1050.0,농산물+축산물+수산물+가공식품+의류+신발+가정용품+음식점+근린생활서비스,1974.0,051-646-7043,,,,,
MKT000975,부산남문시장,상설장,부산광역시 동구 범일로65번길 8,부산광역시 동구 범일동 290-3,매일,35.13592329,129.0586847,196.0,농산물+의류+신발+가정용품+음식점+근린생활서비스,1974.0,051-645-9691,,,,,
MKT000976,부산자유시장,상설장,부산광역시 동구 조방로 48,부산광역시 동구 범일동 830-24,매일,35.14096583,129.0610388,1483.0,농산물+축산물+가공식품+의류+신발+가정용품+음식점+근린생활서비스,1975.0,051-632-8785,,,,,
MKT000977,성북시장,상설장,,부산광역시 동구 범일동 1430-6,매일,35.13855921,129.0481765273,108.0,농산물+축산물+수산물+가공식품+의류+신발+가정용품+음식점+근린생활서비스,1960.0,,,,,,
MKT000978,우암골목시장,상설장,부산광역시 남구 장고개로 9-1,부산광역시 남구 우암동 226-17,매일,35.12618059,129.0709109,114.0,농산물+축산물+수산물+가공식품+의류+신발+가정용품+음식점,1952.0,,,,,,
MKT000979,용호1동골목시장,상설장,부산광역시 남구 용호로106번길 56,부산광역시 남구 용호동 215-14,매일,35.1243582,129.1102038,136.0,농산물+축산물+수산물+가공식품+의류+신발+가정용품+음식점,1977.0,,,,,,
MKT000980,용호시장,상설장,부산광역시 남구 동명로 152번길 93,부산광역시 남구 용호동 516-10,매일,35.11491426,129.1127725,54.0,농산물+축산물+수산물+가공식품+의류+신발+가정용품+음식점,1975.0,051-623-3818,,,,,
MKT000981,용호삼성시장,상설장,부산광역시 남구 용호로 106번길 40,부산광역시 남구 용호동 128-1,매일,35.12389935,129.1105368,25.0,농산물+축산물+수산물+가공식품+의류+신발+가정용품+음식점,1977.0,,,,,,
MKT000982,용호골목시장,상설장,부산광역시 남구 용호로 177번길5,부산광역시 남구 용호동 494-19,매일,35.11640599,129.1114621,116.0,농산물+축산물+수산물+가공식품+의류+신발+가정용품+음식점,1975.0,051-623-7694,,,,,
MKT000983,대연시장,상설장,부산광역시 남구 못골로 56,부산광역시 남구 대연동 1760-1,매일,35.13567567,129.0884182,81.0,농산물+축산물+수산물+가공식품+의류+신발+가정용품+음식점+근린생활서비스,1970.0,051-621-8991,,,,,
MKT000984,못골골목시장,상설장,부산광역시 남구 못골로 66-1,부산광역시 남구 대연동 1416-23,매일,35.13586205,129.0896296,147.0,농산물+축산물+수산물+가공식품+의류+신발+가정용품+음식점+근린생활서비스,1965.0,070-8808-3203,,,,,
MKT000985,남광시장,상설장,부산광역시 남구 홍곡로 359,부산광역시 남구 대연동 1169-1,매일,35.12399327,129.0887175,48.0,농산물+축산물+수산물+가공식품+의류+신발+가정용품+음식점,1955.0,,,,,,
MKT000986,성곡종합시장,상설장,부산광역시 부산진구 새싹로 207-6,부산광역시 부산진구 초읍동 271-6,매일,35.17478551,129.0480782,59.0,농산물+수산물+가공식품+의류+음식점,1978.0,051-807-6773,,,,,
MKT000987,전포놀이터시장,상설장,부산광역시 부산진구 서전로67번길 20,부산광역시 부산진구 전포동 198-11,매일,35.15872913,129.0673027,58.0,농산물+축산물+수산물+가공식품+의류+신발+가정용품+음식점,1972.0,051-818-2212,,,,,
MKT000988,서면중앙시장,상설장,부산광역시 부산진구 동성로 143,부산광역시 부산진구 전포동 608-1,매일,35.16087856,129.0632892,183.0,근린생활서비스,1981.0,051-803-9884,,,,,
MKT000989,연지시장,상설장,부산광역시 부산진구 연지로14,부산광역시 부산진구 연지동 190-40,매일,35.17090389,129.0513996,80.0,농산물+축산물+수산물+가공식품+의류+신발+가정용품+음식점,2012.0,,,,,,
MKT000990,양정전통시장,상설장,부산광역시 부산진구 동평로 410,부산광역시 부산진구 양정동 370-1,매일,35.17359419,129.069435,32.0,농산물+축산물+수산물+가공식품+의류+가정용품+음식점+근린생활서비스,2013.0,,,,,,
MKT000991,양정시장,상설장,부산광역시 부산진구 동평로420번길 18,부산광역시 부산진구 양정동 390,매일,35.17278081,129.0697876,122.0,농산물+가공식품+의류+가정용품+음식점,1971.0,051-852-3465,,,,,
MKT000992,부전기장골목시장,상설장,부산광역시 부산진구 중앙대로775번길 21,부산광역시 부산진구 부전동 341-70,매일,35.16220291,129.0612344,61.0,농산물+축산물+수산물+가공식품+의류+신발+가정용품+음식점,2014.0,051-808-9117,,,,,
MKT000993,서면시장,상설장,부산광역시 부산진구 서면로 56,부산광역시 부산진구 부전동 256-6,매일,35.15565904,129.0581395,218.0,농산물+축산물+수산물+가공식품+의류+신발+가정용품+음식점+근린생활서비스,1972.0,051-806-5025,,,,,
MKT000994,부산전자종합시장,상설장,부산광역시 부산진구 부전로 196,부산광역시 부산진구 부전동 27-1,매일,35.16375165,129.0624353,136.0,가정용품+근린생활서비스,1981.0,051-809-0863,,,,,
MKT000995,부전농수산물새벽시장,상설장,부산광역시 부산진구 부전로 156,부산광역시 부산진구 부전동 347-1,매일,35.16224371,129.0583055,265.0,농산물+축산물+수산물+가공식품+의류+신발+가정용품+음식점,1985.0,051-802-8251,,,,,
MKT000996,부전상가,상설장,부산광역시 부산진구 중앙대로 755번길 21,부산광역시 부산진구 부전동 265-25,매일,35.16034809,129.0595526,650.0,농산물+축산물+수산물+가공식품+의류+신발+가정용품+음식점,1950.0,051-818-9424,,,,,
MKT000997,부전인삼시장,상설장,부산광역시 부산진구 중앙대로783번길 23 (부전시장),부산광역시 부산진구 부전동 573-3,매일,35.16323429,129.0609058,61.0,농산물+축산물+수산물+가공식품,1978.0,,,,,,
MKT000998,서면종합시장,상설장,부산광역시 부산진구 부전로 162번길 28,부산광역시 부산진구 부전동 347-40,매일,35.16191688,129.0589776,219.0,농산물+축산물+가공식품+의류+신발+가정용품+음식점,1980.0,051-809-7816,,,,,
MKT000999,부전시장,상설장,부산광역시 부산진구 중앙대로 783번길 23,부산광역시 부산진구 부전동 573-3,매일,35.16323429,129.0609058,342.0,농산물+축산물+수산물+가공식품+의류+신발+가정용품+음식점,1975.0,051-818-1091,,,,,
MKT001000,골드테마거리,상설장,부산광역시 부산진구 범일로 134 중앙빌딩,부산광역시 부산진구 법천1동 836-1,매일,35.14193347,129.0597796,335.0,근린생활서비스,1980.0,051-633-3274,,,,,
MKT001001,철뚝시장,상설장,부산광역시 부산진구 자유평화로3번길 14-15,부산광역시 부산진구 범천동 839-36,매일,35.14221852,129.061564,82.0,농산물+축산물+수산물+가공식품+의류+신발+가정용품+음식점,1968.0,,,,,,
MKT001002,부산평화시장,상설장,부산광역시 부산진구 자유평화로 7,부산광역시 부산진구 범천동 839-212,매일,35.14169298,129.0606731,930.0,의류+신발,1970.0,051-646-6561,,,,,
MKT001003,동평새시장,상설장,부산광역시 부산진구 백양순환로164번길 15,부산광역시 부산진구 당감동 315-4,매일,35.16662939,129.0409121,59.0,농산물+축산물+수산물+가공식품+의류+음식점+근린생활서비스,2012.0,,,,,,
MKT001004,국제상가,상설장,부산광역시 부산진구 백양관문로 104-1,부산광역시 부산진구 당감동 791,매일,35.16843795,129.0282049,100.0,농산물+축산물+수산물+가공식품+의류+신발+가정용품+음식점+근린생활서비스,1995.0,,,,,,
MKT001005,당감새시장,상설장,부산광역시 부산진구 백양대로 60번길 64,부산광역시 부산진구 당감동 292-118,매일,35.16505858,129.0421458,130.0,농산물+축산물+수산물+가공식품+의류+신발+가정용품+음식점+근린생활서비스,2007.0,,,,,,
MKT001006,당감골목시장,상설장,부산광역시 부산진구 당감로16번길 33,부산광역시 부산진구 당감동 262-77,매일,35.16354772,129.0414277,109.0,농산물+축산물+수산물+가공식품+의류+신발+가정용품+음식점+근린생활서비스,1973.0,,,,,,
MKT001007,개금큰시장,상설장,부산광역시 부산진구 엄광로 15,부산광역시 부산진구 개금동 615-16,매일,35.14851071,129.0178858,49.0,농산물+수산물+가공식품+의류+음식점,1978.0,,,,,,
MKT001008,원종중앙시장,상설장,경기도 부천시 오정구 성오로124번길 47,경기도 부천시 오정구 원종동 209-5,매일,37.52507056,126.8023099,58.0,농산물+축산물,1991.0,032-678-2787,,,,,
MKT001009,가야벽산상가,상설장,부산광역시 부산진구 엄광로 122,부산광역시 부산진구 가야동 669-9,매일,35.14746265,129.0281338,75.0,농산물+축산물+가공식품+의류+음식점,1990.0,,,,,,
MKT001010,온천인정시장,상설장,부산광역시 동래구 온천장로125번길 41-2,부산광역시 동래구 온천동 146-29,매일,35.22311521,129.0831563,75.0,농산물+축산물+수산물+가공식품+의류+신발+가정용품+음식점,2005.0,051-517-8802,,,,,
MKT001011,금성상가시장,상설장,부산광역시 동래구 우장춘로4번길 23-8,부산광역시 동래구 온천동 1407-2,매일,35.20817748,129.0719375,18.0,농산물+축산물+수산물+가정용품+음식점,1976.0,051-554-2263,,,,,
MKT001012,금강시장,상설장,부산광역시 동래구 아시아드대로208번길 48,부산광역시 동래구 온천동 1376-7,매일,35.20162069,129.0685651,31.0,농산물+축산물+수산물+가공식품+가정용품+음식점,1976.0,,,,,,
MKT001013,사하시장,상설장,부산광역시 사하구 장평로 451,부산광역시 사하구 괴정동 550-38,매일,35.09835125,128.986466,52.0,농산물+축산물+수산물+가공식품+의류+신발+가정용품+음식점,1977.0,,,,,,
MKT001014,괴정골목시장,상설장,부산광역시 사하구 사하로 198,부산광역시 사하구 괴정동 964-17,매일,35.09934084,128.9937052,173.0,농산물+축산물+수산물+가공식품+의류+신발+가정용품+음식점,1973.0,051-294-8944,,,,,
MKT001015,감천2동시장,상설장,부산광역시 사하구 옥천로75번길 17,부산광역시 사하구 감천동 13-13,매일,35.09387881,129.0088484,51.0,농산물+수산물+가공식품+의류+신발+음식점+근린생활서비스,1979.0,,,,,,
MKT001016,감천시장,상설장,부산광역시 사하구 옥천로 8,부산광역시 사하구 감천동 471,매일,35.08826986,129.0055375,33.0,농산물+축산물+수산물+가공식품+의류+가정용품+음식점+근린생활서비스,1975.0,,,,,,
MKT001017,영해종합시장,상설장,부산광역시 사상구 학감대로 109-10,부산광역시 사상구 학장동 570-2,매일,35.14070935,128.9879557,28.0,축산물+가공식품+음식점,1995.0,,,,,,
MKT001018,학장반도보라상가,상설장,부산광역시 사상구 수산시 사상구 대동로 98,부산광역시 사상구 수산시 사상구 학장동 573-1,매일,35.1372845,128.9791729,132.0,농산물+축산물+가공식품+의류+신발+가정용품+음식점,1994.0,051-323-6453,,,,,
MKT001019,구덕대림상가,상설장,부산광역시 사상구 학감대로49번길 62,부산광역시 사상구 학장동 167-3,매일,35.13532193,128.9922457,32.0,농산물+음식점+근린생활서비스,1992.0,,,,,,
MKT001020,주례럭키종합상가,상설장,부산광역시 사상구 가야대로 284번길 12,부산광역시 사상구 주례동 595-4,매일,35.14874465,129.0029195,77.0,농산물+축산물+수산물+가공식품+의류+신발+가정용품+음식점,2014.0,051-311-3650,,,,,
MKT001021,주례현대무지개상가,상설장,부산광역시 사상구 주례로 93,부산광역시 사상구 주례동 530-5,매일,35.14496154,129.0049881,140.0,농산물+축산물+가공식품+의류+신발+가정용품+음식점,1996.0,051-324-6551,,,,,
MKT001022,부산광역시철강판매협동조합,상설장,부산광역시 사상구 강변대로532번길 17-26,부산광역시 사상구 엄궁동 643-4,매일,35.13320862,128.9666014,53.0,음식점+근린생활서비스,1997.0,,,,,,
MKT001023,부산광역시건축자재판매협동조합,상설장,부산광역시 사상구 강변대로 570,부산광역시 사상구 엄궁동 642,매일,35.13287687,128.9653867,71.0,음식점+근린생활서비스,1996.0,,,,,,
MKT001024,모라전통시장,상설장,부산광역시 사상구 사상로 483,부산광역시 사상구 모라동 1089-3,매일,35.18763297,128.9874408,67.0,농산물+축산물+수산물+가공식품+의류+신발+가정용품+음식점,2014.0,051-969-5353,,,,,
MKT001025,우신종합상가,상설장,부산광역시 사상구 백양대로 880,부산광역시 사상구 모라동 1362,매일,35.18311806,128.9912824,151.0,농산물+축산물+수산물+가공식품+의류+신발+가정용품+음식점,1992.0,051-312-7400,,,,,
MKT001026,복이있는덕포시장,상설장,부산광역시 사상구 사상로293번길12,부산광역시 사상구 덕포동 421-13,매일,35.17128054,128.9822575,180.0,농산물+축산물+수산물+가공식품+의류+신발+가정용품+음식점,2007.0,051-303-8393,,,,,
MKT001027,사상시장,상설장,부산광역시 사상구 사상로250번길 58,부산광역시 사상구 괘법동 379-1,매일,35.1666584,128.9855035,220.0,농산물+축산물+수산물+가공식품+의류+신발+가정용품+음식점,2017.0,,,,,,
MKT001028,르네시떼시장,상설장,부산광역시 사상구 광장로7,부산광역시 사상구 괘법동 529-1,매일,35.16433455,128.9777212,2620.0,의류+신발+가정용품+음식점,1999.0,051-319-5000,http://www.renecite21.com/,,,,
MKT001029,부산산업용품상협동조합,상설장,부산광역시 사상구 괘감로 37,부산광역시 사상구 괘법동 578,매일,35.15975736,128.9804306,981.0,근린생활서비스,1998.0,051-319-0903,부산공구상가.kr,,,,
MKT001030,감전시장,상설장,부산광역시 사상구 새벽로168번길 21-6,부산광역시 사상구 감전동 121-12,매일,35.15610243,128.984607,137.0,농산물+축산물+수산물+가공식품+의류+신발+가정용품+음식점,2017.0,,,,,,
MKT001031,부산새벽시장,상설장,부산광역시 사상구 새벽로 141,부산광역시 사상구 감전동 143-16,매일,35.15414647,128.9824232,286.0,농산물+축산물+수산물+가공식품+음식점,2006.0,,,,,,
MKT001032,부산산업용재유통상가,상설장,부산광역시 사상구 새벽로 131,부산광역시 사상구 감전동 152-2,매일,35.15329601,128.9810797,852.0,농산물+축산물+가공식품+음식점+근린생활서비스,1995.0,,,,,,
MKT001033,감전제일상가시장,상설장,부산광역시 사상구 새벽로168번길 21-11,부산광역시 사상구 감전동 121-12,매일,35.15632853,128.9845501,23.0,농산물+가공식품+의류+신발+음식점,1977.0,,,,,,
MKT001034,만덕2동제일상가시장,상설장,부산광역시 북구 함박봉로140번길 109,부산광역시 북구 만덕동 945-2,매일,35.2022338,129.0361266,37.0,농산물+가공식품+음식점,1995.0,,,,,,
MKT001035,만덕시장,상설장,부산광역시 북구 만덕1로24번길 8,부산광역시 북구 만덕동 829,매일,35.21449706,129.0353682,57.0,농산물+가공식품+음식점,1976.0,051-332-7612,,,,,
MKT001036,덕천시장,상설장,,부산광역시 북구 덕천동 411-5,매일,35.21121969,129.0134242,140.0,가공식품+음식점,1980.0,051-333-2560,,,,,
MKT001037,구포축산물도매시장,상설장,부산광역시 북구 사상로583번길 25,부산광역시 북구 구포동 1188-3,매일,35.19619211,128.9892082,163.0,축산물,1970.0,051-301-3517,,,,,
MKT001038,정이있는구포시장,상설장+3일장,부산광역시 북구 구포시장2길 8,부산광역시 북구 구포동 599-39,3일+8일,35.20835959,129.0038559,750.0,농산물+축산물+수산물+가공식품+의류+신발+가정용품+음식점,1934.0,051-333-9033,,,,,
MKT001039,초읍시장,상설장,부산광역시 부산진구 성지로51번길 60,부산광역시 부산진구 초읍동 225,매일,35.17731689,129.0528596,53.0,농산물+축산물+수산물+가공식품+의류+신발+가정용품+음식점,1980.0,,,,,,
MKT001040,광안어패류시장,상설장,부산광역시 수영구 민락수변로7번길 19,부산광역시 수영구 민락동 181-72,매일,35.1555939,129.1245334,60.0,수산물,1989.0,,,,,,
MKT001041,망미중앙시장,상설장,부산광역시 수영구 망미배산로10번길 40,부산광역시 수영구 망미동 431-6,매일,35.17568162,129.106878,102.0,농산물+축산물+수산물+가공식품+의류+가정용품+음식점,1980.0,,,,,,
MKT001042,망미새상가시장,상설장,부산광역시 수영구 연수로263번길 12-32,부산광역시 수영구 망미동 831-13,매일,35.17360458,129.100461,43.0,농산물+축산물+수산물+가공식품+의류+신발+가정용품+음식점,1977.0,,,,,,
MKT001043,망미삼성상가시장,상설장,부산광역시 수영구 연수로310번길 74,부산광역시 수영구 망미동777,매일,35.16942604,129.1028127,28.0,가정용품+근린생활서비스,1992.0,,,,,,
MKT001044,삼익비치A상가시장,상설장,부산광역시 수영구 광안해변로 95,부산광역시 수영구 남천동 148-9,매일,35.14321639,129.1139867,108.0,가공식품+신발+가정용품,1980.0,,,,,,
MKT001045,남천해변시장,상설장,부산광역시 수영구 광안해변로15번길 77,부산광역시 수영구 남천동 556,매일,35.13915725,129.1090438,154.0,농산물+축산물+가공식품+의류+신발,1989.0,051-624-9646,,,,,
MKT001046,삼익비치B상가시장,상설장,부산광역시 수영구 광안해변로 95,부산광역시 수영구 남천동 148-9,매일,35.14321639,129.1139867,78.0,농산물+축산물+수산물+가공식품+의류,1981.0,051-626-8843,,,,,
MKT001047,광안시장,상설장,부산광역시 수영구 수영로603번길 18,부산광역시 수영구 광안동559-2,매일,35.16017853,129.1124667,53.0,농산물+축산물+수산물+가공식품,1955.0,,,,,,
MKT001048,충무동골목시장,상설장,부산광역시 서구 충무대로267번길 5,부산광역시 서구 충무동1가 38-32,매일,35.09428445,129.023658,151.0,음식점,1967.0,051-242-3722,,,,,
MKT001049,충무동해안시장,상설장,부산광역시 서구 자갈치로 14-12,부산광역시 서구 충무동1가 1-74,매일,35.09588564,129.0259893,77.0,농산물+축산물+수산물+가공식품+음식점,1965.0,051-247-7740,,,,,
MKT001050,송남시장,상설장,부산광역시 서구 충무대로 34,부산광역시 서구 암남동 346-2,매일,35.07851,129.0168108,32.0,농산물+축산물+음식점,1978.0,051-255-4059,,,,,
MKT001051,아미시장,상설장,부산광역시 서구 아미초장로 132,부산광역시 서구 아미동2가 96-11,매일,35.09965023,129.0174856,30.0,농산물+축산물+수산물+가공식품+신발+가정용품+음식점,1960.0,,,,,,
MKT001052,서대신동골목시장,상설장,부산광역시 서구 구덕로295번길 4,부산광역시 서구 서대신동2가 99-5,매일,35.11041299,129.0173233,91.0,농산물+축산물+수산물+가공식품+의류+가정용품+음식점,1952.0,051-253-8814,,,,,
MKT001053,서대신1동골목시장,상설장,부산광역시 서구 대영로30번길 19-1,부산광역시 서구 서대신동1가 149-4,매일,35.1086586,129.0144397,27.0,농산물+가정용품+음식점,1950.0,,,,,,
MKT001054,대신시장,상설장,부산광역시 서구 대영로 78,부산광역시 서구 동대신동1가 113-1,매일,35.11037336,129.0197021,88.0,농산물+축산물+수산물+가공식품+의류+신발,1932.0,051-242-1459,,,,,
MKT001055,동대신1동골목시장,상설장,부산광역시 서구 대영로74번길 4,부산광역시 서구 동대신동1가 129-6,매일,35.1103097,129.019196,37.0,농산물+축산물+수산물+가공식품+가정용품+음식점,1978.0,,,,,,
MKT001056,충무동새벽시장,상설장,부산광역시 서구 해안새벽시장길 70,부산광역시 서구 남부민동 684,매일,35.09302324,129.0247409,147.0,농산물+축산물+수산물,1965.0,051-512-4727,,,,,
MKT001057,에덴골목시장,상설장,부산광역시 사하구 낙동대로535번길 33,부산광역시 사하구 하단동 500-29,매일,35.11114738,128.9627261,43.0,농산물+축산물+수산물+가공식품+의류+가정용품+음식점,1988.0,,,,,,
MKT001058,하단오일상설시장,상설장,부산광역시 사하구 제석로17번길 1,부산광역시 사하구 하단동 620-8,2일+7일,35.10372566,128.9708055,108.0,농산물+축산물+수산물+가공식품+의류+신발+가정용품+음식점,1960.0,,,,,,
MKT001059,단대전통시장,상설장,경기도 성남시 중원구 광명로289,경기도 성남시 중원구 금광동 10,매일,37.44434033,127.1583278,85.0,농산물+축산물+수산물+가공식품+의류+신발+가정용품+음식점+근린생활서비스,1993.0,031-749-8982,,,,,
MKT001060,장림골목시장,상설장,부산광역시 사하구 장림시장 5길 95,부산광역시 사하구 장림동 641-268,매일,35.0804627,128.9676804,90.0,농산물+축산물+수산물+가공식품+의류+가정용품+음식점,1977.0,051-261-5354,,,,,
MKT001061,장림시장,상설장,부산광역시 사하구 장림번영로 22,부산광역시 사하구 장림동 792-7,매일,35.08093025,128.9677464,29.0,농산물+수산물+가공식품+가정용품+음식점,1976.0,,,,,,
MKT001062,성남남한산성시장(은행골목시장),상설장,경기도 성남시 중원구 산성대로518번길 7,경기도 성남시 중원구 은행동 1565,매일,37.4569514,127.1644284,66.0,농산물+축산물+수산물+가공식품+의류+신발+가정용품+음식점+근린생활서비스,2013.0,031-745-9848,,,,,
MKT001063,신평종합시장,상설장,부산광역시 사하구 다대로134번길 44,부산광역시 사하구 신평동 111-213,매일,35.09162211,128.9767093,21.0,농산물+의류+가정용품+음식점+근린생활서비스,1981.0,051-903-4830,,,,,
MKT001064,하단시장,상설장,부산광역시 사하구 승학로2번길 1,부산광역시 사하구 당리동 302-7,매일,35.10627945,128.9694852,48.0,농산물+수산물+가공식품+의류+신발+가정용품+음식점+근린생활서비스,1978.0,051-291-7032,,,,,
MKT001065,당리시장,상설장,부산광역시 사하구 제석로62번길 16,부산광역시 사하구 당리동 143-1,매일,35.10546316,128.9753435,32.0,농산물+축산물+수산물+가공식품+가정용품+음식점+근린생활서비스,1980.0,,,,,,
MKT001066,다대씨-파크,상설장,부산광역시 사하구 다대동로 20,부산광역시 사하구 다대동 680-2,매일,35.05514162,128.9719714,231.0,수산물,1996.0,051-262-0180,,,,,
MKT001067,영산시장,5일장,경상남도 창녕군 영산면 신영산로56,경상남도 창녕군 영산면 성내리 516-4,5일+10일,35.45704302,128.5325963,51.0,농산물+축산물+수산물+가공식품+의류+신발+가정용품,1957.0,,,,,,
MKT001068,남지시장,상설장,경상남도 창녕군 남지읍 본동길4,경상남도 창녕군 남지읍 남지리 531,2일+7일,35.38911294,128.4824933,120.0,농산물+축산물+수산물+가공식품+의류+신발+가정용품+음식점,1956.0,,,,,,
MKT001069,비봉시장,상설장,경상남도 진주시 진주대로1070번길 15-1,경상남도 진주시 대안동 2-5,매일,35.19549686,128.0852141,48.0,농산물+축산물+수산물+가공식품+의류+가정용품+음식점,2023.0,,,,,,
MKT001070,평거한보하이타운,상설장,경상남도 진주시 순환로 553번길 7,경상남도 진주시 평거동 301-1,매일,35.17261455,128.05929,143.0,축산물+가공식품+의류+음식점,1995.0,055-742-6853,,,,,
MKT001071,천전시장,상설장,경상남도 진주시 진주대로 954번길 4,경상남도 진주시 칠암동 306-1,매일,35.18505421,128.0885772,67.0,농산물+축산물+수산물+가공식품+의류+신발+가정용품+음식점+근린생활서비스,1945.0,,,,,,
MKT001072,진주논개시장(장대시장),상설장,경상남도 진주시 진양호로569번길 12,경상남도 진주시 장대동 58-8,매일,35.19506184,128.0872175,294.0,농산물+축산물+수산물+가공식품+의류+신발+가정용품+음식점+근린생활서비스,1962.0,055-745-0120,,,,,
MKT001073,일반성시장,상설장+3일장,경상남도 진주시 일반성면 동부로1993번길 27,경상남도 진주시 일반성면 창촌리 92,3일+8일,35.17121682,128.2822147,51.0,농산물+축산물+수산물+가공식품+의류+신발+가정용품+음식점+근린생활서비스,1962.0,,,,,,
MKT001074,이현종합상가,상설장,경상남도 진주시 신안로 165,경상남도 진주시 이현동 21-3,매일,35.19198664,128.0661291,520.0,가공식품+근린생활서비스,1993.0,055-742-0343,,,,,
MKT001075,진주청과시장,상설장,경상남도 진주시 촉석로 226번길 3,경상남도 진주시 수정동 25-28,매일,35.19624733,128.0866843,228.0,농산물+축산물+수산물,1960.0,055-748-4955,,,,,
MKT001076,자유시장,상설장,경상남도 진주시 도동천로 95,경상남도 진주시 상대동 276-9,매일,35.18016981,128.1103469,145.0,농산물+축산물+수산물+가공식품+의류+신발+음식점,1979.0,055-752-3095,,,,,
MKT001077,동부종합상가,상설장,경상남도 진주시 대신로299번길 7,경상남도 진주시 상대동 193-1,매일,35.18704685,128.1162152,55.0,농산물+수산물+가공식품+의류+음식점+근린생활서비스,1980.0,051-752-9540,,,,,
MKT001078,새서부시장,상설장,경상남도 진주시 진주대로1175번길16-1,경상남도 진주시 봉곡동 28-5,2일+7일,35.19494636,128.0759288,141.0,농산물+축산물+수산물+가공식품+신발+가정용품+음식점,,,,,,,
MKT001079,문산시장,4일장,경상남도 진주시 문산읍 소문길 68,경상남도 진주시 문산읍 소문리 112-6,4일+9일,35.17042347,128.1691246,10.0,농산물+축산물+수산물+가공식품+의류+신발+가정용품+음식점,1934.0,,,,,,
MKT001080,진주중앙시장,상설장,경상남도 진주시 진양호로547번길 8-1,경상남도 진주시 대안동 8-600,매일,35.19391998,128.0848966,420.0,농산물+축산물+수산물+가공식품+의류+신발+가정용품+음식점+근린생활서비스,1884.0,055-741-2151,,,,,
MKT001081,대곡시장,상설장,경상남도 진주시 대곡면 진의로 1079번길 6,경상남도 진주시 대곡면 광석리 321-7,1일+6일,35.26370317,128.168562,9.0,농산물+수산물+의류+신발+가정용품+음식점,1962.0,,,,,,
MKT001082,금곡시장,상설장,경상남도 진주시 금곡면 구암두문로 1021-9,경상남도 진주시 금곡면 두문리 639-1,1일+6일,35.0907536,128.1862332,,농산물+축산물+수산물+가공식품+의류+신발+가정용품+음식점,1962.0,,,,,,
MKT001083,진주동성상가,상설장,경상남도 진주시 진주대로 901,경상남도 진주시 강남동 219,매일,35.18091944,128.0893345,316.0,의류+신발+가정용품+음식점,1994.0,,,,,,
MKT001084,의령시장,상설장+3일장,경상남도 의령군 의령읍 의병로18길 13,경상남도 의령군 의령읍 서동리 494-8,3일+8일,35.31851286,128.2606632,99.0,농산물+축산물+수산물+가공식품+의류+신발+가정용품+음식점,1930.0,055-573-2227,,,,,
MKT001085,신반시장,상설장+4일장,경상남도 의령군 부림면 신번로9길 11,경상남도 의령군 부림면 신반리 563-2,4일+9일,35.46810715,128.3250278,21.0,농산물+축산물+수산물+가공식품+의류+신발+가정용품+음식점,1932.0,,,,,,
MKT001086,신평시장,상설장+3일장,경상남도 양산시 하북면 신평강변3길 11,경상남도 양산시 하북면 순지리 575,3일+8일,35.49059663,129.0858533,48.0,농산물+축산물+수산물+가공식품+의류+신발+가정용품+음식점+근린생활서비스,1962.0,,,,,,
MKT001087,양산남부시장상가,상설장,경상남도 양산시 장터3길 7,경상남도 양산시 중부동 407-3,1일+6일,35.34339273,129.037046,107.0,농산물+축산물+수산물+가공식품+의류+신발+가정용품+음식점+근린생활서비스,1995.0,055-386-5236,,,,,
MKT001088,양산남부시장,상설장,경상남도 양산시 중앙로 133,경상남도 양산시 중부동 423-5,1일+6일,35.34244341,129.0372311,200.0,농산물+축산물+수산물+가공식품+의류+신발+가정용품+음식점+근린생활서비스,1978.0,055-385-3464,,,,,
MKT001089,석계시장,4일장,경상남도 양산시 상북면 삼계4길 2,경상남도 양산시 상북면 석계리 34-9,4일+9일,35.41957782,129.06393,62.0,농산물+축산물+수산물+가공식품+의류+신발+가정용품+음식점,1954.0,,,,,,
MKT001090,서창시장,상설장+4일장,경상남도 양산시 서창서2길 5,경상남도 양산시 삼호동 525,4일+9일,35.41625784,129.1720087,38.0,농산물+축산물+수산물+가공식품+의류+신발+가정용품+음식점+근린생활서비스,1919.0,,,,,,
MKT001091,양산북부시장,상설장,경상남도 양산시 중앙로 232,경상남도 양산시 북부동 148-19,매일,35.35045076,129.041194,122.0,농산물+축산물+수산물+가공식품+의류+신발+가정용품+음식점+근린생활서비스,1988.0,055-387-5520,http://ysbukbu.itrocks.kr/?doc=index,,,,
MKT001092,북동공설시장,상설장,경상남도 창원시 의창구 의안로 49번길 30,경상남도 창원시 의창구 북동 249-1,매일,35.26617837,128.6206956,45.0,농산물+축산물+가공식품+음식점+근린생활서비스,2001.0,055-299-3108,,,,,
MKT001093,대동그린코아상가,상설장,경상남도 창원시 성산구 창원천로 294,경상남도 창원시 성산구 반지동 23,매일,35.24508505,128.670389,74.0,의류+음식점+근린생활서비스,1991.0,055-277-0999,,,,,
MKT001094,명서시장,상설장,경상남도 창원시 의창구 원이대로189번길 42,경상남도 창원시 의창구 명서동 75-1,매일,35.24937275,128.6465716,179.0,농산물+축산물+수산물+가공식품+신발+가정용품+음식점+근린생활서비스,2005.0,055-265-3536,msmarket.kr,,,,
MKT001095,회성종합시장,상설장,경상남도 창원시 마산회원구 회성시장1길 16,경상남도 창원시 마산회원구 회성동 450-2,매일,35.2329295,128.5594101,114.0,농산물+축산물+수산물+가공식품+의류+신발+가정용품+음식점+근린생활서비스,1981.0,,,,,,
MKT001096,석전시장,상설장,경상남도 창원시 마산회원구 석전동 6길 32,경상남도 창원시 마산회원구 석전동 257-1,매일,35.23040104,128.5749057,141.0,농산물+수산물+가공식품+의류+음식점+근린생활서비스,1980.0,055-256-7661,,,,,
MKT001097,서마산시장,상설장,경상남도 창원시 마산회원구 석전남16길64,경상남도 창원시 마산회원구 석전동 155-1,매일,35.22901572,128.5691214,17.0,농산물+축산물+수산물+가공식품+음식점+근린생활서비스,1978.0,,,,,,
MKT001098,구암현대시장,상설장,경상남도 창원시 마산회원구 구암서2길 36,경상남도 창원시 마산회원구 구암동 19-11,매일,35.24770952,128.5910363,62.0,농산물+축산물+수산물+가공식품+의류+신발+가정용품+음식점,1980.0,,,,,,
MKT001099,마산역번개시장,상설장,경상남도 창원시 마산회원구 석전동 17길 37,경상남도 창원시 마산회원구 석전동 227-1,매일,35.23672222,128.5787496,80.0,농산물+축산물+수산물+가공식품+의류+가정용품+음식점,2011.0,,,,,,
MKT001100,마산수산시장,상설장,경상남도 창원시 마산합포구 수산1길 186,경상남도 창원시 마산합포구 동성동 310-1,매일,35.20293997,128.5804341,241.0,수산물,2014.0,055-222-4322,,,,,
MKT001101,진동전통시장,상설장+4일장,경상남도 창원시 마산합포구 진동면 진동시장길 62,경상남도 창원시 마산합포구 진동면 진동리 264-3,4일+9일,35.11331794,128.4873368,72.0,농산물+축산물+수산물+가공식품+의류+신발+가정용품+음식점,2012.0,,,,,,
MKT001102,진동시장,상설장+4일장,경상남도 창원시 마산합포구 진동면 진동시장길 43-7,경상남도 창원시 마산합포구 진동면 진동리 359-6,4일+9일,35.11359014,128.487923,22.0,농산물+축산물+수산물+가공식품+의류+음식점,1962.0,,,,,,
MKT001103,정우새어시장,상설장,경상남도 창원시 마산합포구 어시장7길126,경상남도 창원시 마산합포구 동성동 313,매일,35.20410405,128.5787107,72.0,농산물+축산물+수산물+가공식품+가정용품+음식점+근린생활서비스,1996.0,055-245-7054,,,,,
MKT001104,신마산시장,상설장,경상남도 창원시 마산합포구 문화동15길 13,경상남도 창원시 마산합포구 해운동 64,매일,35.18109351,128.5617121,126.0,농산물+축산물+수산물+가공식품+의류+신발+가정용품+음식점,1998.0,,,,,,
MKT001105,산호시장,상설장,경상남도 창원시 마산합포구 산호시장길 18,경상남도 창원시 마산합포구 산호동 28-8,매일,35.21837357,128.581716,81.0,농산물+축산물+수산물+가공식품+의류+신발+가정용품+음식점,1978.0,,,,,,
MKT001106,북마산중앙시장,상설장,경상남도 창원시 마산합포구 상남시장로3,경상남도 창원시 마산합포구 상남동 40-1,매일,35.21603828,128.5711777,210.0,농산물+수산물+가공식품+의류+가정용품+음식점,1976.0,055-246-0824,,,,,
MKT001107,부림시장,상설장,경상남도 창원시 마산함포구 3 15대로 352,경상남도 창원시 마산합포구 부림동 32,매일,35.20577070464505,128.57345050932548,396.0,의류,1981.0,055-246-3729,,Kakao_시장명검색,부림시장,마산 부림시장,경남 창원시 마산합포구 3.15대로 352
MKT001108,부림상시장,상설장,경상남도 창원시 마산합포구 3·15대로 349,경상남도 창원시 마산합포구 부림동 83-244,매일,35.20612909,128.5729194,50.0,가정용품+근린생활서비스,1982.0,,,,,,
MKT001109,신마산반월시장,상설장,경상남도 창원시 마산합포구 반월시장2길 2,경상남도 창원시 마산합포구 반월동 85-3,매일,35.18922274,128.5610113,75.0,농산물+축산물+수산물+가공식품+의류+신발+가정용품+음식점,2005.0,,,,,,
MKT001110,마산어시장,상설장,경상남도 창원시 마산합포구 복요리로 7,경상남도 창원시 마산합포구 동성동 314,매일,35.20376135,128.5789567,683.0,수산물,1780.0,055-224-0009,,,,,
MKT001111,대동씨코아상가시장,상설장,경상남도 창원시 마산합포구 월영동로8,경상남도 창원시 마산합포구 해운동 37-4,매일,35.17975023,128.5624438,170.0,의류+신발+가정용품+음식점,1993.0,055-602-0042,,,,,
MKT001112,월영대시장,상설장,경상남도 창원시 마산합포구 월영남1길 12,경상남도 창원시 마산합포구 해운동 12-13,매일,35.17946019,128.5576742,106.0,농산물+축산물+수산물+가공식품+의류+신발+가정용품+음식점+근린생활서비스,2013.0,055-223-0347,,,,,
MKT001113,북마산가구시장,상설장,경상남도 창원시 마산합포구 북성로 33-1,경상남도 창원시 마산합포구 추산동 1-57,매일,35.21035524,128.5722761,61.0,가정용품,2013.0,055-222-1478,,,,,
MKT001114,구암시장,상설장,경상남도 창원시 마산 회원구 구암남 14길 8,경상남도 창원시 마산회원구 구암동 87,매일,35.24953898,128.5996435,52.0,가공식품+의류+가정용품+음식점+근린생활서비스,1997.0,,,,,,
MKT001115,창녕상설시장,상설장+3일장,경상남도 창녕군 창녕읍 시장길 66,경상남도 창녕군 창녕읍 164-38,3일+8일,35.5403157019284,128.497332417215,78.0,농산물+축산물+수산물+가공식품+의류+가정용품,1980.0,,,Kakao_시장명검색,창녕상설시장,창녕상설시장,경남 창녕군 창녕읍 창녕시장길 66
MKT001116,이방정기시장,상설장+4일장,경상남도 창녕군 이방면 이방대학로35-1,경상남도 창녕군 이방면 거남리 43-5,4일+9일,35.6014006671379,128.382880695043,9.0,농산물+축산물+수산물+가공식품+의류+신발+가정용품+음식점,1956.0,,,Kakao_시장명검색,이방정기시장,이방정기시장,경남 창녕군 이방면 이방대합로 351
MKT001117,도계부부시장,상설장,경상남도 창원시 의창구 원이대로 69번길 20,경상남도 창원시 의창구 도계동 400-1,매일,35.25721522,128.6371383,94.0,농산물+축산물+수산물+가공식품+의류+신발+가정용품+음식점+근린생활서비스,2007.0,055-277-5006,,,,,
MKT001118,토월복합상가시장,상설장,경상남도 창원시 의창구 신월로 42,경상남도 창원시 의창구 실월동68-1,매일,35.22803686,128.6919407,270.0,농산물+가공식품+의류+신발+가정용품+음식점+근린생활서비스,1992.0,055-284-3720,,,,,
MKT001119,소계시장,상설장,경상남도 창원시 의창구 소계로 83-6,경상남도 창원시 의창구 소계동 724-4,매일,35.25675239,128.5989701,66.0,농산물+축산물+가공식품+의류+신발+가정용품+음식점+근린생활서비스,1984.0,,,,,,
MKT001120,봉곡프라자상가,상설장,경상남도 창원시 의창구 창이대로205번길 5,경상남도 창원시 의창구 봉곡동 61-10,매일,35.24543773,128.659521,77.0,농산물+축산물+수산물+가공식품+의류+가정용품+음식점+근린생활서비스,1994.0,055-265-1237,,,,,
MKT001121,명곡종합상가,상설장,경상남도 창원시 의창구 명서로116번길 20,경상남도 창원시 의창구 명서동 75-16,매일,35.24848527,128.646224,182.0,의류+가정용품+음식점+근린생활서비스,1995.0,055-273-7234,,,,,
MKT001122,롯데종합상가,상설장,경상남도 창원시 의창구 용지로225,경상남도 창원시 의창구 용호동 63,매일,35.23403968,128.685431,81.0,농산물+축산물+가공식품+의류+음식점+근린생활서비스,1985.0,,,,,,
MKT001123,대동중앙상가,상설장,경상남도 창원시 의창구 반계로 105,경상남도 창원시 의창구 팔용동 124-2,매일,35.2545535,128.6165941,43.0,농산물+축산물+수산물+가공식품+의류+가정용품+음식점+근린생활서비스,1993.0,055-607-3663,,,,,
MKT001124,기산프라자,상설장,경상남도 창원시 마산합포구 오동동14길 29,경상남도 창원시 마산합포구 오동동 18-61,매일,35.20528716,128.58082,151.0,가공식품+가정용품,1997.0,055-243-4577,,,,,
MKT001125,경민인터빌상가,상설장,경상남도 창원시 마산회원구 양덕북12길 113,경상남도 창원시 마산회원구 양덕동 15-27,매일,35.23190306,128.5838182,76.0,가공식품+가정용품+음식점+근린생활서비스,2013.0,,,,,,
MKT001126,창원코아상가,상설장,경상남도 창원시 성산구 상남로 71,경상남도 창원시 성산구 상남동 73-4,매일,35.22044112,128.6795378,120.0,음식점,1997.0,055-282-0435,,,,,
MKT001127,창원캔버라상가,상설장,경상남도 창원시 성산구 중앙대로61번길 4,경상남도 창원시 성산구 중앙동 97-6,매일,35.22123568,128.6768305,25.0,근린생활서비스,1993.0,055-268-5015,,,,,
MKT001128,중앙시장(창원중앙시장),상설장,경상남도 창원시 성산구 외동반림로126번길 50,경상남도 창원시 성산구 중앙동 69-1,매일,35.22720544,128.6760568,224.0,음식점+근린생활서비스,1980.0,055-282-7009,,,,,
MKT001129,양곡유신종합상가,상설장,경상남도 창원시 성산구 신촌로 21,경상남도 창원시 성산구 신촌동 15-6,매일,35.20755326,128.6267741,37.0,음식점+근린생활서비스,1981.0,,,,,,
MKT001130,양곡시장,상설장,경상남도 창원시 성산구 신촌로102,경상남도 창원시 성산구 신촌동 33-2,매일,35.20085109,128.628329,102.0,농산물+축산물+수산물+가공식품+의류+신발+가정용품+음식점+근린생활서비스,1980.0,055-286-2458,,,,,
MKT001131,성원그랜드쇼핑상가,상설장,경상남도 창원시 성산구 동산로 124,경상남도 창원시 성산구 상남동 45-1,매일,35.21937212,128.6915851,546.0,농산물+축산물+수산물+가공식품+의류+신발+가정용품+음식점,1994.0,055-267-3496,http://grandsale.co.kr/,,,,
MKT001132,상남시장,상설장+4일장,경상남도 창원시 성산구 마디미로28,경상남도 창원시 성산구 상남동 16,4일+9일,35.22221729,128.6833743,408.0,농산물+축산물+수산물+가공식품+의류+신발+가정용품+음식점,2000.0,055-262-1494,www.daekkiri.com,,,,
MKT001133,사파동성종합상가,상설장,경상남도 창원시 성산구 창이대로 733,경상남도 창원시 성산구 사파동 93,매일,35.21947569,128.702196,85.0,농산물+축산물+가공식품+음식점+근린생활서비스,1993.0,055-261-4439,,,,,
MKT001134,반송시장,상설장,경상남도 창원시 성산구 원이대로473번길 20-11,경상남도 창원시 성산구 반림동 17-13,매일,35.23514045,128.6710424,136.0,농산물+축산물+수산물+가공식품+의류,2005.0,055-275-0449,,,,,
MKT001135,동성올림픽타운,상설장,경상남도 창원시 성산구 중앙대로 77,경상남도 창원시 성산구 중앙동 97-2,매일,35.22223259,128.6777296,87.0,음식점+근린생활서비스,1993.0,055-268-5605,,,,,
MKT001136,대방덕산1차상가,상설장,경상남도 창원시 성산구 대정로 131,경상남도 창원시 성산구 대방동 356,매일,35.2136147,128.7068944,69.0,농산물+축산물+가공식품+의류+신발+가정용품+음식점+근린생활서비스,1992.0,055-284-8262,,,,,
MKT001137,성원3차종합상가,상설장,경상남도 창원시 성산구 대암로80,경상남도 창원시 성산구 대방동 355,매일,35.21499999,128.7052999,101.0,가공식품+의류+가정용품+음식점+근린생활서비스,1992.0,055-282-8142,,,,,
MKT001138,대동훼미리코아상가,상설장,경상남도 창원시 성산구 대정로 138,경상남도 창원시 성산구 대방동 358,매일,35.2117479,128.7076239,115.0,농산물+수산물+가공식품+의류+신발+가정용품+음식점+근린생활서비스,1992.0,055-266-3096,,,,,
MKT001139,덕산그린피아상가,상설장,경상남도 창원시 성산구 용지로 64,경상남도 창원시 성산구 중앙동 98-6,매일,35.2216794,128.676027,78.0,음식점+근린생활서비스,1996.0,055-279-0045,,,,,
MKT001140,경창상가,상설장,경상남도 창원시 성산구 상남로 67,경상남도 창원시 성산구 상남동 73-5,매일,35.22016471,128.6793234,81.0,음식점+근린생활서비스,1982.0,055-287-4404,,,,,
MKT001141,가음정시장,상설장,경상남도 창원시 성산구 원이대로863번길24,경상남도 창원시 성산구 가음동 21-3,매일,35.20829022,128.6977985,171.0,농산물+축산물+수산물+의류+신발+음식점,2005.0,055-283-2552,,,,,
MKT001142,가음대상가,상설장,경상남도 창원시 성산구 원이대로 883번지 15-24,,매일,35.2080527969792,128.696994244553,238.0,의류+신발+음식점,1999.0,055-264-5920,,Kakao_시장명검색,가음대상가,가음시장대상가,경남 창원시 성산구 원이대로883번길 15-24
MKT001143,하동공설시장,상설장,경상남도 하동군 하동읍 시장 1길 12-2,경상남도 하동군 하동읍 읍내리 258-1,2일+7일,35.0698114,127.7483819,140.0,농산물+축산물+수산물+가공식품+의류+신발+가정용품,1977.0,055-884-2312,,,,,
MKT001144,진교공설시장,상설장+3일장,경상남도 하동군 진교면 선창길 24,경상남도 하동군 진교면 진교리 302-4,3일+8일,35.02717394,127.9038204,52.0,농산물+축산물+수산물+의류+신발+가정용품+음식점,1955.0,,,,,,
MKT001145,옥종공설시장,3일장,경상남도 하동군 옥종면 옥종사장길 5,경상남도 하동군 옥종면 청룡리,3일+8일,35.1810730424553,127.869754247694,35.0,농산물+수산물+의류+신발+가정용품+음식점,1953.0,,,Kakao_주소검색,경상남도 하동군 옥종면 청룡리,,
MKT001146,북천공설시장,4일장,경상남도 하동군 북천면 경서대로 2439-1,경상남도 하동군 북천면 직전리 597-1,4일+9일,35.1137211,127.8919908,21.0,농산물+수산물+의류+음식점+근린생활서비스,1949.0,,,,,,
MKT001147,계천공설시장(계천시장),5일장,경상남도 하동군 금남면 섬진강대로 977-17,경상남도 하동군 금남면 계천리 355-3,5일+10일,34.9959861,127.8094975,35.0,농산물+수산물+가공식품+의류+신발+가정용품+음식점,1962.0,,,,,,
MKT001148,통영중앙전통시장,상설장,경상남도 통영시 중앙시장1길14-16,경상남도 통영시 중앙동 38-4,2일+7일,34.84529762,128.4246206,275.0,농산물+수산물+의류+음식점,1980.0,055-649-5225,,,,,
MKT001149,서호전통시장,상설장,경상남도 통영시 새터길 58-9,경상남도 통영시 서호동 163-42,매일,34.84147391,128.4201819,238.0,농산물+축산물+수산물,1984.0,,,,,,
MKT001150,북신전통시장,상설장,경상남도 통영시 북신시장1길 66,경상남도 통영시 북신동 665-16,매일,34.85415943,128.4275287,139.0,농산물+축산물+수산물+가공식품+의류+신발+가정용품+음식점,1986.0,055-641-0032,,,,,
MKT001151,합성대로상가,상설장,경상남도 창원시 마산회원구 3·15대로 745,경상남도 창원시 마산회원구 합성동 85-14,매일,35.2386927,128.5824458,32.0,의류+신발+가정용품+음식점,2018.0,,,,,,
MKT001152,코오롱타운상가,상설장,경상남도 창원시 마산회원구 내서읍 호원로 361-2,경상남도 창원시 마산회원구 내서읍 호계리 10,매일,35.26570272,128.5256104,72.0,가공식품+의류+가정용품+음식점+근린생활서비스,2002.0,055-256-9394,,,,,
MKT001153,역전통합시장,상설장,경상남도 창원시 마산회원구 석전동15길 23,경상남도 창원시 마산회원구 석전동 226-2,매일,35.23613669,128.5794193,70.0,농산물+의류+음식점,1981.0,055-299-1033,,,,,
MKT001154,양덕중앙시장,상설장,경상남도 창원시 마산회원구 양덕북10길 23,경상남도 창원시 마산회원구 양덕동 15-1,매일,35.23264857,128.5842725,111.0,농산물+축산물+수산물+가공식품+의류+가정용품+음식점,1982.0,,,,,,
MKT001155,합성동상가,상설장,경상남도 창원시 마산회원구 합성옛길 136,경상남도 창원시 마산회원구 합성동 125-3,매일,35.23772413,128.5834595,73.0,축산물+가공식품+의류+음식점,2011.0,,,,,,
MKT001156,동마산시장,상설장,경상남도 창원시 마산 회원구 합성남8길 76,경상남도 창원시 마산회원구 합성동 326-1,매일,35.24003195,128.5875359,128.0,농산물+축산물+수산물+가공식품+의류+신발+가정용품+음식점,1978.0,055-256-3261,,,,,
MKT001157,합성옛길시장,상설장,경상남도 창원시 마산 회원구 합성옛길 77,경상남도 창원시 마산회원구 양덕동 7-1,매일,35.23533684,128.5820071,102.0,가정용품+음식점+근린생활서비스,2013.0,,,,,,
MKT001158,창원기계공구상가,상설장,경상남도 창원시 의창구 창원대로 400,경상남도 창원시 의창구 팔용동 16-1,매일,35.23376619,128.6410715,194.0,근린생활서비스,1993.0,055-238-0598,,,,,
MKT001159,진해중앙시장,상설장,경상남도 창원시 진해구 벚꽃로 60번길 25,경상남도 창원시 진해구 화천동 60-1,매일,35.15106741,128.6656454,290.0,농산물+축산물+수산물+가공식품+의류+신발+가정용품+음식점,1946.0,055-547-7990,,,,,
MKT001160,중부시장,상설장,경상남도 창원시 진해구 중초로 20,경상남도 창원시 진해구 경화동 1164-1,매일,35.15506526,128.6815616,106.0,농산물+축산물+수산물+가공식품+의류+가정용품+음식점,1977.0,055-546-0100,,,,,
MKT001161,웅천시장,4일장,경상남도 창원시 진해구 웅천중로56번길 8,경상남도 창원시 진해구 성내동 327,4일+9일,35.11102245,128.7509028,4.0,농산물+축산물+수산물+가공식품+의류+가정용품,1958.0,,,,,,
MKT001162,마천시장,5일장,경상남도 창원시 진해구 웅동로 57번가길 7,경상남도 창원시 진해구 마천동 134-6,5일+10일,35.12557099,128.7822355,9.0,농산물+수산물+가공식품+의류+신발+가정용품+음식점,1958.0,,,,,,
MKT001163,경화시장,상설장+3일장,경상남도 창원시 진해구 경화로 38번길,,3일+8일,35.1568525742019,128.688389993569,140.0,농산물+축산물+수산물+가공식품+의류+신발+음식점,1955.0,055-544-1112,,Kakao_주소검색,경상남도 창원시 진해구 경화로 38번길,,
MKT001164,지귀시장,상설장,경상남도 창원시 의창구 지귀로119번길 6,경상남도 창원시 의창구 봉곡동 61-4,1일+6일,35.24568147,128.6588339,70.0,농산물+축산물+수산물+가공식품+음식점,2014.0,055-237-6400,,,,,
MKT001165,소계옛길시장,상설장,경상남도 창원시 의창구 소계로 99-4,경상남도 창원시 의창구 소계동 723-3,매일,35.25791524,128.5982678,54.0,농산물+축산물+수산물+가공식품+의류+가정용품+음식점+근린생활서비스,2015.0,,,,,,
MKT001166,소답시장,상설장,경상남도 창원시 의창구 읍성로33번길 8,경상남도 창원시 의창구 북동 229-5,2일+7일,35.26563899,128.6212756,44.0,농산물+축산물+수산물+가공식품+의류+신발+가정용품+음식점+근린생활서비스,2012.0,055-253-3384,,,,,
MKT001167,봉곡민속체험시장,상설장,경상남도 창원시 의창구 봉곡로111번길 16,경상남도 창원시 의창구 봉곡동 145-1,매일,35.2469697,128.6719663,128.0,농산물+축산물+수산물+가공식품+의류+신발+가정용품+음식점+근린생활서비스,1987.0,055-267-1500,,,,,
MKT001168,북부상가시장,상설장,경상북도 경주시 금성로 396번길 7,경상북도 경주시 성건동 629-10,2일+7일,35.8534885,129.2075834,118.0,농산물+가공식품+의류+가정용품+음식점,2011.0,054-774-8765,,,,,
MKT001169,중앙신시장,상설장,경상북도 안동시 대안로98-15,경상북도 안동시 옥야동 285-1,2일+7일,36.56510661,128.7241511,406.0,농산물+축산물+수산물+가공식품+의류+신발+가정용품+음식점,1970.0,054-842-0040,,,,,
MKT001170,서면시장,5일장,경상북도 경주시 서면 내서로 401-5,경상북도 경주시 서면 아화리 240-2,5일+10일,35.89506107,129.0480446,17.0,농산물+축산물+수산물+가공식품+의류+신발+가정용품+음식점,1929.0,,,,,,
MKT001171,봉황중심상가시장,상설장,경상북도 경주시 원효로 89,경상북도 경주시 노동동 230,매일,35.84221396,129.2106571,510.0,농산물+축산물+수산물+가공식품+의류+신발+가정용품+음식점,2010.0,054-624-3505,,,,,
MKT001172,불국시장,상설장+4일장,경상북도 경주시 불국장터길 23-2,경상북도 경주시 구정동 429-7,4일+9일,35.77599831,129.3008003,34.0,농산물+축산물+수산물+가공식품+의류+신발+가정용품+음식점,1965.0,054-745-2003,,,,,
MKT001173,건천시장,상설장+5일장,경상북도 경주시 건천읍 내서로 1131-1,경상북도 경주시 건천읍 건천리 339-4,5일+10일,35.84830099,129.1048124,37.0,농산물+축산물+수산물+가공식품+의류+신발+가정용품+음식점,1914.0,,,,,,
MKT001174,감포시장,상설장+3일장,경상북도 경주시 감포읍 감포로 115,경상북도 경주시 감포읍 감포리 436-1,3일+8일,35.80410761,129.502011,46.0,농산물+축산물+수산물+가공식품+의류+신발+가정용품+음식점,1959.0,054-777-1102,,,,,
MKT001175,하양공설시장,상설장+4일장,경상북도 경산시 하양읍 대학로 1543,경상북도 경산시 하양읍 금락리 35-6,4일+9일,35.91562378,128.8192553,92.0,농산물+축산물+수산물+가공식품+의류+신발+가정용품+음식점,1931.0,053-856-0202,,,,,
MKT001176,자인공설시장,상설장+3일장,경상북도 경산시 자인면 자인로 206-4,경상북도 경산시 자인면 서부리 254,3일+8일,35.81649983,128.8229427,48.0,농산물+축산물+수산물+가공식품+의류+신발+가정용품+음식점,1969.0,,,,,,
MKT001177,황남상가시장,상설장,경상북도 경주시 포석로1058-7,경상북도 경주시 황남동 307-1,매일,35.83566075,129.2103092,57.0,농산물+가공식품+의류+음식점+근린생활서비스,1969.0,054-701-0030,,,,,
MKT001178,합천시장,상설장+3일장,경상남도 합천군 합천읍 옥산로 53,경상남도 합천군 합천읍 합천리 473-1,3일+8일,35.56850852,128.1611582,159.0,농산물+축산물+수산물+가공식품+의류+신발+가정용품+음식점,1985.0,055-932-0063,,,,,
MKT001179,초계시장,상설장+5일장,경상남도 합천군 초계면 내동아막길 3,경상남도 합천군 초계면 초계리 50-1,5일+10일,35.5595647,128.2671002,62.0,농산물+축산물+수산물+가공식품+의류+신발+가정용품+음식점,1930.0,,,,,,
MKT001180,야로시장,상설장,경상남도 합천군 야로면 시장길 7-5,경상남도 합천군 야로면 구정리 274-1,2일+7일,35.70579394,128.1684717,40.0,농산물+수산물+가공식품+의류+신발+가정용품+음식점,1939.0,,,,,,
MKT001181,삼가시장,상설장,경상남도 합천군 삼가면 일부5길 1,경상남도 합천군 삼가면 일부리 921-1,2일+7일,35.41281571,128.1222817,92.0,농산물+축산물+수산물+가공식품+의류+신발+가정용품+음식점,1956.0,,,,,,
MKT001182,가야시장,5일장,경상남도 합천군 가야면 가야시장로 63-15,경상남도 합천군 가야면 황산리 17-1,5일+10일,35.76024553,128.1383747,48.0,농산물+축산물+수산물+가공식품+의류+신발+가정용품+음식점,1942.0,,,,,,
MKT001183,지리산함양시장,상설장,경상남도 함양군 함양읍 용평 중앙길 20,경상남도 함양군 함양읍 용평리 607-104,2일+7일,35.51860419,127.7289883,127.0,농산물+축산물+수산물+가공식품+의류+신발+가정용품+음식점,1983.0,055-963-2461,,,,,
MKT001184,안의시장,5일장,경상남도 함양군 안의면 약초시장길 25-10,경상남도 함양군 안의면 석천리 243,5일+10일,35.62629354,127.8140359,10.0,농산물+수산물+가공식품+의류+신발+가정용품,1997.0,,,,,,
MKT001185,함양토종약초시장,상설장,경상남도 함양군 안의면 약초시장길 27,경상남도 함양군 안의면 이전리 15,매일,35.62596226,127.8137124,22.0,농산물,2006.0,,,,,,
MKT001186,칠원공설시장,3일장,경상남도 함안군 칠원읍 서남3길 14 (시골막창전문),경상남도 함안군 칠원읍 구성리 734-7,3일+8일,35.30564997,128.5195218,36.0,농산물+축산물+수산물+가공식품+의류+신발+가정용품+음식점,1965.0,,,,,,
MKT001187,대산공설시장,상설장,경상남도 함안군 대산면 대산중앙로 219,경상남도 함안군 대산면 구혜리 221-3,1일+6일,35.35283551,128.4281217,24.0,농산물+축산물+수산물+가공식품+의류+신발+가정용품+음식점,1980.0,,,,,,
MKT001188,군북공설시장,4일장,경상남도 함안군 군북면 중암8길 27,경상남도 함안군 군북면 중암리 66-50,4일+9일,35.26104644,128.3469542,19.0,농산물+축산물+수산물+가공식품+의류+신발+가정용품,1965.0,,,,,,
MKT001189,가야상설시장(가야시장),상설장+5일장,경상남도 함안군 가야읍 가야8길8,경상남도 함안군 가야읍 말산리 470-1,5일+10일,35.27725861,128.4064722,89.0,농산물+축산물+수산물+가공식품+신발+가정용품+음식점,1965.0,,,,,,
MKT001190,횡천공설시장(횡천시장),상설장+5일장,경상남도 하동군 횡천면 문화2길 24,경상남도 하동군 횡천면 횡천리 507-2,5일+10일,35.10921398,127.8107034,18.0,농산물+가공식품+가정용품+음식점+근린생활서비스,1965.0,,,,,,
MKT001191,화개장터,상설장,경상남도 하동군 화개면 쌍계로 21,경상남도 하동군 화개면 탑리 726-10,매일,35.18862637,127.6242177,74.0,농산물+가공식품+음식점+근린생활서비스,2000.0,055-883-5722,,,,,
MKT001192,자갈치시장,상설장,부산광역시 중구 자갈치해안로 52,부산광역시 중구 남포동4가 37-1,매일,35.09662907,129.030569,227.0,수산물+가공식품+음식점,1970.0,051-231-2263,,,,,
MKT001193,형곡시장프라자,상설장,경상북도 구미시 형곡서로 121,경상북도 구미시 형곡동 147-1,매일,36.11287628,128.3343324,98.0,가공식품+의류+신발+가정용품+근린생활서비스,1992.0,054-452-9662,,,,,
MKT001194,해평공설시장,4일장,경상북도 구미시 해평면 해평시장3길,,4일+9일,36.1950105027002,128.391003463371,86.0,농산물+가공식품+의류+가정용품+음식점,1959.0,,,Kakao_주소검색,경상북도 구미시 해평면 해평시장3길,,
MKT001195,장천시장,상설장+5일장,경상북도 구미시 장천면 상장5길 4,경상북도 구미시 장천면 상장리 918,5일+10일,36.12569593,128.4934096,48.0,농산물+의류+가정용품+음식점,1959.0,,,,,,
MKT001196,가락타운상가시장,상설장,부산광역시 사하구 하신번영로 233,부산광역시 사하구 하단동 1175,매일,35.10107699,128.9579668,128.0,농산물+축산물+수산물+가공식품+의류+가정용품+음식점,1992.0,051-205-9867,,,,,
MKT001197,봉덕신시장,상설장,대구광역시 남구 봉덕로 115,대구광역시 남구 봉덕동 953-31,매일,35.84510487,128.6033943,219.0,농산물+축산물+수산물+가공식품+의류+신발+가정용품+음식점,2006.0,053-473-4731,,,,,
MKT001198,구미종합상가,상설장,경상북도 구미시 구미중앙로9길 14-6,경상북도 구미시 원평동 119-15,매일,36.13051882,128.3304432,57.0,축산물+수산물+가공식품+의류+신발+가정용품+음식점,1985.0,,,,,,
MKT001199,현대유통쇼핑센타,상설장,경상북도 구미시 구미중앙로 61-6,경상북도 구미시 원평동 119-2,매일,36.13004562,128.3300464,74.0,의류+신발+가정용품+음식점,1985.0,,,,,,
MKT001200,금오시장,상설장,경상북도 구미시 금오시장로13,경상북도 구미시 원평동 1028-2,매일,36.12611615,128.3406025,119.0,음식점+근린생활서비스,1985.0,054-456-7321,,,,,
MKT001201,화정동서부시장,상설장,광주광역시 서구 화운로156번길 24-1,광주광역시 서구 화정동 783-5,매일,35.15303898,126.8792883,120.0,농산물+축산물+수산물+가공식품+의류+신발+가정용품+음식점,2012.0,062-369-3338,,,,,
MKT001202,영주공설시장,상설장,경상북도 영주시 구성로 330번길 30,경상북도 영주시 하망동 362-4,매일,36.82255263,128.6263234,83.0,농산물+축산물+가공식품+음식점,2006.0,054-635-9876,,,,,
MKT001203,선산봉황시장,상설장,경상북도 구미시 선산읍 단계동길 24,경상북도 구미시 선산읍 완전리 253,2일+7일,36.23951857,128.300921,314.0,농산물+축산물+수산물+가공식품+의류+신발+가정용품+음식점,1994.0,054-482-0213,,,,,
MKT001204,구미파크시장,상설장,경상북도 구미시 송동로 154,경상북도 구미시 도량동 77,매일,36.14936268,128.3254726,38.0,축산물+가공식품+의류+가정용품+음식점,1994.0,054-442-7663,,,,,
MKT001205,구미공단종합시장,상설장,경상북도 구미시 수출대로3길107,경상북도 구미시 공단동 107,매일,36.12063838,128.3715387,42.0,가공식품+의류+가정용품+음식점,1983.0,,,,,,
MKT001206,제일시장상가,상설장,경상북도 구미시 1공단로 192,경상북도 구미시 공단동 264-18,매일,36.10172307,128.3841129,45.0,음식점+근린생활서비스,1987.0,,,,,,
MKT001207,고령대가야시장,상설장+4일장,경상북도 고령군 대가야읍 시장3길29,경상북도 고령군 대가야읍 지산리 222-2,4일+9일,35.72731251,128.2666754,80.0,농산물+수산물+음식점,1983.0,054-954-5445,,,,,
MKT001208,외동시장,3일장,경상북도 경주시 외동읍 입실시장길 8-6,경상북도 경주시 외동읍 입실리 1018-7,3일+8일,35.71460009,129.3257089,45.0,농산물+축산물+수산물+가공식품+의류+신발+가정용품+음식점,1916.0,,,,,,
MKT001209,산내시장,3일장,경상북도 경주시 산내면 의곡중앙길 27,경상북도 경주시 산내면 의곡리 155-10,3일+8일,35.75781767,129.0464768,5.0,농산물+축산물+수산물+가공식품+의류+신발+음식점,1960.0,,,,,,
MKT001210,북정로중심상가시장,상설장,경상북도 경주시 북정로 15,경상북도 경주시 황오동 242-4,매일,35.84229272,129.2151854,130.0,가공식품+의류+신발+가정용품+음식점,1960.0,,,,,,
MKT001211,경주중심상가시장,상설장,경상북도 경주시 태종로 791번길16,경상북도 경주시 황오동 234-1,매일,35.84225687,129.2146864,494.0,가공식품+의류+신발+가정용품+음식점+근린생활서비스,2008.0,054-774-5689,,,,,
MKT001212,선비골전통시장,상설장,경상북도 영주시 중앙로 83번길40,경상북도 영주시 영주동 373-5,매일,36.82425135,128.6231913,88.0,농산물+축산물+수산물,2009.0,054-634-7668,,,,,
MKT001213,양남시장,4일장,경상북도 경주시 양남면 하서중앙길 56-28,경상북도 경주시 양남면 하서리 1466-2,4일+9일,35.67538063,129.4636531,68.0,농산물+수산물+가공식품+음식점,1943.0,054-774-3007,,,,,
MKT001214,불국사상가시장,상설장,경상북도 경주시 진현로1길 59-5,경상북도 경주시 진현동 66-5,매일,35.78599622,129.3278545,53.0,농산물+축산물+수산물+가공식품+의류+신발+가정용품+음식점,1974.0,054-746-6666,,,,,
MKT001215,양북시장,상설장+5일장,경상북도 경주시 문무대왕면 감은로 53-30,경상북도 경주시 문무대왕면 어일리 1295-556,5일+10일,35.79041062,129.4412131,37.0,농산물+수산물+가공식품,1942.0,054-776-0707,,,,,
MKT001216,용상공설시장,상설장,경상북도 안동시 경동로 862,경상북도 안동시 용상동 1242,매일,36.55947454,128.7501611,69.0,농산물+축산물+수산물+가공식품+의류+신발+가정용품+음식점,1976.0,054-821-0640,,,,,
MKT001217,경주성동공설시장,상설장,경상북도 경주시 원화로 281번길 11-11,경상북도 경주시 성동동 57-38,매일,35.84554327,129.2162829,587.0,농산물+축산물+수산물+가공식품+의류+신발+가정용품+음식점,1971.0,054-772-4226,,,,,
MKT001218,연서시장,상설장,서울특별시 은평구 연서로 247,서울특별시 은평구 불광동 310-211,매일,37.6196977,126.9221717,91.0,농산물+축산물+수산물+가공식품+의류+신발+가정용품+음식점,1963.0,02-355-1272,,,,,
MKT001219,돈암시장,상설장,서울특별시 성북구 동소문로18길 18 (돈암제일시장 고객편의센터),서울특별시 성북구 동소문동5가 59-2,매일,37.59153032,127.0159199,109.0,농산물+수산물+가공식품+음식점,1952.0,,,,,,
MKT001220,공릉동도깨비시장,상설장,서울특별시 노원구 동일로180길 37,서울특별시 노원구 공릉동 566-20,매일,37.62269001,127.0762455,109.0,농산물+축산물+수산물+가공식품+의류+신발+가정용품+음식점,1977.0,02-976-4143,,,,,
MKT001221,성주시장,상설장,경상북도 성주군 성주읍 시장길 43-1,경상북도 성주군 성주읍 경산리 718,2일+7일,35.9150289,128.2854812,44.0,농산물+축산물+수산물+가공식품+의류+신발+가정용품+음식점,1887.0,054-930-6703,,,,,
MKT001222,화령시장,상설장+3일장,경상북도 상주시 화서면 화령남6길 7,경상북도 상주시 화서면 신봉리 134-10,3일+8일,36.44479866,127.9506906,50.0,농산물+축산물+수산물+가공식품+의류+신발+가정용품+음식점,1965.0,,,,,,
MKT001223,함창시장,상설장,경상북도 상주시 함창읍 함창시장길4514,경상북도 상주시 함창읍 구향리 122,1일+6일,36.5672512288245,128.179510813418,80.0,농산물+축산물+수산물+가공식품+신발+가정용품+음식점,1951.0,,,Kakao_시장명검색,함창시장,함창시장,경북 상주시 함창읍 함창시장1길 45-14
MKT001224,은척시장,상설장+4일장,경상북도 상주시 은척면 봉중1길 16-1,경상북도 상주시 은척면 봉중리 383-12,4일+9일,36.53266616,128.0729497,35.0,농산물+축산물+가공식품+의류+신발+가정용품+음식점,1968.0,,,,,,
MKT001225,남성시장,상설장,경상북도 상주시 남성4길 43,경상북도 상주시 남성동 2-8,2일+7일,36.41440724,128.1621176,132.0,농산물+축산물+수산물+가공식품+의류+신발+가정용품+음식점,2019.0,,,,,,
MKT001226,풍물시장,상설장,경상북도 상주시 풍물시장길16,경상북도 상주시 남성동 113-28,2일+7일,36.41285383,128.1606228,55.0,농산물+축산물+수산물+가공식품+의류+신발+가정용품+음식점,2013.0,,,,,,
MKT001227,상주중앙시장,상설장,경상북도 상주시 남성로35,경상북도 상주시 남성동 85-10,2일+7일,36.41319426,128.1608286,125.0,농산물+축산물+수산물+가공식품+의류+가정용품+음식점,1987.0,054-535-7443,sjsijang.co.kr,,,,
MKT001228,억지춘양시장,상설장+4일장,경상북도 봉화군 춘양면 의양로 60,경상북도 봉화군 춘양면 의양리 357-29,4일+9일,36.93634466,128.913044,133.0,농산물+축산물+수산물+가공식품+의류+신발+가정용품+음식점,1971.0,054-674-3080,,,,,
MKT001229,봉화내성시장,상설장,경상북도 봉화군 봉화읍 내성로5길 13,경상북도 봉화군 봉화읍 내성리 192-1,2일+7일,36.88898151,128.7394689,81.0,농산물+축산물+가공식품+신발+가정용품+음식점,1980.0,054-672-4800,,,,,
MKT001230,봉화상설시장,상설장,,경상북도 봉화군 봉화읍 내성리 419-20,2일+7일,36.89035721,128.7349285,136.0,농산물+축산물+수산물+가공식품+의류+신발+가정용품+음식점,1980.0,054-673-5945,,,,,
MKT001231,문경중앙시장,상설장,경상북도 문경시 신흥시장길 19,경상북도 문경시 흥덕동 794-1,매일,36.60138925,128.2041632,193.0,농산물+축산물+수산물+가공식품+의류+신발+가정용품+음식점,1954.0,054-552-1123,,,,,
MKT001232,점촌전통시장 (구 신흥시장),상설장+3일장,경상북도 문경시 신흥시장길 19,경상북도 문경시 흥덕동 794-1,3일+8일,36.60138925,128.2041632,100.0,농산물+축산물+수산물+가공식품+의류+신발+가정용품+음식점,1997.0,054-553-2227,,,,,
MKT001233,(유)문경시중앙시장,상설장,경상북도 문경시 중앙로 87,경상북도 문경시 점촌동 197-14,매일,36.59353126,128.1973386,43.0,농산물+축산물+수산물+가공식품+의류+신발+가정용품+음식점,1997.0,,,,,,
MKT001234,문경전통시장,상설장,경상북도 문경시 문경읍 문희로 41-15,경상북도 문경시 문경읍 하리 88-2,2일+7일,36.73558209,128.1074832,66.0,농산물+축산물+수산물+가공식품+가정용품+음식점,1965.0,,,,,,
MKT001235,가은아자개시장,상설장+4일장,경상북도 문경시 가은읍 가은5길 7,경상북도 문경시 가은읍 왕능리 275-26,4일+9일,36.64660911,128.0609864,91.0,농산물+축산물+수산물+가공식품+의류+신발+가정용품+음식점,1981.0,054-552-1123,,,,,
MKT001236,암사종합시장,상설장,서울특별시 강동구 상암로11길 25,서울특별시 강동구 암사동 501-17,매일,37.55085327,127.1288173,107.0,농산물+축산물+수산물+가공식품+의류+신발+가정용품+음식점,1978.0,02-442-1040,,,,,
MKT001237,평화시장,상설장+5일장,경상북도 김천시 김천로100,경상북도 김천시 평화동 259-1,5일+10일,36.12364342,128.1130862,99.0,농산물+축산물+수산물+가공식품+의류+신발+가정용품+음식점,1977.0,054-431-2155,,,,,
MKT001238,부곡시장,상설장,경상북도 김천시 부곡시장2길 16,경상북도 김천시 부곡동 409-1,매일,36.12583421,128.1042196,19.0,수산물+가공식품+음식점+근린생활서비스,1980.0,,,,,,
MKT001239,중앙시장,상설장,경상북도 김천시 중앙시장4길 10,경상북도 김천시 모암동 157-2,매일,36.11902271,128.125383,61.0,의류+신발+가정용품+음식점+근린생활서비스,1953.0,,,,,,
MKT001240,의흥시장,5일장,대구광역시 군위군 의흥면 읍내5길 7,대구광역시 군위군 의흥면 읍내리 594-1,5일+10일,36.17425304,128.716305,20.0,농산물+축산물+수산물+가공식품+의류+신발+가정용품+음식점,1954.0,,,,,,
MKT001241,군위전통시장,상설장+3일장,대구광역시 군위군 군위읍 중앙6길 4,대구광역시 군위군 군위읍 서부리 18-1,3일+8일,36.23975138,128.5679239,49.0,농산물+축산물+수산물+가공식품+의류+신발+가정용품+음식점,1954.0,054-383-0400,,,,,
MKT001242,인동시장,상설장,경상북도 구미시 인동중앙로5길 16-3,경상북도 구미시 황상동 307-7,2일+7일,36.10819473,128.4209289,122.0,농산물+축산물+수산물+가공식품+의류+신발+가정용품+음식점,1989.0,054-471-0477,,,,,
MKT001243,예천상설시장,상설장,경상북도 예천군 예천읍 상설시장2길 3-1,경상북도 예천군 예천읍 동본리 553,2일+7일,36.65598537,128.4561501,72.0,농산물+축산물+수산물+가공식품+의류+신발+가정용품+음식점,1955.0,054-654-3751,,,,,
MKT001244,예천맛고을시장,상설장,경상북도 예천군 예천읍 맛고을길 57,경상북도 예천군 예천읍 노하리 74-16,매일,36.65689278,128.4548923,103.0,의류+음식점,2014.0,,,,,,
MKT001245,영천공설시장,상설장,경상북도 영천시 시장4길 52,경상북도 영천시 완산동 982-3,2일+7일,35.96425248,128.9385821,185.0,농산물+축산물+수산물+가공식품+의류+신발+가정용품+음식점,1955.0,054-331-1772,,,,,
MKT001246,신녕공설시장,상설장+3일장,경상북도 영천시 신녕면 본관시장길3,경상북도 영천시 신녕면 화성리 866-1,3일+8일,36.04209299,128.7874777,52.0,농산물+축산물+수산물+가공식품+의류+신발+가정용품+음식점,1958.0,,,,,,
MKT001247,금호공설시장,상설장+3일장,경상북도 영천시 금호읍 금호로 101,경상북도 영천시 금호읍 교대리 167-35,3일+8일,35.93166906,128.8733589,45.0,농산물+축산물+수산물+가공식품+의류+신발+가정용품+음식점,1955.0,,,,,,
MKT001248,교동시장,상설장,전라남도 여수시 교동시장1길 17-6,전라남도 여수시 교동 605-3,매일,34.73896529,127.730219,92.0,농산물+축산물+수산물+가공식품+음식점,1965.0,061-666-3778,,,,,
MKT001249,인천축산물시장,상설장,인천광역시 서구 가좌로 96번길 35,인천광역시 서구 가좌동 480-19,매일,37.47899257,126.6884579,105.0,축산물+음식점+근린생활서비스,1982.0,032-575-5511,http://www.icnmeat.co.kr/,,,,
MKT001250,정서진중앙시장,상설장,인천광역시 서구 원창로239번길 11,인천광역시 서구 가정동 509-17,매일,37.51857454,126.675941,116.0,농산물+축산물+수산물+가공식품+의류+신발+가정용품+음식점+근린생활서비스,1989.0,032-575-5002,http://jeong.aforce.co.kr/,,,,
MKT001251,십정종합시장(열우물전통시장),상설장,인천광역시 부평구 배곶남로 21번길 18,인천광역시 부평구 십정동 321,매일,37.47340163,126.6955036,64.0,농산물+축산물+수산물+가공식품+의류+신발+가정용품+음식점,1985.0,032-421-6358,,,,,
MKT001252,풍기토종인삼시장,상설장,경상북도 영주시 풍기읍 인삼로 40,경상북도 영주시 풍기읍 성내리 148,매일,36.87026011,128.5224189,44.0,농산물+가공식품,2009.0,054-633-2379,,,,,
MKT001253,풍기선비골인삼시장,상설장,경상북도 영주시 풍기읍 소백로 2156,경상북도 영주시 풍기읍 산법리 446-4,매일,36.88850301,128.5406893,67.0,농산물,2019.0,054-636-3450,,,,,
MKT001254,풍기중앙시장,상설장,경상북도 영주시 풍기읍 동성로 73,경상북도 영주시 풍기읍 성내리 1-4,매일,36.8706025,128.5281959,60.0,농산물+축산물+수산물+가공식품+의류+신발+가정용품+음식점,2006.0,,,,,,
MKT001255,영주문화시장,상설장,경상북도 영주시 중앙로 83번길 32,경상북도 영주시 영주동 376-1,매일,36.8239126,128.6235074,183.0,의류+신발+가정용품+음식점,2010.0,054-633-0918,,,,,
MKT001256,소래포구전통어시장,상설장,인천광역시 남동구 장도로 86-17,인천광역시 남동구 논현동 111-168,매일,37.3974554,126.738637,338.0,수산물,1974.0,032-446-7536,,,,,
MKT001257,작전시장,상설장,인천광역시 계양구 봉오대로677번길 20,인천광역시 계양구 작전동 862,매일,37.53248265,126.7243153,126.0,농산물+축산물+수산물+가공식품+의류+신발+가정용품+음식점,1983.0,032-544-5773,,,,,
MKT001258,영주골목시장,상설장,경상북도 영주시 구성로360번길 19,경상북도 영주시 영주동 315-6,매일,36.82449267,128.6229875,60.0,농산물+의류+음식점,2006.0,054-637-0078,,,,,
MKT001259,계양산전통시장,상설장,인천광역시 계양구 병방시장로 69,인천광역시 계양구 병방동 383,매일,37.54803218,126.7394444,96.0,농산물+축산물+수산물+가공식품+의류+신발+가정용품+음식점+근린생활서비스,1980.0,032-545-7780,https://blog.naver.com/gyeyangmarket,,,,
MKT001260,영양시장,상설장+4일장,경상북도 영양군 영양로 영양읍 시장5길 4,경상북도 영양군 영양로 영양읍 서부리 288-3,4일+9일,36.6645934069779,129.115825465769,85.0,농산물+축산물+수산물+가공식품+의류+신발+가정용품+음식점,1918.0,054-683-1058,,Kakao_시장명검색,영양시장,영양재래시장,경북 영양군 영양읍 시장5길 4
MKT001261,영해만세시장,상설장+5일장,경상북도 영덕군 영해면 예주시장5길 21,경상북도 영덕군 영해면 성내리 468-1,5일+10일,36.54088955,129.4071791,171.0,농산물+축산물+가공식품+의류+신발+가정용품+음식점,1965.0,054-733-2065,,,,,
MKT001262,남정시장,상설장,경상북도 영덕군 남정면 진불1길 31-3,경상북도 영덕군 남정면 장사리 365-1,2일+7일,36.28554787,129.3728791,20.0,농산물+수산물+가공식품,1986.0,,,,,,
MKT001263,강구시장,상설장+3일장,경상북도 영덕군 강구면 강구시장1길 8-2,경상북도 영덕군 강구면 오포리 535-5,3일+8일,36.35834827,129.3795018,57.0,농산물+축산물+수산물+가공식품+의류+신발+가정용품+음식점,1919.0,,,,,,
MKT001264,구담공설시장,4일장,경상북도 안동시 풍천면 섬마길 7-9,경상북도 안동시 풍천면 구담리 494-19,4일+9일,36.54171762,128.4647059,63.0,농산물+축산물+수산물+가공식품+의류+신발+가정용품+음식점,1962.0,,,,,,
MKT001265,계산시장,상설장,인천광역시 계양구 계산 시장길 10-18,인천광역시 계양구 계산동 960-27,매일,37.53927741,126.7248447,112.0,농산물+축산물+수산물+가공식품+의류+신발+가정용품+음식점+근린생활서비스,1977.0,032-541-8778,,,,,
MKT001266,안동서부시장,상설장,경상북도 안동시 대안로 22,경상북도 안동시 태화동 60-12,2일+7일,36.56527506,128.7149733,113.0,농산물+축산물+수산물+가공식품+의류+신발+가정용품+음식점,1980.0,054-842-4554,,,,,
MKT001267,북문시장,상설장,경상북도 안동시 북문옥정길 25,경상북도 안동시 율세동 409,2일+7일,36.56851589,128.7326157,71.0,농산물+축산물+수산물+가공식품+의류+신발+가정용품+음식점,1970.0,,,,,,
MKT001268,전주중앙상가,상설장,전북특별차치도 전주시 완산구 태평3길 70,전북특별차치도 전주시 완산구 태평동 36-1,매일,35.82522103,127.1424489,375.0,의류+신발+근린생활서비스,1990.0,063-253-6535,,,,,
MKT001269,화목시장,상설장,경상북도 청송군 현서면 구산북로57-1,경상북도 청송군 현서면 구산리 100-14,1일+6일,36.27534895,128.89736,14.0,농산물+수산물+의류+신발+가정용품,1940.0,,,,,,
MKT001270,도평시장,상설장+5일장,경상북도 청송군 현동면 도평2길 21,경상북도 청송군 현동면 도평리 839-103,5일+10일,36.290109,129.0170773,14.0,농산물+수산물+가공식품+의류+신발+가정용품,1921.0,,,,,,
MKT001271,청송시장,상설장+4일장,경상북도 청송군 청송읍 현충로 106,경상북도 청송군 청송읍 월막리 423-1,4일+9일,36.43514221,129.0521134,7.0,농산물+축산물+수산물+가공식품+의류+신발+가정용품+음식점,1920.0,054-873-2212,,,,,
MKT001272,진보시장,상설장+3일장,경상북도 청송군 진보면 진안남2길 9-1,경상북도 청송군 진보면 진안리 121-3,3일+8일,36.52833051,129.0464125,72.0,농산물+축산물+수산물+가공식품+의류+신발+가정용품+음식점,1910.0,054-872-5915,,,,,
MKT001273,안덕시장,상설장+4일장,경상북도 청송군 안덕면 명당2길,,4일+9일,36.2883466483015,128.958884920945,5.0,농산물+수산물+신발,1940.0,,,Kakao_주소검색,경상북도 청송군 안덕면 명당2길,,
MKT001274,부남시장,3일장,경상북도 청송군 부남면 대전로142,경상북도 청송군 부남면 대전리 64-16,3일+8일,36.34650543,129.0644413,53.0,농산물+수산물+가공식품+의류+신발+가정용품+음식점,1921.0,,,,,,
MKT001275,풍각공설시장,상설장,경상북도 청도군 풍각면 송서7길 5,경상북도 청도군 풍각면 송서리 562-1,1일+6일,35.64090247,128.6186232,60.0,농산물+축산물+수산물+가공식품+의류+신발+가정용품+음식점,1925.0,054-373-5158,,,,,
MKT001276,군산공설시장,상설장,전북특별차치도 군산시 신금길 18,전북특별차치도 군산시 신영동 18-1,매일,35.98316656,126.7203241,276.0,농산물+축산물+수산물+가공식품+의류+신발+가정용품+음식점,1918.0,063-445-4929,,,,,
MKT001277,동곡공설시장,상설장,경상북도 청도군 금천면 금천로 41-2,경상북도 청도군 금천면 동곡리 776,1일+6일,35.69205739,128.8910781,41.0,농산물+축산물+수산물+가공식품+의류+신발+가정용품+음식점,1930.0,,,,,,
MKT001278,의성염매시장,상설장,경상북도 의성군 의성읍 염매시장길 5,경상북도 의성군 의성읍 후죽리 688-6,매일,36.35022877,128.6956069,35.0,농산물+축산물+수산물+가공식품+의류+신발+가정용품+음식점,1980.0,,,,,,
MKT001279,의성공설재래시장,상설장,경상북도 의성군 의성읍 전통시장 1길 12-8,경상북도 의성군 의성읍 도동리 758-4,2일+7일,36.3451135,128.699851,76.0,농산물+축산물+수산물+가공식품+의류+신발+가정용품+음식점,1946.0,,,,,,
MKT001280,안계공설시장,상설장,경상북도 의성군 안계면 안계시장길 14-11,경상북도 의성군 안계면 용기리 467-1,1일+6일,36.38442056,128.4383426,40.0,농산물+축산물+수산물+의류+신발+가정용품+음식점,1957.0,,,,,,
MKT001281,봉양시장,5일장,경상북도 의성군 봉양면 도리원6길 9-1,경상북도 의성군 봉양면 화전리 99-5,5일+10일,36.29925956,128.5815931,40.0,농산물+수산물+가공식품+의류+신발+가정용품,1921.0,,,,,,
MKT001282,함평천지전통시장,상설장,전라남도 함평군 함평읍 시장길 49,전라남도 함평군 함평읍 기각리 982,2일+7일,35.06373037,126.5234259,41.0,농산물+축산물+수산물+가공식품+의류+신발+가정용품+음식점,1903.0,061-322-1126,,,,,
MKT001283,금성시장,상설장,경상북도 의성군 금성면 탑리길56-1,경상북도 의성군 금성면 대리리 66-7,1일+6일,36.25617739,128.6814114,70.0,농산물+축산물+수산물+가공식품+신발+가정용품+음식점,1961.0,,,,,,
MKT001284,후포시장,상설장+3일장,경상북도 울진군 후포면 울진대게로21,경상북도 울진군 후포면 삼율리 126,3일+8일,36.67787465,129.4442245,74.0,농산물+수산물+가공식품+가정용품+음식점,1965.0,,,,,,
MKT001285,평해시장,상설장,경상북도 울진군 평해읍 평해6길12,경상북도 울진군 평해읍 평해리 879-3,2일+7일,36.72694696,129.4424335,24.0,농산물+가공식품+음식점,1965.0,,,,,,
MKT001286,죽변시장,상설장+3일장,경상북도 울진군 죽변면 죽변중앙로 168-14,경상북도 울진군 죽변면 죽변리 36-8,3일+8일,37.05897952,129.4222545,35.0,농산물+가공식품+의류+음식점,1965.0,,,,,,
MKT001287,울진바지게시장,상설장,경상북도 울진군 울진읍 읍내1길 18 (울진시장),경상북도 울진군 울진읍 읍내리 60-49,2일+7일,36.99192061,129.4022797,203.0,농산물+축산물+수산물+가공식품+의류+신발+가정용품+음식점,2008.0,054-783-2988,,,,,
MKT001288,흥부시장,상설장,경상북도 울진군 북면 장터길 110-6,경상북도 울진군 북면 부구리 135,1일+6일,37.10360525,129.3753791,20.0,가공식품+음식점,1965.0,,,,,,
MKT001289,매화시장,3일장,경상북도 울진군 매화면 매화2길 36-14,경상북도 울진군 매화면 매화리 1180-1,3일+8일,36.90980624,129.3799227,16.0,농산물+가공식품,1965.0,,,,,,
MKT001290,척산시장,상설장,경상북도 울진군 기성면 척산길 51-25,경상북도 울진군 기성면 척산리 211-14,1일+6일,36.79693438,129.4512978,17.0,농산물+수산물+가공식품+음식점,1965.0,,,,,,
MKT001291,풍양시장,3일장,경상북도 예천군 풍양면 낙상2길 37-13,경상북도 예천군 풍양면 낙상리 157-7,3일+8일,36.50926978,128.2998047,32.0,농산물+축산물+수산물+가공식품+신발+가정용품+음식점,1928.0,,,,,,
MKT001292,용궁시장,상설장+4일장,경상북도 예천군 용궁면 용궁시장길 9,경상북도 예천군 용궁면 읍부리 329-1,4일+9일,36.60702184,128.2753688,9.0,농산물+수산물+가공식품+음식점,1915.0,,,,,,
MKT001293,예천중앙시장,상설장,경상북도 예천군 예천읍 시장로127,경상북도 예천군 예천읍 동본리 497-1,2일+7일,36.6574335,128.4578325,63.0,농산물+축산물+수산물+가공식품+가정용품+음식점,2011.0,,,,,,
MKT001294,죽도시장,상설장,경상북도 포항시 북구 죽도시장13길 13,경상북도 포항시 북구 죽도동 1-22,매일,36.03641447,129.3681411,460.0,농산물+축산물+수산물+가공식품+의류+신발+가정용품+음식점,1971.0,054-247-3776,,,,,
MKT001295,장량성도시장,상설장,경상북도 포항시 북구 용두산길 54,경상북도 포항시 북구 두호동 1079,매일,36.06827244,129.3813701,58.0,농산물+축산물+수산물+가공식품+의류+신발+가정용품+음식점,1993.0,,,,,,
MKT001296,양학시장,상설장,경상북도 포항시 북구 양학로 40,경상북도 포항시 북구 학잠동 83,매일,36.02727113,129.3497432,52.0,농산물+축산물+수산물+가공식품+신발+음식점,1981.0,,,,,,
MKT001297,영일대북부시장,상설장,경상북도 포항시 북구 대신로26번길 10-1,경상북도 포항시 북구 대신동 64-5,매일,36.04629733,129.3691029,150.0,농산물+축산물+수산물+가공식품,1965.0,,,,,,
MKT001298,두호1시장,상설장,경상북도 포항시 북구 창흥로 11,경상북도 포항시 북구 창포동 630,매일,36.06172603,129.3693658,31.0,농산물+축산물+수산물+가공식품+의류+신발+가정용품+음식점,1991.0,,,,,,
MKT001299,그린종합시장,상설장,경상북도 포항시 북구 용두산길 39,경상북도 포항시 북구 장성동 1352-1,매일,36.06728944,129.3809631,28.0,농산물+가공식품+의류+신발+가정용품+음식점,1996.0,,,,,,
MKT001300,환호그린빌시장,상설장,경상북도 포항시 북구 환호공원길 15,경상북도 포항시 북구 환호동 377-5,매일,36.06813183,129.3911427,24.0,농산물+의류+신발+음식점,1986.0,,,,,,
MKT001301,한라종합시장,상설장,경상북도 포항시 북구 대안길 57,경상북도 포항시 북구 용흥동 357-1,매일,36.04122465,129.3512673,24.0,농산물+축산물+수산물+가공식품,2011.0,,,,,,
MKT001302,죽도어시장,상설장,경상북도 포항시 북구 죽도시장길32,경상북도 포항시 북구 죽도동 574-4,매일,36.03513455,129.3690789,100.0,수산물,1971.0,,,,,,
MKT001303,중앙상가,상설장,경상북도 포항시 북구 중앙상가길64,경상북도 포항시 북구 상원동 468-23,매일,36.04016574,129.3661568,1348.0,의류+신발+음식점,2007.0,054-231-8788,,,,,
MKT001304,흥해시장,상설장,경상북도 포항시 북구 흥해읍 한동로 61-13,경상북도 포항시 북구 흥해읍 성내리 61-2,2일+7일,36.11061401,129.3482939,130.0,농산물+축산물+수산물+가공식품+의류+신발+가정용품+음식점,1965.0,054-261-2611,,,,,
MKT001305,기계시장,상설장,경상북도 포항시 북구 기계면 새마을발상지길 7,경상북도 포항시 북구 기계면 현내리 639,2일+7일,36.06996359,129.2045078,8.0,농산물+음식점,1923.0,,,,,,
MKT001306,해도5(형산)시장,상설장,경상북도 포항시 남구 문예로 70번길23,경상북도 포항시 남구 대도동 143-1,매일,36.01270248,129.3664934,35.0,농산물+축산물+수산물+가공식품+의류+신발+가정용품+음식점,1990.0,,,,,,
MKT001307,상대종합시장,상설장,경상북도 포항시 남구 양학천로 76번길13,경상북도 포항시 남구 상도동 1-12,매일,36.01993112,129.3611077,35.0,농산물+축산물+수산물+가공식품+의류+신발+가정용품+음식점,1986.0,,,,,,
MKT001308,남부시장,상설장,경상북도 포항시 남구 상공로43,경상북도 포항시 남구 상도동 629,매일,36.01262132,129.3561505,46.0,농산물+축산물+수산물+가공식품+의류+신발+가정용품+음식점,1987.0,,,,,,
MKT001309,포항큰동해시장,상설장,경상북도 포항시 남구 중앙로146번길 30,경상북도 포항시 남구 해도동 435-23,매일,36.02655548,129.3709848,116.0,농산물+축산물+수산물+가공식품+의류+신발+가정용품+음식점,1980.0,054-277-2229,,,,,
MKT001310,영남시장,상설장,경상북도 포항시 남구 동해면 일월로152,경상북도 포항시 남구 동해면 약전리 436-3,매일,35.9879517,129.4496824,41.0,농산물+축산물+수산물+가공식품+의류+신발+가정용품+음식점,1990.0,,,,,,
MKT001311,대해불빛시장,상설장,경상북도 포항시 남구 중앙로67번길 7,경상북도 포항시 남구 해도동 79-1,매일,36.01879903,129.3685564,97.0,농산물+축산물+수산물+가공식품+음식점,1981.0,,,,,,
MKT001312,효자시장,상설장,경상북도 포항시 남구 효자동길10번길 13,경상북도 포항시 남구 효자동 301-1,매일,36.00799585,129.3315835,235.0,농산물+축산물+가공식품+의류+음식점,1971.0,054-277-9251,,,,,
MKT001313,연일전통시장,상설장+3일장,경상북도 포항시 남구 연일읍 연일로 159번길 46,경상북도 포항시 남구 연일읍 생지리 194-1,3일+8일,35.99635173,129.3486811,147.0,농산물+축산물+수산물+가공식품+의류+신발+가정용품+음식점,1968.0,,,,,,
MKT001314,포항운하송림시장,상설장,경상북도 포항시 남구 운하로36번길 7,경상북도 포항시 남구 송도동 493-11,매일,36.02820448,129.3763138,35.0,농산물+축산물+수산물+가공식품+의류+신발+가정용품+음식점,1987.0,,,,,,
MKT001315,청림시장,상설장,경상북도 포항시 남구 청림서길 29,경상북도 포항시 남구 청림동 588-2,매일,35.99657827,129.4103564,32.0,농산물+축산물+수산물+가공식품+의류+신발+가정용품+음식점,1985.0,,,,,,
MKT001316,오천시장,상설장+5일장,경상북도 포항시 남구 오천읍 해병로 307번길 26-3,경상북도 포항시 남구 오천읍 세계리 847-5,5일+10일,35.96647172,129.4142295,105.0,농산물+수산물+음식점,1930.0,054-292-5245,,,,,
MKT001317,오천삼광시장,상설장,경상북도 포항시 남구 오천읍 정몽주로679번길 3,경상북도 포항시 남구 오천읍 구정리 35-27,매일,35.97830244,129.4123387,53.0,농산물+축산물+수산물+가공식품+의류+신발+가정용품+음식점,1988.0,,,,,,
MKT001318,구룡포시장,상설장+3일장,경상북도 포항시 남구 구룡포읍 구룡포길 72-1,경상북도 포항시 남구 구룡포읍 구룡포리 963-2,3일+8일,35.99031583,129.5540012,114.0,농산물+축산물+수산물+가공식품+의류+신발+가정용품+음식점,1937.0,,,,,,
MKT001319,서부아침시장,상설장,강원특별자치도 영월군 영월읍 중앙로 30-1,강원특별자치도 영월군 영월읍 영흥리 947-57,매일,37.18331647,128.466754,44.0,농산물+축산물+수산물+가공식품+의류+신발+가정용품+음식점,1959.0,033-372-3303,,,,,
MKT001320,양양전통시장,상설장+4일장,강원특별자치도 양양군 양양읍 남문5길 9,강원특별자치도 양양군 양양읍 남문리 57,4일+9일,38.07506326,128.6232929,68.0,농산물+축산물+수산물+가공식품+의류+신발+가정용품+음식점,1986.0,033-671-2878,,,,,
MKT001321,양구중앙시장,상설장+5일장,강원특별자치도 양구군 중앙길 68,강원특별자치도 양구군 상리 235,5일+10일,38.10410757,127.9893261,58.0,농산물+의류+음식점,1985.0,033-481-3594,,,,,
MKT001322,속초관광수산시장(구 속초중앙전통시장),상설장,강원특별자치도 속초시 중앙시장로 6길 4,강원특별자치도 속초시 중앙동 493-51,매일,38.20540516,128.5893558,350.0,농산물+축산물+수산물+가공식품+의류+신발+가정용품+음식점,1960.0,033-635-8433,,,,,
MKT001323,속초종합중앙시장,상설장,강원특별자치도 속초시 중앙로147번길 16,강원특별자치도 속초시 중앙동 471-4,매일,38.20452003,128.5901927,257.0,농산물+축산물+수산물+가공식품+의류+신발+가정용품+음식점,1990.0,033-633-3504,https://www.sokcho-central.co.kr/,,,,
MKT001324,삼척번개시장,상설장,강원특별자치도 삼척시 중앙로 14-27,강원특별자치도 삼척시 사직동 50-11,매일,37.43090173,129.178574,20.0,농산물+수산물,1927.0,,,,,,
MKT001325,도계중앙시장,상설장,강원특별자치도 삼척시 도계읍 도계로4길 20,강원특별자치도 삼척시 도계읍 도계리 390-1,매일,37.23514806,129.0451104,30.0,농산물+축산물+가공식품+의류+신발+가정용품+음식점+근린생활서비스,1963.0,,,,,,
MKT001326,도계전두시장,상설장,강원특별자치도 삼척시 도계읍 전두시장길 6-1,강원특별자치도 삼척시 도계읍 전두리 81-20,매일,37.22913383,129.0428073,61.0,농산물+축산물+수산물+가공식품+의류+음식점,1951.0,033-541-2749,,,,,
MKT001327,삼척중앙시장,상설장,강원특별자치도 삼척시 진주로 12-21,강원특별자치도 삼척시 남양동 55-4,2일+7일,37.44210346,129.1646216,282.0,농산물+축산물+수산물+가공식품+의류+신발+가정용품+음식점,1975.0,033-572-0909,,,,,
MKT001328,중동사랑시장(부천중동시장),상설장,경기도 부천시 원미구 부흥로200번길 25,경기도 부천시 원미구 중동 724,매일,37.49497098,126.764586,84.0,농산물+가공식품,1995.0,070-7377-1717,,,,,
MKT001329,동쪽바다중앙시장,상설장,강원특별자치도 동해시 중앙시장길 12,강원특별자치도 동해시 발한동 7-1,매일,37.55104769,129.1085683,210.0,농산물+축산물+수산물+가공식품+의류+신발+가정용품+음식점,1940.0,033-532-3887,,,,,
MKT001330,묵호항 자연산 수산물 판매시장,상설장,강원특별자치도 동해시 일출로 74,강원특별자치도 동해시 묵호진동 15-128,매일,37.55205496,129.1162115,70.0,수산물,2011.0,,,,,,
MKT001331,묵호시장,상설장,강원특별자치도 동해시 일출로 59-1,강원특별자치도 동해시 묵호진동 15-61,매일,37.55235235,129.1141946,125.0,수산물+가공식품+음식점,1970.0,,,,,,
MKT001332,동해남부재래시장,상설장,강원특별자치도 동해시 청운1길 29,강원특별자치도 동해시 동회동 442,매일,37.48760966,129.1035498,213.0,농산물+축산물+의류+가정용품+음식점,1995.0,033-522-2100,,,,,
MKT001333,거진전통시장,상설장,강원특별자치도 고성군 거진읍 거진시장길 13-3,강원특별자치도 고성군 거진읍 거진리 272,1일+6일,38.44748216,128.4543896,62.0,농산물+축산물+수산물+가공식품+의류+신발+가정용품+음식점+근린생활서비스,1965.0,033-681-8606,,,,,
MKT001334,간성전통시장,상설장,강원특별자치도 고성군 간성읍 간성시장3길 7-2,강원특별자치도 고성군 간성읍 신안리 311-10,2일+7일,38.37994273,128.4694508,66.0,농산물+축산물+수산물+가공식품+의류+신발+가정용품+음식점+근린생활서비스,1965.0,033-682-5462,,,,,
MKT001335,주문진좌판풍물시장,상설장,강원특별자치도 강릉시 주문진읍 해안로 1758-10,강원특별자치도 강릉시 주문진읍 주문리 312-713,매일,37.89171625,128.8293151,140.0,수산물,2021.0,033-662-9290,www.주문진좌판풍물시장.com,,,,
MKT001336,주문진종합시장,상설장,강원특별자치도 강릉시 주문진읍 구시장길 11-3,강원특별자치도 강릉시 주문진읍 주문리 321-14,매일,37.8914385,128.8269078,85.0,농산물+축산물+수산물+가공식품+의류+신발+가정용품+음식점,2006.0,033-662-2180,,,,,
MKT001337,주문진수산시장,상설장,강원특별자치도 강릉시 주문진읍 시장2길 4,강원특별자치도 강릉시 주문진읍 주문리 312-424,매일,37.89097097,128.8280009,52.0,수산물+음식점,1988.0,033-661-7302,,,,,
MKT001338,주문진건어물시장,상설장,강원특별자치도 강릉시 주문진읍 해안로1748,강원특별자치도 강릉시 주문진읍 주문리 312-708,매일,37.89114842,128.8287555,110.0,수산물+가공식품+음식점,2008.0,033-661-9599,,,,,
MKT001339,강릉서부시장,상설장,강원특별자치도 강릉시 임영로 155번길 6,강원특별자치도 강릉시 용강동 29,매일,37.75505954,128.8907988,147.0,농산물+수산물+가공식품+의류+가정용품+음식점,1977.0,033-648-9136,,,,,
MKT001340,강릉동부시장,상설장,강원특별자치도 강릉시 옥천로 48,강원특별자치도 강릉시 옥천동 223,매일,37.7600498,128.9006624,145.0,농산물+축산물+수산물+가공식품+의류+가정용품+음식점,1977.0,033-647-7999,,,,,
MKT001341,강릉성남시장,상설장,강원특별자치도 강릉시 중앙시장1길 16,강원특별자치도 강릉시 성남동 54-10,매일,37.75344795,128.8992217,143.0,농산물+축산물+수산물+가공식품+의류+신발+가정용품+음식점,2008.0,033-647-0006,,,,,
MKT001342,중앙시장,상설장,강원특별자치도 강릉시 금성로21,강원특별자치도 강릉시 성남동 50,매일,37.75401611,128.8986236,278.0,농산물+축산물+수산물+가공식품+의류+신발+가정용품+음식점,1980.0,033-648-4477,,,,,
MKT001343,덕계종합상설시장,상설장,경상남도 양산시 덕계2길 7,경상남도 양산시 덕계동 754-1,매일,35.36975442,129.1471525,175.0,농산물+축산물+수산물+가공식품+의류+신발+가정용품+음식점+근린생활서비스,1995.0,055-387-7414,,,,,
MKT001344,단계시장,4일장,경상남도 산청군 신등면 신차로 500-3,경상남도 산청군 신등면 단계리 784,4일+9일,35.37712433,128.0111488,26.0,농산물+수산물+가공식품+의류+신발+가정용품+음식점,1952.0,,,,,,
MKT001345,덕산시장,4일장,경상남도 산청군 시천면 남명로 188-5,경상남도 산청군 시천면 사리 931-3,4일+9일,35.2770275,127.8377507,30.0,농산물+축산물+수산물+가공식품+의류+신발+가정용품+음식점,1958.0,,,,,,
MKT001346,생초시장,3일장,경상남도 산청군 생초면 생초로 35-30,경상남도 산청군 생초면 어서리 259,3일+8일,35.49280603,127.8351909,23.0,농산물+수산물+가공식품+음식점,1952.0,,,,,,
MKT001347,산청시장,상설장,경상남도 산청군 산청읍 중앙로 16-1,경상남도 산청군 산청읍 산청리 250-2,1일+6일,35.41530225,127.8763044,74.0,농산물+축산물+수산물+가공식품+의류+신발+가정용품+음식점,1982.0,,,,,,
MKT001348,단성시장,5일장,경상남도 산청군 단성면 목화로 968번길 17,경상남도 산청군 단성면 성내리 178,5일+10일,35.29792788,127.9580631,44.0,농산물+수산물+가공식품+의류+신발+가정용품+음식점,1914.0,,,,,,
MKT001349,사천읍시장,상설장,경상남도 사천시 사천읍 시장1길 16,경상남도 사천시 사천읍 정의리 393-8,매일,35.08405876,128.08901,165.0,농산물+축산물+수산물+가공식품+의류+신발,1975.0,055-852-2008,,,,,
MKT001350,완사시장,상설장,경상남도 사천시 곤명면 완사2길 12,경상남도 사천시 곤명면 정곡리 842,1일+6일,35.13122005,127.9763483,41.0,농산물+음식점,1997.0,055-855-1009,,,,,
MKT001351,삼천포중앙시장,상설장+4일장,경상남도 사천시 중앙시장2길 37,경상남도 사천시 선구동 17-5,4일+9일,34.92892254,128.0767148,200.0,농산물+축산물+수산물+가공식품+의류,1967.0,055-834-8676,,,,,
MKT001352,서포시장,상설장+4일장,경상남도 사천시 서포면 자구로 473,경상남도 사천시 서포면 구평리 644-3,4일+9일,35.00686028,127.9779028,56.0,농산물+수산물+가공식품+음식점,1998.0,,,,,,
MKT001353,삼천포전통수산시장,상설장,경상남도 사천시 어시장길 46,경상남도 사천시 서동 311-112,매일,34.92717247,128.069893,166.0,농산물+수산물+가공식품,1994.0,055-833-8826,,,,,
MKT001354,삼천포용궁수산시장,상설장,경상남도 사천시 어시장길 64,경상남도 사천시 동동 485-2,매일,34.92743545,128.0717569,280.0,수산물,2013.0,055-835-2246,,,,,
MKT001355,삼천포종합시장,상설장+4일장,경상남도 사천시 동금2길 15,경상남도 사천시 동금동 88-4,4일+9일,34.93234179,128.0785407,160.0,농산물+축산물+수산물+가공식품+신발,1987.0,055-833-0662,,,,,
MKT001356,곤양종합시장,5일장,경상남도 사천시 곤양면 남산로 65,경상남도 사천시 곤양면 남문외리 48-4,5일+10일,35.05653208,127.9633461,38.0,수산물+음식점,2020.0,,,,,,
MKT001357,수산시장,상설장+3일장,경상남도 밀양시 하남읍 시서상가길 5,경상남도 밀양시 하남읍 수산리 815-18,3일+8일,35.37422786,128.7087852,67.0,농산물+축산물,1951.0,,,,,,
MKT001358,송지시장,4일장,경상남도 밀양시 삼랑진읍 외송3길 8-1,경상남도 밀양시 삼랑진읍 송지리 359-15,4일+9일,35.39686406,128.8371964,52.0,농산물+수산물+가정용품,1951.0,,,,,,
MKT001359,송백시장,5일장,경상남도 밀양시 산내면 산내로 346-1,경상남도 밀양시 산내면 송백리 1319-13,5일+10일,35.58629962,128.8817037,5.0,농산물+가공식품,1957.0,,,,,,
MKT001360,무안시장(무안임시시장),상설장,경상남도 밀양시 무안면 사명로 510,경상남도 밀양시 무안면 무안리 814-2,1일+6일,35.47019254,128.6520424,18.0,농산물,1939.0,,,,,,
MKT001361,밀양아리랑시장,상설장,경상남도 밀양시 상설시장1길11,경상남도 밀양시 내일동 583-1,2일+7일,35.49306115,128.7525542,97.0,의류,1915.0,055-354-2659,https://www.miryang.go.kr/market/web/,,,,
MKT001362,내일전통시장,상설장,경상남도 밀양시 상설시장3길 18-6,경상남도 밀양시 내일동 174-9,2일+7일,35.49332954,128.7533093,113.0,농산물+축산물+수산물+가공식품+의류+가정용품,1915.0,055-351-3132,,,,,
MKT001363,이동공설시장,상설장+5일장,경상남도 남해군 이동면 무림로 63번길 9,경상남도 남해군 이동면 무림리 1140,5일+10일,34.80113755,127.9538197,27.0,농산물+수산물,1933.0,,,,,,
MKT001364,남해전통시장,상설장,경상남도 남해군 남해읍 화전로110,경상남도 남해군 남해읍 북변리 246-1,2일+7일,34.84014878,127.89449,115.0,농산물+축산물+수산물+가공식품,1978.0,055-864-3592,,,,,
MKT001365,남면공설시장,4일장,경상남도 남해군 남면 남서대로 785-4,경상남도 남해군 남면 당항리 1381-5,4일+9일,34.770945,127.8853533,17.0,농산물+축산물+수산물+음식점,1961.0,,,,,,
MKT001366,주촌축산물시장,상설장,경상남도 김해시 주촌면 서부로1403번길 23-66,경상남도 김해시 주촌면 내삼리 1295,매일,35.22608524,128.8124154,139.0,축산물+음식점,1996.0,055-324-0494,,,,,
MKT001367,진영전통시장,상설장+4일장,경상남도 김해시 진영읍 진영산복로115번길 9,경상남도 김해시 진영읍 진영리 235-16,4일+9일,35.30231684,128.7306322,72.0,농산물+축산물+수산물+가공식품+의류+신발,1935.0,055-343-6493,,,,,
MKT001368,진례전통시장,5일장,경상남도 김해시 진례면 송현로 6,경상남도 김해시 진례면 송정리 239-3,5일+10일,35.24867545,128.7489254,,농산물+축산물+수산물+가공식품+의류+신발,1957.0,,,,,,
MKT001369,외동전통시장,상설장,경상남도 김해시 내외중앙로 33,경상남도 김해시 외동 1254-2,매일,35.2329309,128.8660031,122.0,농산물+축산물+수산물+의류+신발+가정용품+음식점,1997.0,070-8825-5222,,,,,
MKT001370,경주중앙시장,상설장,경상북도 경주시 금성로 295,경상북도 경주시 성건동 339-2,2일+7일,35.84395286,129.2067435,295.0,농산물+축산물+수산물+가공식품+의류+신발+가정용품+음식점,1983.0,054-743-3696,,,,,
MKT001371,삼방시장,상설장,경상남도 김해시 삼안로 255,경상남도 김해시 삼방동 665-8,매일,35.25078662,128.9096859,70.0,농산물+축산물+수산물+가공식품+의류+신발+가정용품+음식점,1990.0,055-336-0021,,,,,
MKT001372,김해전통시장(김해동상시장),상설장,경상남도 김해시 호계로 517번길 5-13,경상남도 김해시 동상동 877-2,매일,35.23624089,128.883862,180.0,농산물+축산물+수산물+가공식품+의류+신발+가정용품+음식점,1945.0,055-336-4070,,,,,
MKT001373,배둔시장,상설장+4일장,경상남도 고성군 회화면 배둔로31번길 5,경상남도 고성군 회화면 배둔리 826-2,4일+9일,35.05736208,128.3691501,30.0,농산물+축산물+수산물+가공식품+의류+신발+가정용품+음식점,1936.0,,,,,,
MKT001374,영오시장,상설장,경상남도 고성군 영오면 영회로 527-9,경상남도 고성군 영오면 영산리 232-1,2일+7일,35.10895031,128.2376737,28.0,농산물+수산물+가공식품+의류+신발+가정용품+음식점,1954.0,,,,,,
MKT001375,고성공룡시장,상설장,경상남도 고성군 고성읍 성내로112번길 75-8,경상남도 고성군 고성읍 성내리 212-3,매일,34.97266192,128.3233371,87.0,농산물+축산물+수산물+가공식품+의류+신발+가정용품+음식점,1910.0,055-674-0698,,,,,
MKT001376,고성시장,상설장,경상남도 고성군 고성읍 중앙로25번길57,경상남도 고성군 고성읍 서외리 1-6,1일+6일,34.97730013,128.3230514,265.0,농산물+축산물+수산물+가공식품+의류+신발+가정용품+음식점,1963.0,055-674-0698,,,,,
MKT001377,거창시장,상설장,경상남도 거창군 거창읍 중앙로 140,경상남도 거창군 거창읍 중앙리 122-9,1일+6일,35.68700298,127.9138722,299.0,농산물+축산물+수산물+가공식품+의류+신발+가정용품+음식점,1982.0,055-944-2581,www.kgcm.kr,,,,
MKT001378,거제읍내시장,상설장+3일장,경상남도 거제시 거제면 읍내로2길 28,경상남도 거제시 거제면 서상리 325-2,3일+8일,34.85055855,128.5903037,23.0,농산물+가공식품,2020.0,055-634-0239,,,,,
MKT001379,장평종합시장,상설장,경상남도 거제시 장평로37,경상남도 거제시 장평동 56-1,매일,34.89086439,128.6131111,98.0,의류,1995.0,055-637-2197,,,,,
MKT001380,거제고현시장,상설장,경상남도 거제시 거제중앙로17길 6,경상남도 거제시 고현동 104-2,매일,34.88542879,128.624008,220.0,농산물+수산물+가공식품+음식점,1980.0,055-358-2265,,,,,
MKT001381,신부시장,상설장,경상남도 거제시 장승포로 49,경상남도 거제시 장승포동 283-99,매일,34.8677231,128.7295445,49.0,농산물+가공식품+음식점,1987.0,055-682-2317,,,,,
MKT001382,옥현상가,상설장,경상남도 거제시 옥포로 250,경상남도 거제시 옥포동 1293-1,매일,34.89692237,128.6899341,77.0,근린생활서비스,1994.0,055-688-1949,,,,,
MKT001383,옥포국제시장,상설장,경상남도 거제시 옥포로19길 12-1,경상남도 거제시 옥포동 525-19,매일,34.89435922,128.6895425,107.0,농산물+수산물+가공식품,2006.0,055-687-3840,,,,,
MKT001384,옥수시장,상설장,경상남도 거제시 옥수로2길 10,경상남도 거제시 능포동 633-215,매일,34.87534685,128.7308743,53.0,농산물+의류,2006.0,,,,,,
MKT001385,옥수동새시장,상설장,경상남도 거제시 능포로134-2,경상남도 거제시 능포동 680-7,매일,34.87539656,128.7319145,34.0,농산물+가공식품+음식점,1984.0,,,,,,
MKT001386,한라프라자,상설장,경상남도 거제시 거제중앙로 1906,경상남도 거제시 고현동 961-153,매일,34.88820169,128.6235595,57.0,의류,1996.0,055-637-1195,,,,,
MKT001387,발안만세시장,상설장+5일장,경기도 화성시 향남읍 평2길 7,경기도 화성시 향남읍 평리 81-51,5일+10일,37.13145931,126.9094512,214.0,농산물+축산물+수산물+가공식품+의류+신발+가정용품+음식점+근린생활서비스,1929.0,031-352-0120,,,,,
MKT001388,조암시장,상설장+4일장,경기도 화성시 우정읍 조암남로 28,경기도 화성시 우정읍 조암리 270-7,4일+9일,37.08354443,126.818488,420.0,농산물+축산물+수산물+가공식품+의류+신발+가정용품+음식점,1929.0,031-351-8009,,,,,
MKT001389,금촌전통시장,상설장,경기도 파주시 금정 24길 18-6,경기도 파주시 금촌동 64-19,1일+6일,37.76261761,126.7738861,91.0,농산물+축산물+수산물+가공식품+의류+신발+가정용품+음식점,2006.0,031-946-0013,,,,,
MKT001390,양동쌍학시장,상설장+4일장,경기도 양평군 양동면 학둔지아래길 76,경기도 양평군 양동면 쌍학리 227-3,4일+9일,37.42017548,127.7531956,100.0,농산물+축산물+수산물+가공식품+의류+신발+가정용품+음식점,1950.0,031-773-1722,,,,,
MKT001391,남양시장,상설장,경기도 화성시 남양읍 남양시장로 61,경기도 화성시 남양읍 남양리 1165-25,1일+6일,37.20902222,126.8159971,406.0,농산물+축산물+수산물+가공식품+의류+신발+가정용품+음식점,1935.0,031-366-9100,,,,,
MKT001392,청구문화시장,상설장,경기도 성남시 분당구 내정로165번길 38,경기도 성남시 분당구 수내동 32,매일,37.37665581,127.1162348,94.0,가공식품+의류+신발+음식점+근린생활서비스,1992.0,031-711-0826,,,,,
MKT001393,역곡상상시장,상설장,경기도 부천시 원미구 부일로749번길 31,경기도 부천시 원미구 역곡동 84-7,매일,37.48757743,126.8118954,97.0,농산물+축산물+수산물+가공식품+의류,1984.0,032-343-8562,,,,,
